Transaction_ID,Customer_ID,Account_ID,Transaction_Date,Transaction_Amount,Transaction_Type,Merchant_ID,Location_ID,Device_ID,Payment_Method,Status,Fraud_Flag
TXN00001,CUST0347,ACC0347,2024-09-27,7415.01,Debit,MERCH025,LOC009,DEV011,Card,Success,0
TXN00002,CUST0217,ACC0217,2023-03-22,49414.58,Debit,MERCH034,LOC021,DEV187,Card,Success,0
TXN00003,CUST0469,ACC0469,2023-03-10,4397.02,Credit,MERCH067,LOC030,DEV004,NetBanking,Success,0
TXN00004,CUST0403,ACC0403,2024-12-18,31171.74,Credit,MERCH019,LOC037,DEV151,NetBanking,Success,0
TXN00005,CUST0299,ACC0299,2023-04-13,46250.16,Debit,MERCH045,LOC027,DEV068,NetBanking,Success,0
TXN00006,CUST0197,ACC0197,2024-11-01,24304.96,Credit,MERCH052,LOC010,DEV159,NetBanking,Success,0
TXN00007,CUST0312,ACC0312,2024-11-28,34698.38,Credit,MERCH007,LOC048,DEV122,UPI,Success,0
TXN00008,CUST0472,ACC0472,2023-10-03,44856.72,Debit,MERCH063,LOC045,DEV176,UPI,Success,0
TXN00009,CUST0051,ACC0051,2023-08-22,6762.56,Debit,MERCH078,LOC042,DEV023,Card,Success,0
TXN00010,CUST0097,ACC0097,2024-03-28,10608.96,Credit,MERCH066,LOC011,DEV017,Card,Success,0
TXN00011,CUST0160,ACC0160,2024-12-27,25364.42,Debit,MERCH026,LOC004,DEV064,UPI,Success,0
TXN00012,CUST0017,ACC0017,2024-04-12,2575.44,Debit,MERCH060,LOC033,DEV102,Card,Success,0
TXN00013,CUST0326,ACC0326,2023-05-07,34074.66,Debit,MERCH077,LOC029,DEV046,UPI,Failed,0
TXN00014,CUST0492,ACC0492,2024-04-30,29364.67,Debit,MERCH034,LOC048,DEV177,Card,Success,0
TXN00015,CUST0047,ACC0047,2023-10-19,1421.15,Debit,MERCH083,LOC015,DEV174,UPI,Success,0
TXN00016,CUST0106,ACC0106,2023-10-03,32596.79,Debit,MERCH017,LOC042,DEV045,NetBanking,Success,0
TXN00017,CUST0308,ACC0308,2023-01-09,11227.31,Debit,MERCH049,LOC023,DEV118,NetBanking,Success,0
TXN00018,CUST0130,ACC0130,2023-08-12,23361.57,Credit,MERCH085,LOC024,DEV144,NetBanking,Success,1
TXN00019,CUST0332,ACC0332,2024-08-31,30472.05,Debit,MERCH009,LOC022,DEV071,Card,Failed,0
TXN00020,CUST0328,ACC0328,2023-11-29,43081.51,Debit,MERCH098,LOC016,DEV015,Card,Success,0
TXN00021,CUST0413,ACC0413,2024-09-06,20234.72,Debit,MERCH038,LOC017,DEV108,Card,Success,0
TXN00022,CUST0208,ACC0208,2024-02-02,36849.77,Debit,MERCH029,LOC044,DEV137,NetBanking,Success,0
TXN00023,CUST0327,ACC0327,2024-05-02,45331.0,Debit,MERCH072,LOC012,DEV076,Card,Success,0
TXN00024,CUST0050,ACC0050,2024-04-27,6440.81,Debit,MERCH029,LOC023,DEV058,Card,Success,0
TXN00025,CUST0382,ACC0382,2023-11-11,21052.6,Debit,MERCH060,LOC008,DEV121,Card,Success,0
TXN00026,CUST0028,ACC0028,2024-10-11,29199.55,Debit,MERCH025,LOC033,DEV031,NetBanking,Failed,0
TXN00027,CUST0445,ACC0445,2024-11-28,19114.38,Credit,MERCH020,LOC009,DEV052,Card,Success,0
TXN00028,CUST0176,ACC0176,2024-02-24,49360.22,Debit,MERCH024,LOC050,DEV021,Card,Success,0
TXN00029,CUST0250,ACC0250,2023-12-07,31570.09,Debit,MERCH036,LOC014,DEV195,UPI,Success,1
TXN00030,CUST0397,ACC0397,2023-06-22,28835.13,Credit,MERCH056,LOC041,DEV110,UPI,Success,0
TXN00031,CUST0207,ACC0207,2024-03-15,48268.13,Debit,MERCH094,LOC024,DEV004,Card,Success,0
TXN00032,CUST0457,ACC0457,2023-11-26,37854.54,Debit,MERCH081,LOC047,DEV064,NetBanking,Success,0
TXN00033,CUST0116,ACC0116,2024-12-11,43855.41,Debit,MERCH076,LOC020,DEV043,Card,Success,0
TXN00034,CUST0034,ACC0034,2023-02-16,14945.2,Credit,MERCH088,LOC009,DEV088,Card,Success,0
TXN00035,CUST0462,ACC0462,2024-05-16,17994.58,Debit,MERCH003,LOC015,DEV058,UPI,Failed,0
TXN00036,CUST0373,ACC0373,2023-05-15,10598.95,Debit,MERCH084,LOC003,DEV097,UPI,Success,0
TXN00037,CUST0449,ACC0449,2024-10-17,12826.67,Debit,MERCH084,LOC002,DEV013,NetBanking,Success,0
TXN00038,CUST0354,ACC0354,2023-04-29,20867.94,Debit,MERCH020,LOC014,DEV178,Card,Success,0
TXN00039,CUST0352,ACC0352,2024-10-07,514.76,Debit,MERCH090,LOC009,DEV108,Card,Success,0
TXN00040,CUST0426,ACC0426,2023-04-18,25603.66,Debit,MERCH014,LOC032,DEV051,NetBanking,Success,0
TXN00041,CUST0312,ACC0312,2023-07-24,38909.05,Debit,MERCH038,LOC011,DEV011,NetBanking,Success,0
TXN00042,CUST0281,ACC0281,2024-05-23,45522.31,Debit,MERCH086,LOC006,DEV029,Card,Success,1
TXN00043,CUST0428,ACC0428,2024-08-10,33467.65,Debit,MERCH013,LOC017,DEV165,UPI,Success,0
TXN00044,CUST0119,ACC0119,2024-04-12,49433.86,Debit,MERCH007,LOC007,DEV045,Card,Failed,0
TXN00045,CUST0448,ACC0448,2023-02-10,42619.82,Debit,MERCH095,LOC008,DEV025,Card,Failed,0
TXN00046,CUST0436,ACC0436,2023-02-16,533.13,Debit,MERCH057,LOC040,DEV069,UPI,Success,0
TXN00047,CUST0450,ACC0450,2023-04-06,18662.48,Debit,MERCH059,LOC018,DEV099,Card,Success,0
TXN00048,CUST0354,ACC0354,2024-05-04,40004.96,Debit,MERCH008,LOC011,DEV027,UPI,Success,0
TXN00049,CUST0214,ACC0214,2024-08-27,24159.61,Credit,MERCH100,LOC023,DEV157,NetBanking,Success,0
TXN00050,CUST0015,ACC0015,2024-12-01,44003.51,Credit,MERCH015,LOC027,DEV113,UPI,Failed,0
TXN00051,CUST0024,ACC0024,2023-03-06,13117.56,Debit,MERCH086,LOC022,DEV133,Card,Success,0
TXN00052,CUST0268,ACC0268,2024-12-05,35043.98,Credit,MERCH085,LOC044,DEV165,UPI,Success,0
TXN00053,CUST0198,ACC0198,2023-06-02,41959.7,Debit,MERCH021,LOC033,DEV121,NetBanking,Success,0
TXN00054,CUST0437,ACC0437,2024-05-22,43477.31,Credit,MERCH036,LOC004,DEV130,UPI,Success,0
TXN00055,CUST0115,ACC0115,2024-07-17,32183.7,Debit,MERCH074,LOC029,DEV023,Card,Success,0
TXN00056,CUST0439,ACC0439,2024-05-25,22381.05,Credit,MERCH053,LOC003,DEV143,UPI,Success,0
TXN00057,CUST0282,ACC0282,2023-01-01,41304.14,Debit,MERCH059,LOC022,DEV094,NetBanking,Success,0
TXN00058,CUST0423,ACC0423,2023-02-25,40838.6,Debit,MERCH092,LOC043,DEV094,Card,Failed,0
TXN00059,CUST0367,ACC0367,2024-04-08,5745.47,Debit,MERCH082,LOC019,DEV141,UPI,Success,0
TXN00060,CUST0268,ACC0268,2024-01-18,35119.7,Debit,MERCH018,LOC046,DEV191,UPI,Failed,0
TXN00061,CUST0370,ACC0370,2024-02-24,5392.73,Debit,MERCH051,LOC014,DEV118,NetBanking,Success,0
TXN00062,CUST0423,ACC0423,2023-07-15,35853.56,Credit,MERCH087,LOC038,DEV032,UPI,Success,0
TXN00063,CUST0396,ACC0396,2024-04-06,22896.52,Debit,MERCH001,LOC034,DEV189,NetBanking,Failed,0
TXN00064,CUST0025,ACC0025,2024-07-20,46768.65,Credit,MERCH023,LOC047,DEV033,NetBanking,Success,0
TXN00065,CUST0054,ACC0054,2024-02-01,32893.21,Debit,MERCH054,LOC039,DEV178,NetBanking,Failed,0
TXN00066,CUST0391,ACC0391,2023-09-12,13716.11,Debit,MERCH018,LOC009,DEV106,Card,Failed,0
TXN00067,CUST0309,ACC0309,2024-12-17,44327.52,Debit,MERCH071,LOC041,DEV056,NetBanking,Success,0
TXN00068,CUST0103,ACC0103,2023-08-03,31227.17,Debit,MERCH084,LOC012,DEV129,Card,Success,0
TXN00069,CUST0278,ACC0278,2024-12-11,31862.03,Debit,MERCH075,LOC037,DEV171,UPI,Failed,0
TXN00070,CUST0364,ACC0364,2024-03-03,33728.46,Debit,MERCH002,LOC034,DEV028,NetBanking,Failed,0
TXN00071,CUST0013,ACC0013,2024-01-26,7309.07,Debit,MERCH021,LOC019,DEV175,UPI,Success,0
TXN00072,CUST0129,ACC0129,2023-05-30,41977.12,Debit,MERCH058,LOC007,DEV158,Card,Success,0
TXN00073,CUST0445,ACC0445,2024-11-22,36987.65,Credit,MERCH090,LOC019,DEV178,UPI,Success,0
TXN00074,CUST0341,ACC0341,2023-02-18,46327.92,Credit,MERCH007,LOC001,DEV191,Card,Success,0
TXN00075,CUST0129,ACC0129,2023-07-27,31047.06,Debit,MERCH070,LOC048,DEV155,Card,Success,0
TXN00076,CUST0101,ACC0101,2023-07-18,14744.18,Debit,MERCH095,LOC033,DEV031,UPI,Success,0
TXN00077,CUST0194,ACC0194,2023-02-11,21453.97,Debit,MERCH033,LOC001,DEV085,NetBanking,Success,0
TXN00078,CUST0239,ACC0239,2024-12-27,46877.85,Debit,MERCH100,LOC041,DEV158,UPI,Success,0
TXN00079,CUST0432,ACC0432,2024-11-08,15092.68,Debit,MERCH041,LOC034,DEV057,NetBanking,Success,0
TXN00080,CUST0490,ACC0490,2023-07-08,26054.28,Debit,MERCH070,LOC035,DEV104,NetBanking,Failed,0
TXN00081,CUST0048,ACC0048,2023-12-24,11098.84,Debit,MERCH028,LOC049,DEV159,UPI,Success,0
TXN00082,CUST0272,ACC0272,2024-05-01,49831.72,Debit,MERCH083,LOC040,DEV160,UPI,Success,0
TXN00083,CUST0125,ACC0125,2023-02-10,34143.44,Credit,MERCH070,LOC047,DEV073,Card,Success,0
TXN00084,CUST0013,ACC0013,2024-06-13,41114.35,Credit,MERCH006,LOC019,DEV167,Card,Failed,0
TXN00085,CUST0099,ACC0099,2023-11-25,25719.04,Debit,MERCH027,LOC043,DEV162,UPI,Success,0
TXN00086,CUST0397,ACC0397,2023-08-07,43254.3,Debit,MERCH090,LOC048,DEV199,Card,Success,0
TXN00087,CUST0223,ACC0223,2024-10-24,40846.88,Debit,MERCH043,LOC003,DEV023,UPI,Success,0
TXN00088,CUST0038,ACC0038,2023-02-25,8940.71,Debit,MERCH053,LOC025,DEV116,Card,Success,0
TXN00089,CUST0323,ACC0323,2024-02-19,21679.6,Credit,MERCH083,LOC047,DEV159,UPI,Success,0
TXN00090,CUST0033,ACC0033,2024-08-22,2323.57,Debit,MERCH088,LOC020,DEV156,UPI,Success,0
TXN00091,CUST0045,ACC0045,2023-10-16,38275.45,Credit,MERCH085,LOC002,DEV122,Card,Failed,0
TXN00092,CUST0081,ACC0081,2024-06-30,11032.29,Debit,MERCH094,LOC042,DEV096,Card,Success,0
TXN00093,CUST0491,ACC0491,2023-01-12,27698.53,Debit,MERCH074,LOC039,DEV101,NetBanking,Success,0
TXN00094,CUST0276,ACC0276,2024-07-14,47351.62,Debit,MERCH083,LOC033,DEV037,Card,Success,0
TXN00095,CUST0083,ACC0083,2023-07-08,11078.36,Debit,MERCH073,LOC004,DEV193,Card,Success,0
TXN00096,CUST0478,ACC0478,2024-07-16,23090.2,Debit,MERCH033,LOC007,DEV051,NetBanking,Success,0
TXN00097,CUST0372,ACC0372,2024-08-17,24385.16,Debit,MERCH031,LOC007,DEV073,Card,Success,0
TXN00098,CUST0318,ACC0318,2023-03-13,45010.92,Credit,MERCH043,LOC040,DEV169,Card,Failed,0
TXN00099,CUST0157,ACC0157,2024-12-11,29229.29,Debit,MERCH022,LOC001,DEV081,NetBanking,Success,0
TXN00100,CUST0127,ACC0127,2023-08-15,35624.35,Debit,MERCH094,LOC022,DEV123,Card,Success,0
TXN00101,CUST0237,ACC0237,2024-04-01,17969.14,Credit,MERCH078,LOC006,DEV072,Card,Success,0
TXN00102,CUST0440,ACC0440,2023-05-24,44570.29,Debit,MERCH003,LOC033,DEV162,UPI,Success,0
TXN00103,CUST0016,ACC0016,2024-08-18,28966.09,Debit,MERCH070,LOC035,DEV121,NetBanking,Success,0
TXN00104,CUST0335,ACC0335,2023-06-02,18322.64,Debit,MERCH066,LOC006,DEV102,UPI,Success,0
TXN00105,CUST0187,ACC0187,2024-05-29,579.05,Debit,MERCH023,LOC037,DEV145,UPI,Success,0
TXN00106,CUST0338,ACC0338,2023-05-30,36809.19,Debit,MERCH063,LOC015,DEV017,Card,Success,0
TXN00107,CUST0136,ACC0136,2024-01-14,11739.23,Debit,MERCH061,LOC030,DEV012,UPI,Failed,0
TXN00108,CUST0021,ACC0021,2024-10-26,16237.35,Debit,MERCH073,LOC012,DEV097,NetBanking,Success,0
TXN00109,CUST0335,ACC0335,2024-01-23,18296.57,Debit,MERCH029,LOC034,DEV104,UPI,Failed,0
TXN00110,CUST0181,ACC0181,2023-12-20,24368.74,Debit,MERCH030,LOC005,DEV132,Card,Success,0
TXN00111,CUST0330,ACC0330,2023-10-15,10615.28,Debit,MERCH016,LOC043,DEV059,UPI,Success,0
TXN00112,CUST0213,ACC0213,2023-12-05,36026.77,Credit,MERCH027,LOC038,DEV042,Card,Failed,0
TXN00113,CUST0332,ACC0332,2024-02-25,1171.18,Debit,MERCH066,LOC003,DEV147,UPI,Success,0
TXN00114,CUST0076,ACC0076,2023-02-27,8358.75,Credit,MERCH094,LOC043,DEV073,UPI,Success,0
TXN00115,CUST0485,ACC0485,2023-03-29,10868.84,Credit,MERCH022,LOC015,DEV106,NetBanking,Failed,0
TXN00116,CUST0308,ACC0308,2023-05-27,39741.07,Debit,MERCH044,LOC030,DEV153,UPI,Success,0
TXN00117,CUST0303,ACC0303,2023-03-12,11529.2,Debit,MERCH067,LOC033,DEV176,Card,Success,1
TXN00118,CUST0215,ACC0215,2023-06-03,30295.28,Credit,MERCH069,LOC033,DEV193,UPI,Success,0
TXN00119,CUST0061,ACC0061,2023-04-06,24137.93,Debit,MERCH067,LOC027,DEV095,UPI,Failed,0
TXN00120,CUST0448,ACC0448,2023-02-14,34897.26,Debit,MERCH099,LOC025,DEV090,Card,Failed,0
TXN00121,CUST0302,ACC0302,2024-12-14,28827.23,Debit,MERCH030,LOC006,DEV073,Card,Success,0
TXN00122,CUST0307,ACC0307,2024-07-10,20461.9,Debit,MERCH016,LOC034,DEV002,UPI,Success,0
TXN00123,CUST0193,ACC0193,2024-11-01,10310.66,Credit,MERCH055,LOC042,DEV150,Card,Success,0
TXN00124,CUST0130,ACC0130,2023-09-25,42756.1,Debit,MERCH051,LOC049,DEV053,Card,Success,0
TXN00125,CUST0212,ACC0212,2024-07-19,39200.23,Debit,MERCH062,LOC017,DEV079,Card,Success,0
TXN00126,CUST0296,ACC0296,2023-12-19,38721.01,Debit,MERCH058,LOC045,DEV042,Card,Success,0
TXN00127,CUST0052,ACC0052,2023-08-08,25441.76,Debit,MERCH082,LOC001,DEV024,Card,Success,0
TXN00128,CUST0422,ACC0422,2023-05-29,23609.85,Credit,MERCH029,LOC024,DEV021,NetBanking,Success,0
TXN00129,CUST0312,ACC0312,2023-02-08,36238.51,Debit,MERCH023,LOC041,DEV127,Card,Success,0
TXN00130,CUST0225,ACC0225,2023-01-11,10125.28,Debit,MERCH077,LOC033,DEV133,NetBanking,Success,1
TXN00131,CUST0358,ACC0358,2023-08-26,30778.74,Debit,MERCH021,LOC006,DEV071,UPI,Success,0
TXN00132,CUST0400,ACC0400,2024-02-14,17688.73,Credit,MERCH095,LOC046,DEV018,Card,Success,0
TXN00133,CUST0471,ACC0471,2023-04-03,27502.15,Debit,MERCH036,LOC015,DEV156,NetBanking,Success,0
TXN00134,CUST0494,ACC0494,2023-07-19,22765.21,Debit,MERCH065,LOC007,DEV144,Card,Success,0
TXN00135,CUST0038,ACC0038,2024-05-30,14747.88,Debit,MERCH049,LOC037,DEV124,UPI,Success,0
TXN00136,CUST0395,ACC0395,2023-09-07,37885.79,Credit,MERCH034,LOC005,DEV098,Card,Success,0
TXN00137,CUST0325,ACC0325,2023-08-14,33861.8,Debit,MERCH046,LOC034,DEV138,UPI,Failed,0
TXN00138,CUST0005,ACC0005,2024-12-18,41617.24,Debit,MERCH096,LOC022,DEV020,UPI,Success,0
TXN00139,CUST0284,ACC0284,2023-07-02,23853.94,Debit,MERCH096,LOC044,DEV049,Card,Success,0
TXN00140,CUST0256,ACC0256,2023-07-24,11781.33,Debit,MERCH032,LOC040,DEV092,UPI,Success,0
TXN00141,CUST0080,ACC0080,2023-04-20,6037.93,Credit,MERCH070,LOC003,DEV124,UPI,Success,0
TXN00142,CUST0191,ACC0191,2024-09-27,15805.07,Debit,MERCH024,LOC049,DEV131,NetBanking,Failed,0
TXN00143,CUST0144,ACC0144,2024-02-12,11143.53,Debit,MERCH055,LOC031,DEV139,NetBanking,Success,0
TXN00144,CUST0017,ACC0017,2024-05-29,17397.08,Credit,MERCH059,LOC021,DEV177,UPI,Success,0
TXN00145,CUST0005,ACC0005,2023-01-13,33721.45,Debit,MERCH034,LOC012,DEV141,Card,Success,0
TXN00146,CUST0135,ACC0135,2023-08-31,13506.94,Debit,MERCH055,LOC014,DEV108,NetBanking,Success,0
TXN00147,CUST0359,ACC0359,2024-01-17,18285.65,Debit,MERCH024,LOC037,DEV034,Card,Failed,0
TXN00148,CUST0295,ACC0295,2024-12-03,11466.91,Debit,MERCH049,LOC013,DEV038,UPI,Success,0
TXN00149,CUST0410,ACC0410,2023-06-03,23675.7,Debit,MERCH064,LOC009,DEV162,UPI,Failed,0
TXN00150,CUST0265,ACC0265,2024-06-30,36041.99,Debit,MERCH073,LOC004,DEV102,Card,Success,0
TXN00151,CUST0051,ACC0051,2024-12-08,8208.93,Debit,MERCH081,LOC007,DEV116,UPI,Failed,0
TXN00152,CUST0382,ACC0382,2023-12-09,13025.47,Debit,MERCH016,LOC023,DEV174,Card,Success,1
TXN00153,CUST0494,ACC0494,2024-09-12,9987.96,Debit,MERCH087,LOC033,DEV125,NetBanking,Success,0
TXN00154,CUST0397,ACC0397,2024-04-02,44487.14,Debit,MERCH081,LOC010,DEV043,Card,Failed,0
TXN00155,CUST0328,ACC0328,2023-12-12,21119.73,Credit,MERCH044,LOC015,DEV081,NetBanking,Success,0
TXN00156,CUST0163,ACC0163,2024-10-30,14603.25,Credit,MERCH100,LOC024,DEV192,Card,Success,0
TXN00157,CUST0301,ACC0301,2024-06-17,48278.03,Debit,MERCH017,LOC047,DEV061,Card,Success,0
TXN00158,CUST0339,ACC0339,2023-09-15,47024.85,Debit,MERCH013,LOC005,DEV122,UPI,Success,0
TXN00159,CUST0281,ACC0281,2023-02-25,1366.93,Debit,MERCH020,LOC006,DEV168,Card,Success,0
TXN00160,CUST0477,ACC0477,2024-02-04,15503.06,Debit,MERCH081,LOC009,DEV034,UPI,Failed,0
TXN00161,CUST0270,ACC0270,2023-06-24,1477.14,Debit,MERCH060,LOC035,DEV070,Card,Failed,0
TXN00162,CUST0281,ACC0281,2024-03-31,6798.99,Debit,MERCH081,LOC048,DEV163,NetBanking,Failed,0
TXN00163,CUST0450,ACC0450,2024-07-31,21777.12,Debit,MERCH030,LOC006,DEV114,NetBanking,Success,0
TXN00164,CUST0158,ACC0158,2024-01-10,20639.58,Debit,MERCH098,LOC009,DEV089,UPI,Success,1
TXN00165,CUST0147,ACC0147,2024-04-25,26778.19,Credit,MERCH056,LOC019,DEV153,Card,Success,1
TXN00166,CUST0119,ACC0119,2023-01-08,27433.2,Credit,MERCH051,LOC016,DEV042,UPI,Failed,0
TXN00167,CUST0367,ACC0367,2024-10-23,19516.68,Debit,MERCH081,LOC016,DEV133,Card,Success,0
TXN00168,CUST0392,ACC0392,2024-09-19,40388.37,Debit,MERCH009,LOC012,DEV035,Card,Success,0
TXN00169,CUST0149,ACC0149,2023-04-24,31862.79,Credit,MERCH063,LOC013,DEV083,NetBanking,Success,0
TXN00170,CUST0010,ACC0010,2023-06-05,2529.12,Debit,MERCH037,LOC018,DEV033,NetBanking,Success,0
TXN00171,CUST0367,ACC0367,2024-03-24,36369.0,Debit,MERCH028,LOC022,DEV108,UPI,Success,1
TXN00172,CUST0160,ACC0160,2024-05-25,49898.27,Debit,MERCH097,LOC010,DEV015,Card,Success,0
TXN00173,CUST0137,ACC0137,2024-02-06,3615.67,Debit,MERCH033,LOC025,DEV004,Card,Success,0
TXN00174,CUST0063,ACC0063,2023-09-12,19270.66,Debit,MERCH095,LOC050,DEV025,Card,Success,0
TXN00175,CUST0267,ACC0267,2024-11-12,49106.69,Credit,MERCH021,LOC041,DEV187,Card,Success,0
TXN00176,CUST0022,ACC0022,2024-07-16,26070.27,Credit,MERCH007,LOC043,DEV056,Card,Success,0
TXN00177,CUST0499,ACC0499,2023-04-26,11836.49,Debit,MERCH036,LOC038,DEV031,Card,Success,0
TXN00178,CUST0203,ACC0203,2023-09-06,496.05,Credit,MERCH012,LOC016,DEV041,UPI,Success,0
TXN00179,CUST0256,ACC0256,2023-04-04,34312.93,Debit,MERCH020,LOC045,DEV138,Card,Success,0
TXN00180,CUST0406,ACC0406,2023-04-20,6335.08,Debit,MERCH057,LOC047,DEV050,UPI,Success,0
TXN00181,CUST0011,ACC0011,2024-12-06,18919.56,Debit,MERCH057,LOC036,DEV076,UPI,Success,0
TXN00182,CUST0278,ACC0278,2024-12-14,24530.1,Debit,MERCH060,LOC018,DEV154,NetBanking,Success,0
TXN00183,CUST0469,ACC0469,2024-07-21,8059.15,Debit,MERCH038,LOC017,DEV139,NetBanking,Failed,0
TXN00184,CUST0188,ACC0188,2024-04-09,85.96,Credit,MERCH080,LOC024,DEV199,NetBanking,Success,0
TXN00185,CUST0318,ACC0318,2023-09-02,16068.67,Credit,MERCH064,LOC050,DEV142,UPI,Success,0
TXN00186,CUST0079,ACC0079,2024-09-19,14192.3,Debit,MERCH085,LOC005,DEV012,Card,Success,0
TXN00187,CUST0428,ACC0428,2023-05-13,8973.01,Debit,MERCH013,LOC003,DEV147,UPI,Success,0
TXN00188,CUST0329,ACC0329,2024-02-02,32913.17,Debit,MERCH078,LOC046,DEV019,NetBanking,Success,0
TXN00189,CUST0007,ACC0007,2023-08-02,32804.68,Credit,MERCH096,LOC027,DEV095,UPI,Success,0
TXN00190,CUST0407,ACC0407,2024-12-26,2962.09,Debit,MERCH039,LOC005,DEV056,NetBanking,Success,0
TXN00191,CUST0492,ACC0492,2024-06-15,4901.11,Credit,MERCH085,LOC016,DEV146,UPI,Success,0
TXN00192,CUST0321,ACC0321,2023-07-03,27943.25,Credit,MERCH074,LOC023,DEV173,NetBanking,Success,0
TXN00193,CUST0235,ACC0235,2024-12-20,33278.86,Debit,MERCH065,LOC022,DEV169,UPI,Success,0
TXN00194,CUST0081,ACC0081,2024-06-30,49921.76,Debit,MERCH042,LOC024,DEV106,Card,Success,0
TXN00195,CUST0392,ACC0392,2024-10-10,21557.87,Debit,MERCH071,LOC048,DEV066,Card,Success,0
TXN00196,CUST0185,ACC0185,2024-04-08,22402.61,Debit,MERCH077,LOC002,DEV133,Card,Success,0
TXN00197,CUST0070,ACC0070,2023-11-06,378.11,Debit,MERCH089,LOC018,DEV142,UPI,Success,1
TXN00198,CUST0262,ACC0262,2024-07-23,28554.88,Debit,MERCH046,LOC010,DEV036,NetBanking,Success,1
TXN00199,CUST0136,ACC0136,2024-01-11,44486.79,Debit,MERCH012,LOC037,DEV103,UPI,Success,0
TXN00200,CUST0292,ACC0292,2023-08-11,36726.58,Credit,MERCH089,LOC045,DEV148,Card,Success,0
TXN00201,CUST0420,ACC0420,2023-04-08,29781.8,Debit,MERCH011,LOC050,DEV015,Card,Failed,0
TXN00202,CUST0472,ACC0472,2023-12-09,17429.11,Credit,MERCH030,LOC048,DEV168,Card,Success,0
TXN00203,CUST0435,ACC0435,2024-09-08,46436.23,Debit,MERCH041,LOC035,DEV145,Card,Success,0
TXN00204,CUST0077,ACC0077,2023-12-01,25144.96,Debit,MERCH051,LOC029,DEV193,UPI,Success,0
TXN00205,CUST0305,ACC0305,2024-08-12,25261.23,Credit,MERCH019,LOC009,DEV087,UPI,Success,0
TXN00206,CUST0043,ACC0043,2024-05-02,28593.46,Credit,MERCH065,LOC028,DEV199,UPI,Success,0
TXN00207,CUST0358,ACC0358,2023-05-14,38113.54,Debit,MERCH051,LOC042,DEV147,Card,Failed,0
TXN00208,CUST0101,ACC0101,2024-07-28,30819.04,Debit,MERCH100,LOC028,DEV083,NetBanking,Success,0
TXN00209,CUST0351,ACC0351,2024-08-12,4525.25,Credit,MERCH042,LOC023,DEV153,Card,Success,0
TXN00210,CUST0336,ACC0336,2023-01-25,38495.58,Debit,MERCH080,LOC010,DEV113,UPI,Failed,0
TXN00211,CUST0023,ACC0023,2023-08-28,10024.28,Debit,MERCH007,LOC016,DEV159,Card,Success,0
TXN00212,CUST0475,ACC0475,2023-06-01,43444.18,Debit,MERCH015,LOC020,DEV116,Card,Success,0
TXN00213,CUST0242,ACC0242,2023-01-24,16627.24,Debit,MERCH097,LOC017,DEV141,NetBanking,Success,0
TXN00214,CUST0248,ACC0248,2024-09-29,36509.68,Debit,MERCH075,LOC043,DEV135,UPI,Failed,0
TXN00215,CUST0023,ACC0023,2023-09-19,8557.47,Debit,MERCH084,LOC001,DEV018,Card,Success,0
TXN00216,CUST0199,ACC0199,2024-11-07,13601.95,Debit,MERCH084,LOC025,DEV060,Card,Success,0
TXN00217,CUST0195,ACC0195,2024-06-04,48831.77,Debit,MERCH077,LOC035,DEV023,UPI,Failed,0
TXN00218,CUST0096,ACC0096,2023-07-23,25057.51,Debit,MERCH068,LOC020,DEV086,Card,Success,0
TXN00219,CUST0251,ACC0251,2024-02-07,37232.32,Debit,MERCH039,LOC016,DEV129,UPI,Success,0
TXN00220,CUST0142,ACC0142,2023-03-05,31308.33,Debit,MERCH044,LOC026,DEV169,Card,Success,0
TXN00221,CUST0071,ACC0071,2023-03-31,36507.99,Debit,MERCH031,LOC037,DEV040,NetBanking,Failed,0
TXN00222,CUST0219,ACC0219,2023-11-16,45491.28,Credit,MERCH018,LOC038,DEV139,Card,Success,0
TXN00223,CUST0351,ACC0351,2023-07-27,43136.25,Debit,MERCH099,LOC010,DEV168,Card,Failed,0
TXN00224,CUST0478,ACC0478,2024-08-01,45859.75,Debit,MERCH019,LOC047,DEV008,Card,Success,0
TXN00225,CUST0392,ACC0392,2023-11-23,44012.59,Credit,MERCH082,LOC048,DEV071,Card,Success,0
TXN00226,CUST0078,ACC0078,2023-07-12,5383.23,Debit,MERCH079,LOC015,DEV153,UPI,Success,0
TXN00227,CUST0119,ACC0119,2023-08-25,34384.53,Debit,MERCH018,LOC033,DEV155,Card,Failed,0
TXN00228,CUST0241,ACC0241,2024-12-30,32495.95,Credit,MERCH061,LOC009,DEV042,UPI,Failed,0
TXN00229,CUST0099,ACC0099,2023-08-20,1659.87,Debit,MERCH029,LOC048,DEV172,UPI,Failed,0
TXN00230,CUST0104,ACC0104,2023-07-29,3353.51,Credit,MERCH032,LOC028,DEV104,Card,Success,0
TXN00231,CUST0398,ACC0398,2023-02-12,30416.1,Debit,MERCH079,LOC048,DEV147,Card,Failed,0
TXN00232,CUST0305,ACC0305,2024-07-03,26285.27,Debit,MERCH059,LOC003,DEV063,UPI,Failed,0
TXN00233,CUST0266,ACC0266,2024-07-04,19810.78,Credit,MERCH057,LOC026,DEV078,UPI,Success,0
TXN00234,CUST0397,ACC0397,2023-10-20,23094.29,Debit,MERCH019,LOC030,DEV166,Card,Success,0
TXN00235,CUST0232,ACC0232,2023-04-03,36146.21,Debit,MERCH042,LOC029,DEV007,UPI,Success,0
TXN00236,CUST0092,ACC0092,2024-04-09,29536.26,Credit,MERCH089,LOC042,DEV183,UPI,Success,0
TXN00237,CUST0408,ACC0408,2023-06-17,35932.82,Debit,MERCH082,LOC024,DEV022,UPI,Success,0
TXN00238,CUST0269,ACC0269,2024-12-25,19235.16,Debit,MERCH071,LOC025,DEV012,NetBanking,Failed,0
TXN00239,CUST0394,ACC0394,2023-06-24,45617.03,Debit,MERCH023,LOC050,DEV183,NetBanking,Success,0
TXN00240,CUST0027,ACC0027,2024-03-05,15437.71,Debit,MERCH017,LOC013,DEV001,Card,Success,0
TXN00241,CUST0319,ACC0319,2023-09-17,659.78,Credit,MERCH064,LOC016,DEV056,Card,Success,0
TXN00242,CUST0302,ACC0302,2024-11-06,23811.81,Credit,MERCH001,LOC016,DEV141,Card,Success,0
TXN00243,CUST0143,ACC0143,2024-09-26,31450.34,Debit,MERCH084,LOC023,DEV010,UPI,Success,0
TXN00244,CUST0075,ACC0075,2023-02-03,33366.48,Debit,MERCH007,LOC007,DEV107,NetBanking,Success,0
TXN00245,CUST0092,ACC0092,2023-06-15,33620.92,Debit,MERCH096,LOC038,DEV093,NetBanking,Failed,0
TXN00246,CUST0477,ACC0477,2023-02-06,4701.66,Debit,MERCH009,LOC049,DEV110,Card,Success,0
TXN00247,CUST0432,ACC0432,2024-07-17,3293.05,Debit,MERCH036,LOC022,DEV135,Card,Success,0
TXN00248,CUST0212,ACC0212,2024-06-21,10531.78,Debit,MERCH081,LOC034,DEV023,UPI,Success,0
TXN00249,CUST0248,ACC0248,2024-12-06,30258.66,Credit,MERCH074,LOC040,DEV091,Card,Success,0
TXN00250,CUST0475,ACC0475,2023-05-13,30733.78,Credit,MERCH024,LOC040,DEV060,Card,Failed,0
TXN00251,CUST0363,ACC0363,2023-10-25,48963.92,Debit,MERCH016,LOC048,DEV054,UPI,Success,0
TXN00252,CUST0410,ACC0410,2024-09-22,49949.4,Debit,MERCH082,LOC014,DEV003,Card,Success,0
TXN00253,CUST0328,ACC0328,2023-07-26,34516.35,Debit,MERCH071,LOC021,DEV197,Card,Success,0
TXN00254,CUST0004,ACC0004,2023-04-27,34307.5,Credit,MERCH025,LOC022,DEV087,Card,Success,0
TXN00255,CUST0473,ACC0473,2024-11-19,23981.46,Debit,MERCH081,LOC030,DEV138,Card,Success,0
TXN00256,CUST0459,ACC0459,2023-12-10,23150.38,Debit,MERCH087,LOC021,DEV143,Card,Success,0
TXN00257,CUST0275,ACC0275,2023-01-20,10452.71,Debit,MERCH036,LOC002,DEV087,Card,Success,0
TXN00258,CUST0193,ACC0193,2024-10-03,26736.95,Credit,MERCH097,LOC020,DEV181,UPI,Success,0
TXN00259,CUST0440,ACC0440,2023-11-19,35506.51,Credit,MERCH031,LOC024,DEV116,Card,Success,0
TXN00260,CUST0425,ACC0425,2023-11-06,10846.19,Debit,MERCH005,LOC050,DEV052,Card,Success,0
TXN00261,CUST0468,ACC0468,2023-04-05,22216.52,Credit,MERCH062,LOC047,DEV135,UPI,Success,0
TXN00262,CUST0159,ACC0159,2023-12-02,7207.59,Debit,MERCH059,LOC025,DEV183,UPI,Success,0
TXN00263,CUST0443,ACC0443,2024-06-18,5836.01,Debit,MERCH006,LOC007,DEV134,Card,Success,0
TXN00264,CUST0393,ACC0393,2024-11-05,37290.46,Debit,MERCH025,LOC019,DEV071,UPI,Success,0
TXN00265,CUST0273,ACC0273,2023-11-23,38650.72,Debit,MERCH015,LOC001,DEV160,UPI,Success,0
TXN00266,CUST0287,ACC0287,2024-06-10,5163.65,Debit,MERCH091,LOC019,DEV147,NetBanking,Success,0
TXN00267,CUST0126,ACC0126,2023-06-25,3608.58,Debit,MERCH007,LOC009,DEV008,NetBanking,Failed,0
TXN00268,CUST0242,ACC0242,2024-11-22,2570.28,Debit,MERCH023,LOC046,DEV153,Card,Success,0
TXN00269,CUST0457,ACC0457,2024-08-29,31492.06,Debit,MERCH026,LOC046,DEV195,Card,Success,0
TXN00270,CUST0344,ACC0344,2024-06-30,3973.35,Debit,MERCH090,LOC030,DEV025,Card,Success,0
TXN00271,CUST0234,ACC0234,2023-11-14,34239.67,Credit,MERCH019,LOC040,DEV067,Card,Success,0
TXN00272,CUST0468,ACC0468,2024-01-08,19634.24,Debit,MERCH063,LOC002,DEV017,Card,Failed,0
TXN00273,CUST0244,ACC0244,2023-04-26,17604.47,Debit,MERCH078,LOC037,DEV033,Card,Success,0
TXN00274,CUST0261,ACC0261,2023-04-16,20314.01,Debit,MERCH069,LOC030,DEV103,UPI,Success,0
TXN00275,CUST0303,ACC0303,2024-02-28,11966.84,Debit,MERCH050,LOC005,DEV088,UPI,Failed,0
TXN00276,CUST0107,ACC0107,2024-12-11,29568.96,Debit,MERCH086,LOC005,DEV190,Card,Success,0
TXN00277,CUST0477,ACC0477,2024-12-29,28730.71,Debit,MERCH042,LOC036,DEV025,Card,Failed,0
TXN00278,CUST0421,ACC0421,2024-03-31,8849.89,Debit,MERCH077,LOC050,DEV098,Card,Success,0
TXN00279,CUST0168,ACC0168,2024-05-21,32267.21,Debit,MERCH075,LOC049,DEV163,UPI,Success,0
TXN00280,CUST0415,ACC0415,2023-01-01,37866.03,Credit,MERCH074,LOC029,DEV051,UPI,Success,0
TXN00281,CUST0106,ACC0106,2024-11-28,43877.4,Debit,MERCH092,LOC023,DEV023,Card,Failed,0
TXN00282,CUST0299,ACC0299,2023-01-09,30593.96,Credit,MERCH008,LOC024,DEV141,NetBanking,Success,0
TXN00283,CUST0496,ACC0496,2023-02-24,92.12,Debit,MERCH004,LOC016,DEV111,NetBanking,Success,0
TXN00284,CUST0360,ACC0360,2024-08-27,19743.7,Credit,MERCH049,LOC028,DEV140,Card,Failed,0
TXN00285,CUST0109,ACC0109,2024-11-09,8711.83,Debit,MERCH047,LOC027,DEV040,UPI,Failed,0
TXN00286,CUST0148,ACC0148,2024-11-17,6321.18,Debit,MERCH063,LOC043,DEV112,UPI,Success,0
TXN00287,CUST0500,ACC0500,2023-05-20,4278.94,Credit,MERCH080,LOC012,DEV117,Card,Failed,0
TXN00288,CUST0261,ACC0261,2024-03-10,27624.9,Credit,MERCH055,LOC039,DEV002,Card,Success,0
TXN00289,CUST0296,ACC0296,2024-05-25,42347.85,Debit,MERCH070,LOC037,DEV094,UPI,Failed,0
TXN00290,CUST0018,ACC0018,2023-02-08,28429.07,Debit,MERCH089,LOC006,DEV037,Card,Failed,0
TXN00291,CUST0374,ACC0374,2024-06-23,49179.78,Credit,MERCH079,LOC006,DEV063,Card,Success,0
TXN00292,CUST0242,ACC0242,2024-10-07,37097.22,Debit,MERCH069,LOC050,DEV003,UPI,Success,0
TXN00293,CUST0241,ACC0241,2024-04-09,25657.52,Debit,MERCH046,LOC019,DEV075,Card,Failed,0
TXN00294,CUST0086,ACC0086,2023-02-06,34767.81,Debit,MERCH061,LOC038,DEV044,NetBanking,Success,0
TXN00295,CUST0294,ACC0294,2023-02-22,32833.18,Debit,MERCH017,LOC033,DEV020,Card,Success,0
TXN00296,CUST0436,ACC0436,2023-10-12,12639.95,Debit,MERCH002,LOC048,DEV029,NetBanking,Success,0
TXN00297,CUST0310,ACC0310,2023-06-28,45511.07,Credit,MERCH034,LOC045,DEV061,UPI,Success,0
TXN00298,CUST0249,ACC0249,2023-07-05,39978.63,Debit,MERCH077,LOC010,DEV127,UPI,Success,0
TXN00299,CUST0386,ACC0386,2024-02-27,38529.87,Credit,MERCH094,LOC023,DEV014,UPI,Success,0
TXN00300,CUST0329,ACC0329,2023-09-28,37786.42,Debit,MERCH061,LOC020,DEV122,UPI,Success,0
TXN00301,CUST0383,ACC0383,2024-06-29,11721.38,Credit,MERCH056,LOC001,DEV074,Card,Success,0
TXN00302,CUST0475,ACC0475,2024-04-04,19131.1,Debit,MERCH082,LOC023,DEV111,Card,Success,0
TXN00303,CUST0313,ACC0313,2024-10-29,42924.87,Debit,MERCH033,LOC042,DEV150,Card,Success,0
TXN00304,CUST0201,ACC0201,2024-04-17,38668.89,Debit,MERCH024,LOC021,DEV141,UPI,Success,0
TXN00305,CUST0006,ACC0006,2024-11-19,473.38,Debit,MERCH013,LOC034,DEV027,UPI,Failed,0
TXN00306,CUST0351,ACC0351,2024-04-01,17608.25,Debit,MERCH080,LOC006,DEV015,Card,Success,1
TXN00307,CUST0481,ACC0481,2024-08-31,32847.45,Debit,MERCH078,LOC009,DEV097,UPI,Success,0
TXN00308,CUST0337,ACC0337,2024-10-25,28325.14,Debit,MERCH060,LOC043,DEV020,UPI,Success,0
TXN00309,CUST0328,ACC0328,2024-04-09,46138.63,Credit,MERCH100,LOC005,DEV071,Card,Success,0
TXN00310,CUST0398,ACC0398,2023-03-05,19170.81,Debit,MERCH034,LOC012,DEV113,Card,Success,0
TXN00311,CUST0036,ACC0036,2024-05-18,48972.13,Credit,MERCH014,LOC010,DEV139,UPI,Success,0
TXN00312,CUST0394,ACC0394,2024-03-17,10958.41,Credit,MERCH010,LOC005,DEV147,UPI,Success,0
TXN00313,CUST0373,ACC0373,2023-09-14,38873.0,Credit,MERCH001,LOC003,DEV171,UPI,Success,0
TXN00314,CUST0200,ACC0200,2023-09-30,7622.79,Credit,MERCH099,LOC032,DEV123,Card,Success,0
TXN00315,CUST0224,ACC0224,2024-02-18,42210.26,Debit,MERCH089,LOC050,DEV124,UPI,Success,0
TXN00316,CUST0063,ACC0063,2024-08-03,26788.44,Debit,MERCH081,LOC042,DEV024,Card,Success,0
TXN00317,CUST0188,ACC0188,2024-07-01,42674.44,Debit,MERCH098,LOC050,DEV075,Card,Failed,0
TXN00318,CUST0332,ACC0332,2023-07-27,8872.08,Credit,MERCH050,LOC007,DEV162,UPI,Success,0
TXN00319,CUST0353,ACC0353,2024-01-03,24350.85,Debit,MERCH004,LOC047,DEV152,Card,Success,1
TXN00320,CUST0123,ACC0123,2024-05-15,19468.94,Debit,MERCH069,LOC029,DEV005,NetBanking,Failed,0
TXN00321,CUST0019,ACC0019,2023-12-14,2849.92,Credit,MERCH084,LOC043,DEV134,UPI,Success,0
TXN00322,CUST0235,ACC0235,2024-11-25,43516.49,Debit,MERCH005,LOC048,DEV037,NetBanking,Success,0
TXN00323,CUST0251,ACC0251,2024-10-31,1002.2,Debit,MERCH017,LOC001,DEV045,NetBanking,Success,0
TXN00324,CUST0324,ACC0324,2023-02-21,45237.88,Credit,MERCH009,LOC007,DEV030,UPI,Success,0
TXN00325,CUST0255,ACC0255,2024-09-01,39968.8,Debit,MERCH095,LOC044,DEV103,UPI,Success,0
TXN00326,CUST0167,ACC0167,2023-05-04,48793.87,Debit,MERCH028,LOC049,DEV012,NetBanking,Success,0
TXN00327,CUST0304,ACC0304,2023-06-27,16808.41,Debit,MERCH022,LOC045,DEV095,UPI,Success,0
TXN00328,CUST0284,ACC0284,2023-06-18,21961.13,Debit,MERCH081,LOC040,DEV097,NetBanking,Success,0
TXN00329,CUST0399,ACC0399,2023-06-11,830.73,Debit,MERCH012,LOC046,DEV167,Card,Success,1
TXN00330,CUST0304,ACC0304,2023-10-18,20840.3,Debit,MERCH035,LOC034,DEV116,Card,Success,0
TXN00331,CUST0211,ACC0211,2023-09-02,46907.58,Debit,MERCH079,LOC006,DEV161,NetBanking,Success,0
TXN00332,CUST0424,ACC0424,2023-11-05,17425.29,Debit,MERCH068,LOC007,DEV159,UPI,Success,0
TXN00333,CUST0186,ACC0186,2024-07-06,25401.66,Debit,MERCH015,LOC010,DEV176,Card,Success,0
TXN00334,CUST0433,ACC0433,2024-04-30,24900.87,Debit,MERCH037,LOC014,DEV112,UPI,Success,0
TXN00335,CUST0129,ACC0129,2023-12-09,30860.13,Debit,MERCH069,LOC012,DEV041,Card,Success,0
TXN00336,CUST0403,ACC0403,2023-01-30,24278.82,Debit,MERCH076,LOC038,DEV084,UPI,Success,0
TXN00337,CUST0215,ACC0215,2023-07-23,37366.98,Debit,MERCH013,LOC016,DEV189,Card,Success,0
TXN00338,CUST0212,ACC0212,2023-07-24,18807.84,Debit,MERCH075,LOC032,DEV014,UPI,Failed,0
TXN00339,CUST0456,ACC0456,2024-03-22,7289.82,Credit,MERCH018,LOC030,DEV185,NetBanking,Success,0
TXN00340,CUST0100,ACC0100,2024-10-09,17961.58,Debit,MERCH089,LOC037,DEV016,Card,Success,0
TXN00341,CUST0144,ACC0144,2023-05-20,5599.91,Credit,MERCH022,LOC049,DEV088,Card,Failed,0
TXN00342,CUST0113,ACC0113,2023-10-30,30201.62,Debit,MERCH067,LOC032,DEV056,NetBanking,Success,0
TXN00343,CUST0303,ACC0303,2024-04-29,41857.6,Debit,MERCH095,LOC016,DEV064,Card,Failed,0
TXN00344,CUST0168,ACC0168,2024-03-20,28994.38,Debit,MERCH006,LOC003,DEV121,NetBanking,Success,0
TXN00345,CUST0376,ACC0376,2024-05-31,1729.35,Credit,MERCH090,LOC007,DEV116,NetBanking,Failed,0
TXN00346,CUST0254,ACC0254,2023-09-04,4200.42,Credit,MERCH038,LOC016,DEV166,UPI,Success,0
TXN00347,CUST0047,ACC0047,2023-01-17,24015.16,Debit,MERCH074,LOC048,DEV150,Card,Failed,0
TXN00348,CUST0013,ACC0013,2024-04-10,23214.84,Credit,MERCH048,LOC041,DEV119,UPI,Success,0
TXN00349,CUST0361,ACC0361,2024-10-10,118.11,Credit,MERCH038,LOC028,DEV193,UPI,Success,0
TXN00350,CUST0139,ACC0139,2024-12-15,47307.47,Debit,MERCH043,LOC048,DEV015,NetBanking,Success,0
TXN00351,CUST0264,ACC0264,2024-11-21,18231.33,Debit,MERCH047,LOC030,DEV159,UPI,Failed,0
TXN00352,CUST0021,ACC0021,2024-01-10,18353.33,Debit,MERCH043,LOC016,DEV139,NetBanking,Success,0
TXN00353,CUST0059,ACC0059,2024-10-26,23950.75,Debit,MERCH035,LOC033,DEV175,NetBanking,Success,0
TXN00354,CUST0217,ACC0217,2023-10-11,2770.28,Debit,MERCH063,LOC033,DEV135,Card,Failed,0
TXN00355,CUST0425,ACC0425,2023-05-06,23534.68,Debit,MERCH080,LOC024,DEV173,NetBanking,Failed,0
TXN00356,CUST0485,ACC0485,2024-12-10,40449.35,Debit,MERCH012,LOC006,DEV101,UPI,Failed,0
TXN00357,CUST0460,ACC0460,2023-07-03,14454.22,Debit,MERCH090,LOC010,DEV128,UPI,Success,0
TXN00358,CUST0078,ACC0078,2023-07-29,26058.35,Debit,MERCH088,LOC035,DEV034,UPI,Failed,0
TXN00359,CUST0243,ACC0243,2023-12-22,21035.49,Debit,MERCH030,LOC034,DEV166,UPI,Success,0
TXN00360,CUST0172,ACC0172,2024-02-26,28956.3,Credit,MERCH059,LOC020,DEV146,Card,Failed,0
TXN00361,CUST0068,ACC0068,2023-11-10,8628.27,Debit,MERCH048,LOC019,DEV198,Card,Failed,0
TXN00362,CUST0433,ACC0433,2023-02-18,7459.5,Credit,MERCH021,LOC046,DEV138,Card,Success,0
TXN00363,CUST0147,ACC0147,2023-07-06,48661.64,Debit,MERCH041,LOC037,DEV033,UPI,Success,0
TXN00364,CUST0226,ACC0226,2023-09-24,18515.12,Debit,MERCH019,LOC024,DEV115,UPI,Success,0
TXN00365,CUST0277,ACC0277,2023-06-16,26705.47,Debit,MERCH064,LOC050,DEV038,UPI,Failed,0
TXN00366,CUST0486,ACC0486,2024-04-14,46394.17,Debit,MERCH038,LOC031,DEV075,UPI,Success,0
TXN00367,CUST0497,ACC0497,2024-08-10,33361.04,Credit,MERCH094,LOC031,DEV011,NetBanking,Success,0
TXN00368,CUST0072,ACC0072,2024-11-25,27570.45,Debit,MERCH080,LOC015,DEV115,Card,Failed,0
TXN00369,CUST0183,ACC0183,2023-04-05,16352.01,Debit,MERCH099,LOC018,DEV051,NetBanking,Success,0
TXN00370,CUST0012,ACC0012,2023-03-27,26943.69,Debit,MERCH025,LOC032,DEV082,Card,Failed,0
TXN00371,CUST0309,ACC0309,2024-09-11,25602.21,Debit,MERCH019,LOC046,DEV110,UPI,Failed,0
TXN00372,CUST0190,ACC0190,2024-01-31,18672.92,Debit,MERCH058,LOC036,DEV023,Card,Success,0
TXN00373,CUST0111,ACC0111,2024-03-30,37089.31,Credit,MERCH094,LOC028,DEV187,Card,Success,0
TXN00374,CUST0459,ACC0459,2024-02-29,7021.41,Debit,MERCH061,LOC034,DEV086,NetBanking,Success,0
TXN00375,CUST0034,ACC0034,2024-08-27,37817.9,Debit,MERCH082,LOC018,DEV107,UPI,Failed,0
TXN00376,CUST0090,ACC0090,2024-07-23,23132.89,Debit,MERCH049,LOC019,DEV142,NetBanking,Success,0
TXN00377,CUST0252,ACC0252,2023-02-13,41148.82,Debit,MERCH072,LOC048,DEV119,Card,Failed,0
TXN00378,CUST0115,ACC0115,2023-01-28,39571.42,Debit,MERCH082,LOC031,DEV032,UPI,Success,0
TXN00379,CUST0335,ACC0335,2024-11-12,44639.69,Debit,MERCH089,LOC042,DEV063,Card,Failed,0
TXN00380,CUST0015,ACC0015,2023-05-03,38247.68,Debit,MERCH073,LOC028,DEV067,Card,Success,0
TXN00381,CUST0322,ACC0322,2024-12-03,23828.23,Debit,MERCH021,LOC038,DEV015,UPI,Success,0
TXN00382,CUST0075,ACC0075,2023-11-24,23079.15,Debit,MERCH047,LOC027,DEV163,UPI,Success,0
TXN00383,CUST0467,ACC0467,2023-12-31,2483.31,Debit,MERCH024,LOC049,DEV025,Card,Success,0
TXN00384,CUST0307,ACC0307,2023-06-21,27208.43,Debit,MERCH089,LOC024,DEV025,Card,Success,0
TXN00385,CUST0274,ACC0274,2024-08-16,17613.89,Debit,MERCH048,LOC050,DEV125,UPI,Success,0
TXN00386,CUST0211,ACC0211,2023-12-15,46049.32,Debit,MERCH029,LOC013,DEV144,UPI,Success,0
TXN00387,CUST0315,ACC0315,2024-12-07,41579.24,Debit,MERCH059,LOC005,DEV030,NetBanking,Failed,0
TXN00388,CUST0420,ACC0420,2023-05-15,46174.32,Debit,MERCH018,LOC029,DEV153,Card,Success,0
TXN00389,CUST0268,ACC0268,2023-12-17,8651.75,Debit,MERCH089,LOC010,DEV177,Card,Success,0
TXN00390,CUST0117,ACC0117,2023-11-11,6310.94,Debit,MERCH089,LOC049,DEV029,UPI,Failed,0
TXN00391,CUST0040,ACC0040,2023-01-20,38745.88,Debit,MERCH085,LOC033,DEV152,Card,Success,0
TXN00392,CUST0031,ACC0031,2024-04-25,5990.16,Debit,MERCH002,LOC049,DEV025,Card,Success,0
TXN00393,CUST0401,ACC0401,2023-05-07,46008.9,Debit,MERCH004,LOC006,DEV038,UPI,Success,0
TXN00394,CUST0434,ACC0434,2023-10-12,47442.14,Debit,MERCH100,LOC047,DEV157,Card,Success,0
TXN00395,CUST0124,ACC0124,2024-06-01,28533.26,Debit,MERCH037,LOC011,DEV194,UPI,Success,0
TXN00396,CUST0276,ACC0276,2023-01-05,48680.32,Debit,MERCH047,LOC045,DEV151,UPI,Failed,0
TXN00397,CUST0095,ACC0095,2024-03-26,33692.61,Debit,MERCH055,LOC014,DEV132,UPI,Success,0
TXN00398,CUST0117,ACC0117,2024-02-22,5686.63,Debit,MERCH015,LOC034,DEV035,Card,Failed,0
TXN00399,CUST0254,ACC0254,2024-01-05,35251.31,Debit,MERCH015,LOC025,DEV073,NetBanking,Success,0
TXN00400,CUST0234,ACC0234,2024-09-06,36821.91,Debit,MERCH038,LOC028,DEV049,Card,Failed,0
TXN00401,CUST0439,ACC0439,2023-03-13,44742.99,Debit,MERCH087,LOC032,DEV173,Card,Success,1
TXN00402,CUST0054,ACC0054,2024-02-10,21931.01,Debit,MERCH089,LOC038,DEV027,UPI,Success,0
TXN00403,CUST0380,ACC0380,2023-06-22,3282.29,Debit,MERCH052,LOC008,DEV060,UPI,Success,0
TXN00404,CUST0430,ACC0430,2024-03-10,36273.76,Debit,MERCH046,LOC031,DEV171,Card,Failed,0
TXN00405,CUST0309,ACC0309,2024-02-19,49376.78,Debit,MERCH014,LOC008,DEV065,NetBanking,Success,0
TXN00406,CUST0251,ACC0251,2024-05-24,11579.55,Debit,MERCH009,LOC032,DEV174,UPI,Success,0
TXN00407,CUST0014,ACC0014,2023-07-03,19162.52,Debit,MERCH013,LOC049,DEV020,Card,Success,0
TXN00408,CUST0339,ACC0339,2024-06-16,38390.23,Debit,MERCH063,LOC033,DEV067,Card,Success,0
TXN00409,CUST0278,ACC0278,2023-12-18,40483.61,Debit,MERCH016,LOC025,DEV116,NetBanking,Success,0
TXN00410,CUST0162,ACC0162,2024-01-21,22155.68,Debit,MERCH100,LOC020,DEV181,UPI,Success,0
TXN00411,CUST0085,ACC0085,2024-05-18,21562.52,Credit,MERCH098,LOC008,DEV146,Card,Failed,0
TXN00412,CUST0346,ACC0346,2024-05-17,33020.93,Credit,MERCH072,LOC011,DEV130,NetBanking,Failed,0
TXN00413,CUST0029,ACC0029,2024-02-05,13206.38,Credit,MERCH037,LOC021,DEV016,NetBanking,Success,0
TXN00414,CUST0015,ACC0015,2024-08-27,2303.67,Debit,MERCH081,LOC022,DEV098,Card,Success,0
TXN00415,CUST0050,ACC0050,2024-03-14,17289.89,Credit,MERCH032,LOC016,DEV061,Card,Success,0
TXN00416,CUST0332,ACC0332,2023-11-16,29646.96,Debit,MERCH003,LOC035,DEV084,UPI,Success,0
TXN00417,CUST0020,ACC0020,2024-04-16,32905.5,Credit,MERCH061,LOC038,DEV006,Card,Success,1
TXN00418,CUST0163,ACC0163,2024-01-22,28539.16,Debit,MERCH013,LOC045,DEV173,Card,Failed,0
TXN00419,CUST0106,ACC0106,2023-12-11,24861.73,Debit,MERCH056,LOC013,DEV128,Card,Success,0
TXN00420,CUST0326,ACC0326,2023-03-19,42027.01,Debit,MERCH039,LOC037,DEV103,NetBanking,Success,0
TXN00421,CUST0412,ACC0412,2023-08-20,31247.39,Debit,MERCH073,LOC034,DEV122,UPI,Success,0
TXN00422,CUST0219,ACC0219,2023-08-03,17398.46,Debit,MERCH070,LOC021,DEV052,UPI,Success,0
TXN00423,CUST0213,ACC0213,2024-02-16,12600.68,Credit,MERCH081,LOC046,DEV133,NetBanking,Success,0
TXN00424,CUST0442,ACC0442,2023-07-11,28863.32,Credit,MERCH069,LOC040,DEV197,UPI,Success,0
TXN00425,CUST0465,ACC0465,2024-03-20,46735.06,Debit,MERCH031,LOC010,DEV192,UPI,Success,0
TXN00426,CUST0351,ACC0351,2023-11-04,42213.89,Debit,MERCH053,LOC018,DEV074,Card,Success,0
TXN00427,CUST0331,ACC0331,2023-06-14,12859.51,Debit,MERCH031,LOC008,DEV039,NetBanking,Failed,0
TXN00428,CUST0099,ACC0099,2023-01-29,12317.05,Credit,MERCH072,LOC028,DEV109,Card,Failed,0
TXN00429,CUST0332,ACC0332,2023-02-07,10139.43,Debit,MERCH036,LOC043,DEV141,Card,Success,0
TXN00430,CUST0091,ACC0091,2024-10-21,42633.42,Debit,MERCH011,LOC021,DEV155,Card,Success,0
TXN00431,CUST0153,ACC0153,2023-03-07,45033.72,Debit,MERCH093,LOC009,DEV061,Card,Success,0
TXN00432,CUST0058,ACC0058,2024-08-07,36737.3,Debit,MERCH012,LOC016,DEV154,UPI,Failed,0
TXN00433,CUST0063,ACC0063,2023-11-17,16497.83,Credit,MERCH028,LOC010,DEV028,NetBanking,Success,0
TXN00434,CUST0090,ACC0090,2023-08-08,48497.68,Credit,MERCH008,LOC032,DEV137,Card,Success,0
TXN00435,CUST0192,ACC0192,2024-12-17,47438.11,Credit,MERCH088,LOC016,DEV072,Card,Failed,0
TXN00436,CUST0451,ACC0451,2023-05-29,18181.75,Debit,MERCH078,LOC003,DEV190,Card,Success,0
TXN00437,CUST0340,ACC0340,2023-02-25,34549.59,Debit,MERCH040,LOC041,DEV180,UPI,Failed,0
TXN00438,CUST0186,ACC0186,2024-12-02,6146.59,Credit,MERCH002,LOC026,DEV066,UPI,Failed,0
TXN00439,CUST0155,ACC0155,2023-04-03,46819.3,Debit,MERCH021,LOC029,DEV162,UPI,Success,0
TXN00440,CUST0163,ACC0163,2024-10-21,20344.13,Debit,MERCH063,LOC031,DEV189,UPI,Success,0
TXN00441,CUST0212,ACC0212,2023-12-07,35883.43,Debit,MERCH046,LOC027,DEV155,UPI,Success,0
TXN00442,CUST0374,ACC0374,2024-07-14,36902.39,Debit,MERCH024,LOC041,DEV114,Card,Success,0
TXN00443,CUST0406,ACC0406,2024-10-18,6847.81,Debit,MERCH011,LOC008,DEV041,Card,Success,0
TXN00444,CUST0128,ACC0128,2024-06-12,35692.52,Credit,MERCH095,LOC009,DEV067,UPI,Success,0
TXN00445,CUST0089,ACC0089,2024-12-04,29671.37,Debit,MERCH048,LOC012,DEV101,Card,Success,0
TXN00446,CUST0449,ACC0449,2024-01-22,47240.62,Debit,MERCH072,LOC042,DEV157,NetBanking,Success,0
TXN00447,CUST0321,ACC0321,2023-08-23,45346.9,Debit,MERCH022,LOC004,DEV103,Card,Success,0
TXN00448,CUST0317,ACC0317,2024-03-15,30039.62,Debit,MERCH073,LOC008,DEV004,UPI,Success,0
TXN00449,CUST0368,ACC0368,2024-06-22,21786.18,Credit,MERCH027,LOC013,DEV069,Card,Success,0
TXN00450,CUST0148,ACC0148,2024-05-21,19134.57,Debit,MERCH037,LOC047,DEV174,Card,Success,0
TXN00451,CUST0097,ACC0097,2024-03-04,9059.48,Debit,MERCH031,LOC040,DEV116,UPI,Success,0
TXN00452,CUST0465,ACC0465,2023-09-12,18513.41,Debit,MERCH042,LOC045,DEV102,Card,Success,0
TXN00453,CUST0352,ACC0352,2023-08-06,35681.13,Debit,MERCH008,LOC004,DEV086,Card,Success,0
TXN00454,CUST0477,ACC0477,2023-08-29,23573.07,Debit,MERCH080,LOC025,DEV078,Card,Success,0
TXN00455,CUST0203,ACC0203,2024-11-18,18576.52,Debit,MERCH065,LOC032,DEV087,NetBanking,Success,0
TXN00456,CUST0450,ACC0450,2024-04-24,6639.38,Credit,MERCH041,LOC003,DEV033,Card,Success,0
TXN00457,CUST0256,ACC0256,2023-10-15,37403.78,Debit,MERCH098,LOC017,DEV133,Card,Success,0
TXN00458,CUST0161,ACC0161,2024-03-22,44638.96,Credit,MERCH085,LOC041,DEV113,Card,Success,0
TXN00459,CUST0028,ACC0028,2023-07-13,7473.61,Debit,MERCH021,LOC046,DEV120,UPI,Success,0
TXN00460,CUST0224,ACC0224,2023-04-29,49760.33,Debit,MERCH046,LOC046,DEV144,Card,Failed,0
TXN00461,CUST0249,ACC0249,2024-04-13,24674.78,Debit,MERCH037,LOC012,DEV044,UPI,Success,0
TXN00462,CUST0384,ACC0384,2024-06-04,41137.46,Debit,MERCH074,LOC012,DEV107,NetBanking,Success,0
TXN00463,CUST0472,ACC0472,2023-03-20,12345.56,Debit,MERCH088,LOC044,DEV032,Card,Success,1
TXN00464,CUST0202,ACC0202,2024-01-18,29537.41,Debit,MERCH059,LOC046,DEV169,UPI,Success,1
TXN00465,CUST0246,ACC0246,2024-04-09,31436.42,Debit,MERCH084,LOC040,DEV116,Card,Success,0
TXN00466,CUST0167,ACC0167,2024-08-05,6509.54,Debit,MERCH096,LOC005,DEV141,UPI,Success,0
TXN00467,CUST0488,ACC0488,2024-09-08,19100.48,Debit,MERCH099,LOC026,DEV023,Card,Success,0
TXN00468,CUST0011,ACC0011,2023-08-02,8188.89,Debit,MERCH063,LOC028,DEV189,Card,Success,0
TXN00469,CUST0413,ACC0413,2023-11-14,45191.53,Debit,MERCH048,LOC033,DEV052,NetBanking,Success,0
TXN00470,CUST0251,ACC0251,2024-04-01,44276.38,Debit,MERCH012,LOC049,DEV109,Card,Failed,0
TXN00471,CUST0416,ACC0416,2024-01-13,30712.7,Credit,MERCH044,LOC030,DEV174,Card,Success,0
TXN00472,CUST0115,ACC0115,2024-10-25,34327.51,Credit,MERCH056,LOC006,DEV123,UPI,Success,0
TXN00473,CUST0154,ACC0154,2023-06-02,49210.1,Debit,MERCH038,LOC037,DEV013,Card,Failed,0
TXN00474,CUST0283,ACC0283,2023-03-20,45869.24,Debit,MERCH053,LOC007,DEV119,NetBanking,Failed,0
TXN00475,CUST0339,ACC0339,2024-08-05,40650.6,Debit,MERCH003,LOC008,DEV190,Card,Success,0
TXN00476,CUST0339,ACC0339,2024-04-18,9018.63,Credit,MERCH091,LOC020,DEV081,UPI,Success,0
TXN00477,CUST0301,ACC0301,2024-04-10,37879.85,Debit,MERCH024,LOC014,DEV048,Card,Success,0
TXN00478,CUST0041,ACC0041,2024-09-10,13002.92,Credit,MERCH015,LOC001,DEV044,UPI,Success,1
TXN00479,CUST0336,ACC0336,2024-05-03,23035.14,Credit,MERCH079,LOC024,DEV177,Card,Success,0
TXN00480,CUST0345,ACC0345,2024-12-07,33771.36,Debit,MERCH025,LOC008,DEV005,Card,Success,0
TXN00481,CUST0357,ACC0357,2023-07-12,42957.65,Credit,MERCH056,LOC041,DEV138,UPI,Success,0
TXN00482,CUST0098,ACC0098,2023-03-30,15080.85,Debit,MERCH055,LOC002,DEV030,Card,Failed,0
TXN00483,CUST0086,ACC0086,2023-06-06,36952.12,Credit,MERCH003,LOC029,DEV150,Card,Failed,0
TXN00484,CUST0125,ACC0125,2023-07-26,14776.83,Debit,MERCH081,LOC046,DEV111,Card,Success,1
TXN00485,CUST0213,ACC0213,2024-05-22,36867.06,Debit,MERCH063,LOC033,DEV152,NetBanking,Success,0
TXN00486,CUST0372,ACC0372,2024-09-18,46767.28,Debit,MERCH055,LOC037,DEV081,Card,Success,0
TXN00487,CUST0284,ACC0284,2023-03-07,13429.05,Credit,MERCH083,LOC023,DEV115,Card,Success,0
TXN00488,CUST0358,ACC0358,2024-03-22,1089.31,Debit,MERCH045,LOC029,DEV060,Card,Failed,0
TXN00489,CUST0260,ACC0260,2023-08-13,29403.55,Credit,MERCH093,LOC046,DEV100,Card,Success,0
TXN00490,CUST0492,ACC0492,2024-03-02,41662.38,Credit,MERCH037,LOC045,DEV192,Card,Success,0
TXN00491,CUST0045,ACC0045,2024-11-14,24170.34,Debit,MERCH013,LOC027,DEV127,UPI,Success,0
TXN00492,CUST0156,ACC0156,2023-08-29,10511.18,Debit,MERCH046,LOC044,DEV041,UPI,Success,0
TXN00493,CUST0090,ACC0090,2024-05-30,1646.9,Debit,MERCH015,LOC040,DEV059,UPI,Failed,0
TXN00494,CUST0062,ACC0062,2024-07-29,11243.58,Debit,MERCH099,LOC036,DEV069,Card,Success,0
TXN00495,CUST0459,ACC0459,2023-06-04,42677.74,Debit,MERCH057,LOC030,DEV194,NetBanking,Success,0
TXN00496,CUST0057,ACC0057,2023-04-19,39093.54,Debit,MERCH022,LOC041,DEV031,NetBanking,Success,0
TXN00497,CUST0446,ACC0446,2023-07-30,45553.74,Debit,MERCH098,LOC033,DEV128,UPI,Failed,0
TXN00498,CUST0376,ACC0376,2023-04-12,7757.07,Debit,MERCH026,LOC029,DEV107,Card,Success,0
TXN00499,CUST0394,ACC0394,2023-01-07,12303.54,Debit,MERCH011,LOC018,DEV096,Card,Success,0
TXN00500,CUST0367,ACC0367,2024-02-29,18064.14,Debit,MERCH030,LOC009,DEV110,UPI,Failed,0
TXN00501,CUST0212,ACC0212,2024-02-24,44908.36,Debit,MERCH099,LOC001,DEV184,NetBanking,Success,0
TXN00502,CUST0413,ACC0413,2024-06-13,47184.96,Debit,MERCH099,LOC011,DEV112,UPI,Success,0
TXN00503,CUST0032,ACC0032,2024-02-07,37971.66,Debit,MERCH088,LOC045,DEV142,UPI,Success,0
TXN00504,CUST0448,ACC0448,2023-11-08,36091.47,Debit,MERCH068,LOC040,DEV038,Card,Success,0
TXN00505,CUST0359,ACC0359,2024-02-18,22337.14,Credit,MERCH084,LOC026,DEV199,UPI,Success,0
TXN00506,CUST0102,ACC0102,2023-11-05,4259.83,Debit,MERCH093,LOC047,DEV190,NetBanking,Failed,0
TXN00507,CUST0451,ACC0451,2023-05-10,26047.46,Debit,MERCH071,LOC020,DEV134,NetBanking,Success,0
TXN00508,CUST0175,ACC0175,2024-10-12,8043.37,Debit,MERCH039,LOC047,DEV109,UPI,Success,0
TXN00509,CUST0259,ACC0259,2023-04-24,36612.71,Debit,MERCH097,LOC042,DEV032,Card,Success,0
TXN00510,CUST0230,ACC0230,2023-11-02,28643.14,Credit,MERCH096,LOC038,DEV145,UPI,Success,0
TXN00511,CUST0366,ACC0366,2024-10-04,33292.75,Debit,MERCH086,LOC046,DEV147,NetBanking,Success,0
TXN00512,CUST0345,ACC0345,2023-05-24,35731.83,Debit,MERCH075,LOC013,DEV200,NetBanking,Success,0
TXN00513,CUST0185,ACC0185,2024-04-10,4944.49,Credit,MERCH055,LOC009,DEV122,Card,Success,0
TXN00514,CUST0110,ACC0110,2024-04-01,3949.73,Credit,MERCH034,LOC038,DEV128,NetBanking,Failed,0
TXN00515,CUST0326,ACC0326,2024-03-09,49825.76,Credit,MERCH017,LOC032,DEV183,Card,Success,0
TXN00516,CUST0235,ACC0235,2023-05-13,48403.19,Debit,MERCH005,LOC048,DEV041,NetBanking,Success,0
TXN00517,CUST0484,ACC0484,2024-07-26,18498.14,Credit,MERCH074,LOC019,DEV011,UPI,Success,0
TXN00518,CUST0268,ACC0268,2023-06-06,5931.22,Debit,MERCH004,LOC010,DEV037,Card,Success,0
TXN00519,CUST0402,ACC0402,2024-08-26,21116.76,Debit,MERCH095,LOC032,DEV001,Card,Success,0
TXN00520,CUST0063,ACC0063,2024-07-14,17465.01,Credit,MERCH074,LOC020,DEV145,UPI,Failed,0
TXN00521,CUST0232,ACC0232,2023-12-12,39078.4,Debit,MERCH059,LOC049,DEV116,Card,Success,0
TXN00522,CUST0342,ACC0342,2024-04-04,7491.68,Debit,MERCH050,LOC015,DEV102,Card,Failed,0
TXN00523,CUST0174,ACC0174,2024-07-07,2338.69,Debit,MERCH091,LOC002,DEV147,Card,Success,0
TXN00524,CUST0323,ACC0323,2024-12-25,15476.96,Debit,MERCH070,LOC037,DEV194,UPI,Success,0
TXN00525,CUST0028,ACC0028,2024-08-06,26111.6,Debit,MERCH069,LOC012,DEV005,Card,Success,0
TXN00526,CUST0141,ACC0141,2023-07-30,12302.07,Credit,MERCH078,LOC021,DEV103,NetBanking,Success,0
TXN00527,CUST0302,ACC0302,2023-02-16,24599.08,Debit,MERCH024,LOC027,DEV007,UPI,Failed,0
TXN00528,CUST0441,ACC0441,2024-06-24,15903.25,Debit,MERCH070,LOC011,DEV074,Card,Success,0
TXN00529,CUST0074,ACC0074,2023-07-07,12814.95,Debit,MERCH087,LOC011,DEV016,UPI,Success,0
TXN00530,CUST0315,ACC0315,2023-11-30,9113.82,Debit,MERCH013,LOC021,DEV037,UPI,Failed,0
TXN00531,CUST0212,ACC0212,2023-11-28,12933.82,Debit,MERCH077,LOC038,DEV061,UPI,Success,0
TXN00532,CUST0253,ACC0253,2024-06-04,37631.88,Debit,MERCH060,LOC036,DEV105,Card,Success,0
TXN00533,CUST0034,ACC0034,2024-05-10,1493.88,Debit,MERCH076,LOC044,DEV026,UPI,Success,0
TXN00534,CUST0127,ACC0127,2024-07-22,32594.97,Debit,MERCH058,LOC006,DEV163,UPI,Failed,0
TXN00535,CUST0257,ACC0257,2023-07-28,39154.94,Debit,MERCH069,LOC028,DEV143,UPI,Success,0
TXN00536,CUST0232,ACC0232,2023-02-12,100.0,Debit,MERCH062,LOC018,DEV154,Card,Success,1
TXN00537,CUST0129,ACC0129,2024-11-27,19038.67,Debit,MERCH095,LOC035,DEV145,Card,Success,0
TXN00538,CUST0036,ACC0036,2023-11-04,4531.27,Debit,MERCH027,LOC040,DEV130,UPI,Success,0
TXN00539,CUST0491,ACC0491,2023-11-22,44202.38,Debit,MERCH035,LOC016,DEV170,Card,Failed,0
TXN00540,CUST0165,ACC0165,2023-12-16,10570.66,Debit,MERCH018,LOC042,DEV001,NetBanking,Success,0
TXN00541,CUST0312,ACC0312,2024-05-02,263.75,Debit,MERCH072,LOC045,DEV181,UPI,Failed,0
TXN00542,CUST0251,ACC0251,2024-02-07,26929.67,Debit,MERCH087,LOC008,DEV091,UPI,Failed,0
TXN00543,CUST0498,ACC0498,2024-01-21,41381.97,Credit,MERCH090,LOC001,DEV032,Card,Success,0
TXN00544,CUST0237,ACC0237,2024-01-15,46815.58,Debit,MERCH098,LOC018,DEV175,Card,Success,0
TXN00545,CUST0472,ACC0472,2024-12-27,17923.16,Debit,MERCH064,LOC024,DEV010,UPI,Success,0
TXN00546,CUST0144,ACC0144,2024-05-19,45230.15,Debit,MERCH082,LOC026,DEV029,NetBanking,Success,0
TXN00547,CUST0446,ACC0446,2023-10-12,28476.66,Debit,MERCH073,LOC044,DEV175,Card,Success,0
TXN00548,CUST0309,ACC0309,2024-08-01,8817.67,Debit,MERCH073,LOC015,DEV134,NetBanking,Success,0
TXN00549,CUST0374,ACC0374,2023-10-08,9632.98,Debit,MERCH001,LOC028,DEV165,UPI,Failed,0
TXN00550,CUST0345,ACC0345,2024-10-27,2640.55,Credit,MERCH036,LOC008,DEV175,Card,Failed,0
TXN00551,CUST0266,ACC0266,2024-04-22,24803.96,Debit,MERCH054,LOC035,DEV115,NetBanking,Success,0
TXN00552,CUST0162,ACC0162,2023-01-06,19623.35,Debit,MERCH029,LOC045,DEV109,Card,Success,0
TXN00553,CUST0491,ACC0491,2023-03-18,45853.91,Debit,MERCH081,LOC041,DEV025,UPI,Success,0
TXN00554,CUST0015,ACC0015,2024-05-06,21625.85,Debit,MERCH061,LOC016,DEV088,UPI,Success,0
TXN00555,CUST0427,ACC0427,2023-02-25,41090.61,Debit,MERCH080,LOC029,DEV196,NetBanking,Success,0
TXN00556,CUST0049,ACC0049,2024-10-02,22350.49,Debit,MERCH049,LOC021,DEV178,UPI,Success,0
TXN00557,CUST0034,ACC0034,2023-05-11,3147.01,Debit,MERCH056,LOC005,DEV027,Card,Success,0
TXN00558,CUST0347,ACC0347,2023-02-27,27984.94,Credit,MERCH013,LOC040,DEV193,Card,Failed,0
TXN00559,CUST0211,ACC0211,2023-08-27,43235.91,Debit,MERCH050,LOC030,DEV110,NetBanking,Failed,0
TXN00560,CUST0451,ACC0451,2024-09-27,30980.57,Debit,MERCH067,LOC022,DEV151,Card,Failed,0
TXN00561,CUST0099,ACC0099,2023-04-21,5179.35,Debit,MERCH017,LOC041,DEV131,NetBanking,Success,0
TXN00562,CUST0132,ACC0132,2023-12-30,21079.3,Credit,MERCH006,LOC004,DEV033,NetBanking,Success,0
TXN00563,CUST0160,ACC0160,2024-08-21,21820.61,Debit,MERCH040,LOC039,DEV088,Card,Success,0
TXN00564,CUST0150,ACC0150,2024-01-13,48515.04,Debit,MERCH072,LOC004,DEV109,NetBanking,Success,0
TXN00565,CUST0177,ACC0177,2023-07-20,48826.71,Debit,MERCH061,LOC045,DEV178,UPI,Success,0
TXN00566,CUST0240,ACC0240,2024-09-06,34636.07,Debit,MERCH021,LOC007,DEV117,NetBanking,Success,0
TXN00567,CUST0449,ACC0449,2023-02-13,24821.74,Debit,MERCH028,LOC016,DEV124,UPI,Success,0
TXN00568,CUST0377,ACC0377,2023-12-06,40373.2,Debit,MERCH024,LOC001,DEV093,Card,Failed,0
TXN00569,CUST0006,ACC0006,2023-03-17,17926.44,Debit,MERCH025,LOC041,DEV150,NetBanking,Success,0
TXN00570,CUST0468,ACC0468,2024-01-04,2243.05,Debit,MERCH029,LOC017,DEV185,UPI,Success,0
TXN00571,CUST0090,ACC0090,2023-12-14,42384.33,Debit,MERCH034,LOC007,DEV006,UPI,Success,1
TXN00572,CUST0426,ACC0426,2024-11-24,6905.31,Debit,MERCH031,LOC024,DEV096,UPI,Success,0
TXN00573,CUST0339,ACC0339,2023-06-25,47061.03,Credit,MERCH017,LOC013,DEV050,NetBanking,Success,0
TXN00574,CUST0273,ACC0273,2024-01-23,34732.98,Credit,MERCH098,LOC040,DEV151,Card,Success,0
TXN00575,CUST0097,ACC0097,2024-07-02,14744.43,Debit,MERCH036,LOC009,DEV131,UPI,Success,0
TXN00576,CUST0496,ACC0496,2024-08-21,44297.42,Debit,MERCH085,LOC040,DEV017,UPI,Failed,0
TXN00577,CUST0086,ACC0086,2024-06-04,19436.39,Debit,MERCH067,LOC030,DEV046,NetBanking,Failed,0
TXN00578,CUST0165,ACC0165,2024-12-30,18725.24,Credit,MERCH035,LOC038,DEV103,Card,Failed,0
TXN00579,CUST0327,ACC0327,2024-08-20,32504.38,Debit,MERCH031,LOC026,DEV056,UPI,Success,0
TXN00580,CUST0157,ACC0157,2024-03-11,44441.01,Debit,MERCH011,LOC009,DEV193,NetBanking,Success,0
TXN00581,CUST0044,ACC0044,2023-10-30,22253.04,Debit,MERCH080,LOC022,DEV110,Card,Success,0
TXN00582,CUST0231,ACC0231,2024-04-23,21653.66,Credit,MERCH004,LOC012,DEV114,Card,Success,0
TXN00583,CUST0120,ACC0120,2023-09-29,32285.47,Debit,MERCH066,LOC035,DEV165,Card,Success,0
TXN00584,CUST0041,ACC0041,2023-10-11,46333.97,Debit,MERCH070,LOC013,DEV086,UPI,Success,0
TXN00585,CUST0101,ACC0101,2024-11-22,16495.6,Debit,MERCH018,LOC049,DEV184,Card,Success,0
TXN00586,CUST0379,ACC0379,2024-07-10,45623.51,Debit,MERCH052,LOC026,DEV149,UPI,Success,0
TXN00587,CUST0388,ACC0388,2024-11-02,643.94,Debit,MERCH030,LOC015,DEV186,NetBanking,Failed,0
TXN00588,CUST0384,ACC0384,2023-08-03,23748.19,Credit,MERCH044,LOC006,DEV081,NetBanking,Failed,0
TXN00589,CUST0434,ACC0434,2023-07-12,21468.21,Debit,MERCH058,LOC036,DEV008,Card,Failed,0
TXN00590,CUST0192,ACC0192,2023-05-23,28896.55,Debit,MERCH085,LOC023,DEV087,UPI,Success,0
TXN00591,CUST0116,ACC0116,2024-03-05,21314.68,Debit,MERCH073,LOC003,DEV036,Card,Success,0
TXN00592,CUST0079,ACC0079,2023-12-05,28431.13,Credit,MERCH027,LOC026,DEV017,NetBanking,Failed,0
TXN00593,CUST0274,ACC0274,2024-01-31,9457.52,Debit,MERCH082,LOC020,DEV024,UPI,Failed,0
TXN00594,CUST0088,ACC0088,2023-04-17,33760.53,Debit,MERCH004,LOC012,DEV051,UPI,Failed,0
TXN00595,CUST0036,ACC0036,2024-01-31,14226.69,Debit,MERCH048,LOC034,DEV003,UPI,Success,0
TXN00596,CUST0088,ACC0088,2023-12-01,42992.38,Credit,MERCH017,LOC035,DEV108,Card,Success,0
TXN00597,CUST0245,ACC0245,2023-03-12,19480.2,Debit,MERCH091,LOC043,DEV122,UPI,Success,0
TXN00598,CUST0082,ACC0082,2024-09-10,28775.81,Debit,MERCH036,LOC013,DEV002,Card,Failed,0
TXN00599,CUST0074,ACC0074,2024-04-01,3245.3,Debit,MERCH063,LOC030,DEV119,Card,Success,0
TXN00600,CUST0295,ACC0295,2023-02-10,36877.67,Credit,MERCH092,LOC020,DEV101,Card,Success,0
TXN00601,CUST0314,ACC0314,2023-06-29,20781.89,Credit,MERCH050,LOC043,DEV047,UPI,Failed,0
TXN00602,CUST0358,ACC0358,2024-08-05,4821.93,Debit,MERCH081,LOC035,DEV075,UPI,Success,0
TXN00603,CUST0342,ACC0342,2023-03-10,34917.3,Credit,MERCH098,LOC036,DEV032,UPI,Failed,0
TXN00604,CUST0189,ACC0189,2023-03-20,37782.07,Debit,MERCH058,LOC011,DEV065,NetBanking,Failed,0
TXN00605,CUST0107,ACC0107,2024-06-02,2279.53,Debit,MERCH049,LOC022,DEV191,UPI,Failed,0
TXN00606,CUST0205,ACC0205,2023-07-19,19863.88,Debit,MERCH018,LOC021,DEV172,UPI,Success,0
TXN00607,CUST0384,ACC0384,2024-04-20,24263.72,Debit,MERCH057,LOC009,DEV121,UPI,Success,0
TXN00608,CUST0421,ACC0421,2023-10-13,42086.05,Debit,MERCH016,LOC035,DEV190,UPI,Success,0
TXN00609,CUST0201,ACC0201,2023-06-22,3925.39,Debit,MERCH023,LOC014,DEV183,UPI,Success,0
TXN00610,CUST0018,ACC0018,2024-11-22,26638.33,Debit,MERCH040,LOC029,DEV014,Card,Success,0
TXN00611,CUST0307,ACC0307,2023-01-05,2480.8,Debit,MERCH031,LOC013,DEV024,Card,Success,0
TXN00612,CUST0009,ACC0009,2024-03-07,1445.81,Debit,MERCH009,LOC015,DEV025,UPI,Success,0
TXN00613,CUST0409,ACC0409,2024-11-11,8435.75,Debit,MERCH066,LOC007,DEV084,UPI,Failed,0
TXN00614,CUST0166,ACC0166,2024-07-29,31357.98,Debit,MERCH055,LOC008,DEV060,NetBanking,Failed,0
TXN00615,CUST0110,ACC0110,2023-04-19,17860.99,Debit,MERCH084,LOC021,DEV004,UPI,Failed,0
TXN00616,CUST0200,ACC0200,2023-08-06,22965.86,Debit,MERCH028,LOC027,DEV078,UPI,Success,0
TXN00617,CUST0393,ACC0393,2024-09-05,25003.82,Debit,MERCH077,LOC021,DEV162,UPI,Success,0
TXN00618,CUST0357,ACC0357,2024-02-02,33911.13,Debit,MERCH089,LOC021,DEV171,UPI,Success,0
TXN00619,CUST0247,ACC0247,2023-03-11,16788.51,Credit,MERCH066,LOC041,DEV190,NetBanking,Failed,0
TXN00620,CUST0120,ACC0120,2024-05-30,29394.05,Debit,MERCH016,LOC020,DEV061,UPI,Success,0
TXN00621,CUST0378,ACC0378,2024-03-14,37874.42,Debit,MERCH064,LOC019,DEV052,NetBanking,Success,0
TXN00622,CUST0078,ACC0078,2024-01-20,10259.05,Debit,MERCH095,LOC022,DEV035,UPI,Failed,0
TXN00623,CUST0143,ACC0143,2023-11-22,32197.92,Credit,MERCH030,LOC047,DEV085,UPI,Success,0
TXN00624,CUST0176,ACC0176,2023-09-06,10330.58,Debit,MERCH049,LOC034,DEV083,UPI,Success,0
TXN00625,CUST0094,ACC0094,2024-03-28,31507.64,Credit,MERCH007,LOC041,DEV037,UPI,Success,0
TXN00626,CUST0481,ACC0481,2023-07-29,6321.77,Debit,MERCH055,LOC047,DEV120,UPI,Success,0
TXN00627,CUST0160,ACC0160,2023-06-18,36097.6,Credit,MERCH039,LOC019,DEV148,UPI,Success,0
TXN00628,CUST0230,ACC0230,2024-10-12,10109.98,Debit,MERCH022,LOC031,DEV113,Card,Success,0
TXN00629,CUST0217,ACC0217,2024-06-01,30489.24,Debit,MERCH003,LOC049,DEV098,Card,Failed,0
TXN00630,CUST0219,ACC0219,2023-03-27,37954.97,Debit,MERCH060,LOC020,DEV117,Card,Success,0
TXN00631,CUST0146,ACC0146,2024-01-20,28129.0,Debit,MERCH061,LOC013,DEV040,Card,Success,0
TXN00632,CUST0470,ACC0470,2023-07-14,258.82,Debit,MERCH052,LOC027,DEV102,NetBanking,Failed,0
TXN00633,CUST0497,ACC0497,2024-01-18,19232.67,Debit,MERCH005,LOC008,DEV099,Card,Failed,0
TXN00634,CUST0478,ACC0478,2024-08-02,8160.0,Debit,MERCH063,LOC041,DEV177,Card,Success,0
TXN00635,CUST0189,ACC0189,2024-12-14,2932.35,Credit,MERCH005,LOC024,DEV162,Card,Success,0
TXN00636,CUST0362,ACC0362,2024-11-23,1461.39,Debit,MERCH088,LOC010,DEV066,UPI,Failed,0
TXN00637,CUST0127,ACC0127,2024-09-08,28938.17,Debit,MERCH083,LOC046,DEV099,UPI,Success,0
TXN00638,CUST0204,ACC0204,2024-12-24,29328.71,Debit,MERCH022,LOC028,DEV065,UPI,Failed,0
TXN00639,CUST0355,ACC0355,2023-11-06,25057.31,Credit,MERCH097,LOC047,DEV023,NetBanking,Success,0
TXN00640,CUST0056,ACC0056,2024-10-13,28651.95,Debit,MERCH096,LOC026,DEV179,Card,Success,0
TXN00641,CUST0158,ACC0158,2023-01-07,49351.92,Debit,MERCH090,LOC027,DEV135,Card,Success,0
TXN00642,CUST0214,ACC0214,2024-11-01,14452.6,Debit,MERCH091,LOC009,DEV051,Card,Success,0
TXN00643,CUST0250,ACC0250,2023-07-06,25155.56,Credit,MERCH008,LOC048,DEV047,UPI,Success,0
TXN00644,CUST0415,ACC0415,2023-07-16,13004.63,Credit,MERCH022,LOC006,DEV076,Card,Success,0
TXN00645,CUST0044,ACC0044,2024-01-22,6277.84,Debit,MERCH062,LOC032,DEV173,UPI,Success,0
TXN00646,CUST0390,ACC0390,2023-04-14,524.85,Debit,MERCH067,LOC001,DEV097,Card,Success,0
TXN00647,CUST0309,ACC0309,2024-06-16,49345.5,Credit,MERCH097,LOC022,DEV155,Card,Failed,0
TXN00648,CUST0220,ACC0220,2023-12-11,18570.72,Debit,MERCH086,LOC026,DEV097,Card,Success,0
TXN00649,CUST0313,ACC0313,2023-02-28,48766.49,Debit,MERCH090,LOC026,DEV186,Card,Success,0
TXN00650,CUST0428,ACC0428,2023-05-23,1332.74,Debit,MERCH080,LOC044,DEV169,UPI,Success,0
TXN00651,CUST0446,ACC0446,2024-05-01,25769.95,Debit,MERCH047,LOC003,DEV189,UPI,Success,1
TXN00652,CUST0167,ACC0167,2024-11-25,22243.09,Credit,MERCH095,LOC040,DEV021,NetBanking,Failed,0
TXN00653,CUST0179,ACC0179,2024-03-14,46957.28,Debit,MERCH038,LOC039,DEV050,Card,Failed,0
TXN00654,CUST0365,ACC0365,2023-05-27,43499.44,Debit,MERCH012,LOC020,DEV173,NetBanking,Success,0
TXN00655,CUST0281,ACC0281,2024-04-23,8444.24,Debit,MERCH085,LOC035,DEV062,Card,Failed,0
TXN00656,CUST0125,ACC0125,2023-08-05,8563.13,Debit,MERCH092,LOC002,DEV042,UPI,Failed,0
TXN00657,CUST0476,ACC0476,2023-12-01,45137.29,Debit,MERCH086,LOC008,DEV171,Card,Success,0
TXN00658,CUST0070,ACC0070,2024-07-01,31695.73,Debit,MERCH074,LOC050,DEV154,Card,Success,0
TXN00659,CUST0034,ACC0034,2024-10-21,17194.13,Credit,MERCH015,LOC019,DEV023,Card,Success,0
TXN00660,CUST0058,ACC0058,2023-04-02,17044.88,Debit,MERCH017,LOC021,DEV098,NetBanking,Success,0
TXN00661,CUST0296,ACC0296,2023-01-02,15574.41,Debit,MERCH055,LOC021,DEV198,NetBanking,Failed,0
TXN00662,CUST0187,ACC0187,2024-11-26,46699.56,Debit,MERCH069,LOC030,DEV081,UPI,Success,0
TXN00663,CUST0075,ACC0075,2023-10-31,41868.97,Credit,MERCH019,LOC048,DEV171,Card,Success,0
TXN00664,CUST0435,ACC0435,2024-12-20,1765.48,Debit,MERCH091,LOC037,DEV123,Card,Success,0
TXN00665,CUST0324,ACC0324,2023-08-09,24776.52,Debit,MERCH092,LOC014,DEV188,Card,Success,0
TXN00666,CUST0479,ACC0479,2023-08-19,35035.35,Debit,MERCH094,LOC026,DEV077,UPI,Failed,0
TXN00667,CUST0418,ACC0418,2024-11-06,45623.2,Debit,MERCH044,LOC028,DEV174,UPI,Failed,0
TXN00668,CUST0243,ACC0243,2023-12-23,37897.82,Debit,MERCH025,LOC045,DEV141,Card,Success,0
TXN00669,CUST0202,ACC0202,2023-04-10,6588.49,Debit,MERCH021,LOC037,DEV036,NetBanking,Success,0
TXN00670,CUST0227,ACC0227,2024-12-13,24147.96,Debit,MERCH026,LOC048,DEV167,UPI,Success,0
TXN00671,CUST0005,ACC0005,2024-01-06,36311.58,Debit,MERCH055,LOC044,DEV044,NetBanking,Success,0
TXN00672,CUST0475,ACC0475,2023-02-27,4847.58,Debit,MERCH066,LOC042,DEV087,Card,Success,0
TXN00673,CUST0304,ACC0304,2024-03-20,48487.86,Debit,MERCH051,LOC032,DEV078,Card,Success,0
TXN00674,CUST0353,ACC0353,2024-09-02,47730.04,Debit,MERCH084,LOC025,DEV071,Card,Failed,0
TXN00675,CUST0324,ACC0324,2024-10-30,22283.66,Debit,MERCH063,LOC042,DEV172,UPI,Success,0
TXN00676,CUST0466,ACC0466,2024-06-05,11285.51,Credit,MERCH013,LOC038,DEV047,NetBanking,Success,0
TXN00677,CUST0197,ACC0197,2024-05-10,49997.71,Debit,MERCH009,LOC046,DEV138,Card,Success,0
TXN00678,CUST0095,ACC0095,2024-02-20,40652.75,Credit,MERCH009,LOC034,DEV150,UPI,Failed,0
TXN00679,CUST0276,ACC0276,2024-10-29,6248.26,Debit,MERCH089,LOC012,DEV002,UPI,Success,0
TXN00680,CUST0285,ACC0285,2024-04-02,40035.62,Debit,MERCH084,LOC011,DEV023,UPI,Success,0
TXN00681,CUST0288,ACC0288,2023-09-20,42579.93,Debit,MERCH047,LOC035,DEV044,UPI,Success,0
TXN00682,CUST0217,ACC0217,2024-11-04,54.27,Debit,MERCH057,LOC009,DEV148,Card,Success,0
TXN00683,CUST0252,ACC0252,2024-12-12,15681.16,Debit,MERCH006,LOC016,DEV010,Card,Success,0
TXN00684,CUST0097,ACC0097,2023-05-26,15020.48,Debit,MERCH036,LOC009,DEV187,UPI,Success,0
TXN00685,CUST0319,ACC0319,2024-03-08,3764.26,Debit,MERCH084,LOC011,DEV103,Card,Failed,0
TXN00686,CUST0234,ACC0234,2023-03-27,47239.79,Debit,MERCH094,LOC018,DEV163,Card,Success,0
TXN00687,CUST0357,ACC0357,2024-10-23,9671.74,Debit,MERCH020,LOC021,DEV112,Card,Failed,0
TXN00688,CUST0195,ACC0195,2023-01-27,48202.68,Debit,MERCH015,LOC044,DEV141,UPI,Success,0
TXN00689,CUST0209,ACC0209,2023-03-09,16501.41,Debit,MERCH019,LOC015,DEV071,UPI,Success,0
TXN00690,CUST0006,ACC0006,2023-04-11,18888.94,Credit,MERCH016,LOC012,DEV135,UPI,Success,0
TXN00691,CUST0373,ACC0373,2023-11-10,29461.91,Debit,MERCH037,LOC036,DEV070,Card,Success,0
TXN00692,CUST0312,ACC0312,2023-04-12,44833.68,Debit,MERCH024,LOC023,DEV190,UPI,Failed,0
TXN00693,CUST0348,ACC0348,2024-06-28,27606.0,Credit,MERCH088,LOC033,DEV183,Card,Success,0
TXN00694,CUST0080,ACC0080,2024-11-04,6362.1,Debit,MERCH082,LOC024,DEV182,Card,Success,0
TXN00695,CUST0399,ACC0399,2023-09-13,33926.85,Credit,MERCH046,LOC030,DEV129,Card,Success,0
TXN00696,CUST0147,ACC0147,2023-10-10,47633.19,Debit,MERCH012,LOC020,DEV105,NetBanking,Success,0
TXN00697,CUST0395,ACC0395,2023-11-17,42270.02,Debit,MERCH022,LOC037,DEV015,UPI,Success,0
TXN00698,CUST0044,ACC0044,2023-10-20,27730.28,Debit,MERCH087,LOC033,DEV188,Card,Failed,0
TXN00699,CUST0070,ACC0070,2024-05-06,24915.37,Debit,MERCH002,LOC040,DEV049,NetBanking,Failed,0
TXN00700,CUST0467,ACC0467,2023-01-08,35722.3,Debit,MERCH085,LOC034,DEV176,NetBanking,Success,0
TXN00701,CUST0312,ACC0312,2023-02-13,30388.31,Debit,MERCH018,LOC033,DEV091,UPI,Success,0
TXN00702,CUST0488,ACC0488,2023-02-22,21164.98,Debit,MERCH044,LOC044,DEV064,Card,Success,0
TXN00703,CUST0426,ACC0426,2024-07-06,42546.31,Debit,MERCH034,LOC014,DEV001,UPI,Success,0
TXN00704,CUST0378,ACC0378,2024-10-08,28463.66,Debit,MERCH080,LOC032,DEV015,UPI,Success,0
TXN00705,CUST0183,ACC0183,2023-01-07,30795.74,Debit,MERCH045,LOC047,DEV048,Card,Success,0
TXN00706,CUST0206,ACC0206,2023-12-30,492.74,Credit,MERCH066,LOC010,DEV106,Card,Success,0
TXN00707,CUST0064,ACC0064,2024-05-14,395.18,Debit,MERCH051,LOC024,DEV077,Card,Failed,0
TXN00708,CUST0187,ACC0187,2024-03-14,44615.06,Debit,MERCH085,LOC029,DEV042,NetBanking,Success,0
TXN00709,CUST0072,ACC0072,2023-12-29,37367.2,Debit,MERCH037,LOC003,DEV035,UPI,Success,0
TXN00710,CUST0203,ACC0203,2024-03-07,37209.0,Debit,MERCH086,LOC018,DEV031,UPI,Success,0
TXN00711,CUST0216,ACC0216,2024-05-15,27528.68,Debit,MERCH065,LOC047,DEV190,UPI,Failed,0
TXN00712,CUST0432,ACC0432,2024-02-03,6614.31,Debit,MERCH065,LOC001,DEV197,UPI,Success,0
TXN00713,CUST0351,ACC0351,2023-08-31,2649.39,Credit,MERCH038,LOC019,DEV125,Card,Success,0
TXN00714,CUST0043,ACC0043,2024-03-15,12424.98,Debit,MERCH015,LOC017,DEV180,UPI,Success,0
TXN00715,CUST0127,ACC0127,2024-11-13,41039.44,Credit,MERCH065,LOC040,DEV047,UPI,Success,0
TXN00716,CUST0097,ACC0097,2024-08-28,31463.95,Debit,MERCH005,LOC018,DEV050,UPI,Success,0
TXN00717,CUST0476,ACC0476,2023-05-30,21343.83,Debit,MERCH049,LOC027,DEV135,NetBanking,Success,0
TXN00718,CUST0157,ACC0157,2024-12-17,31683.83,Debit,MERCH008,LOC033,DEV110,UPI,Success,0
TXN00719,CUST0330,ACC0330,2023-02-22,15249.29,Debit,MERCH092,LOC027,DEV064,Card,Success,0
TXN00720,CUST0164,ACC0164,2023-02-18,9128.49,Debit,MERCH061,LOC018,DEV156,UPI,Success,0
TXN00721,CUST0052,ACC0052,2024-03-17,9282.76,Debit,MERCH013,LOC043,DEV004,Card,Success,0
TXN00722,CUST0350,ACC0350,2024-07-19,38534.66,Debit,MERCH047,LOC048,DEV200,UPI,Success,0
TXN00723,CUST0302,ACC0302,2024-06-25,30255.45,Debit,MERCH012,LOC007,DEV034,UPI,Success,0
TXN00724,CUST0323,ACC0323,2024-09-08,6061.7,Debit,MERCH013,LOC005,DEV140,NetBanking,Success,0
TXN00725,CUST0317,ACC0317,2023-12-18,15108.75,Debit,MERCH025,LOC027,DEV141,Card,Success,0
TXN00726,CUST0365,ACC0365,2023-09-16,44584.75,Debit,MERCH092,LOC008,DEV112,NetBanking,Success,0
TXN00727,CUST0035,ACC0035,2024-05-09,20979.26,Debit,MERCH090,LOC009,DEV075,NetBanking,Success,0
TXN00728,CUST0024,ACC0024,2024-08-02,3086.63,Credit,MERCH088,LOC035,DEV132,UPI,Failed,0
TXN00729,CUST0498,ACC0498,2023-03-18,8317.64,Credit,MERCH052,LOC039,DEV070,NetBanking,Failed,0
TXN00730,CUST0106,ACC0106,2023-07-08,229.85,Debit,MERCH066,LOC030,DEV129,NetBanking,Success,0
TXN00731,CUST0363,ACC0363,2024-06-21,12978.79,Debit,MERCH022,LOC015,DEV012,UPI,Success,0
TXN00732,CUST0274,ACC0274,2023-09-01,14627.57,Debit,MERCH007,LOC042,DEV064,UPI,Success,0
TXN00733,CUST0422,ACC0422,2023-08-04,26753.02,Debit,MERCH091,LOC036,DEV068,UPI,Success,0
TXN00734,CUST0370,ACC0370,2023-05-17,20446.73,Debit,MERCH081,LOC001,DEV092,NetBanking,Success,0
TXN00735,CUST0113,ACC0113,2023-10-14,8877.93,Debit,MERCH084,LOC017,DEV161,UPI,Failed,0
TXN00736,CUST0325,ACC0325,2024-09-10,27566.35,Debit,MERCH075,LOC041,DEV193,Card,Success,0
TXN00737,CUST0203,ACC0203,2023-06-09,22330.49,Debit,MERCH012,LOC032,DEV047,Card,Success,0
TXN00738,CUST0236,ACC0236,2023-07-09,40789.12,Debit,MERCH094,LOC012,DEV166,UPI,Failed,0
TXN00739,CUST0145,ACC0145,2023-01-22,15542.5,Credit,MERCH010,LOC028,DEV063,UPI,Success,0
TXN00740,CUST0233,ACC0233,2024-10-22,48520.75,Debit,MERCH049,LOC025,DEV006,UPI,Success,0
TXN00741,CUST0057,ACC0057,2023-01-14,38184.12,Debit,MERCH035,LOC010,DEV161,UPI,Success,0
TXN00742,CUST0308,ACC0308,2023-01-14,39630.4,Debit,MERCH011,LOC013,DEV036,UPI,Success,0
TXN00743,CUST0246,ACC0246,2024-07-30,44624.9,Debit,MERCH032,LOC004,DEV140,UPI,Success,0
TXN00744,CUST0355,ACC0355,2023-10-01,31392.92,Debit,MERCH038,LOC007,DEV131,UPI,Success,0
TXN00745,CUST0454,ACC0454,2024-03-01,7134.66,Debit,MERCH019,LOC023,DEV168,UPI,Success,0
TXN00746,CUST0147,ACC0147,2023-08-20,46088.46,Debit,MERCH022,LOC008,DEV058,Card,Failed,0
TXN00747,CUST0053,ACC0053,2023-10-16,17897.53,Debit,MERCH011,LOC003,DEV155,NetBanking,Success,0
TXN00748,CUST0078,ACC0078,2023-07-02,21459.99,Debit,MERCH020,LOC043,DEV176,Card,Failed,0
TXN00749,CUST0155,ACC0155,2024-10-01,40887.25,Debit,MERCH085,LOC024,DEV068,Card,Success,0
TXN00750,CUST0416,ACC0416,2024-12-29,39944.24,Debit,MERCH050,LOC029,DEV185,UPI,Success,0
TXN00751,CUST0408,ACC0408,2024-05-04,40741.76,Credit,MERCH042,LOC009,DEV047,UPI,Success,0
TXN00752,CUST0393,ACC0393,2024-01-30,17662.81,Credit,MERCH089,LOC027,DEV155,Card,Failed,0
TXN00753,CUST0407,ACC0407,2024-10-13,16706.58,Credit,MERCH071,LOC032,DEV138,UPI,Failed,0
TXN00754,CUST0274,ACC0274,2024-05-19,26647.1,Credit,MERCH054,LOC034,DEV148,UPI,Success,0
TXN00755,CUST0398,ACC0398,2024-12-11,40574.04,Debit,MERCH027,LOC002,DEV093,UPI,Success,0
TXN00756,CUST0286,ACC0286,2024-04-30,47882.91,Debit,MERCH100,LOC009,DEV076,UPI,Success,0
TXN00757,CUST0236,ACC0236,2023-05-28,41770.85,Credit,MERCH029,LOC004,DEV192,NetBanking,Success,0
TXN00758,CUST0071,ACC0071,2023-05-01,48104.5,Credit,MERCH055,LOC024,DEV014,UPI,Success,0
TXN00759,CUST0360,ACC0360,2023-04-19,33154.23,Credit,MERCH047,LOC010,DEV021,UPI,Success,1
TXN00760,CUST0126,ACC0126,2023-03-20,673.26,Debit,MERCH018,LOC048,DEV136,Card,Success,0
TXN00761,CUST0358,ACC0358,2023-11-03,23535.72,Credit,MERCH020,LOC004,DEV165,Card,Success,0
TXN00762,CUST0017,ACC0017,2024-09-10,37569.09,Debit,MERCH055,LOC044,DEV117,NetBanking,Success,0
TXN00763,CUST0284,ACC0284,2024-12-29,41484.44,Debit,MERCH021,LOC018,DEV024,NetBanking,Success,0
TXN00764,CUST0268,ACC0268,2024-01-22,48897.42,Debit,MERCH080,LOC004,DEV057,UPI,Failed,0
TXN00765,CUST0201,ACC0201,2023-07-08,41134.12,Debit,MERCH062,LOC021,DEV168,NetBanking,Failed,0
TXN00766,CUST0329,ACC0329,2024-02-19,41371.32,Debit,MERCH025,LOC018,DEV028,UPI,Success,0
TXN00767,CUST0054,ACC0054,2023-03-21,18166.95,Debit,MERCH070,LOC007,DEV017,Card,Success,0
TXN00768,CUST0109,ACC0109,2024-09-03,598.3,Debit,MERCH005,LOC016,DEV069,Card,Success,0
TXN00769,CUST0044,ACC0044,2024-08-06,28261.6,Credit,MERCH012,LOC020,DEV003,NetBanking,Success,0
TXN00770,CUST0183,ACC0183,2023-10-17,47939.01,Debit,MERCH093,LOC023,DEV034,NetBanking,Success,0
TXN00771,CUST0360,ACC0360,2024-11-21,4914.12,Debit,MERCH049,LOC031,DEV151,Card,Success,1
TXN00772,CUST0445,ACC0445,2023-02-08,14541.46,Credit,MERCH012,LOC046,DEV060,UPI,Success,0
TXN00773,CUST0453,ACC0453,2023-08-09,40383.43,Debit,MERCH017,LOC022,DEV075,UPI,Success,0
TXN00774,CUST0185,ACC0185,2024-09-30,42804.83,Debit,MERCH031,LOC014,DEV157,Card,Failed,0
TXN00775,CUST0311,ACC0311,2023-03-18,47902.88,Credit,MERCH019,LOC050,DEV080,NetBanking,Success,0
TXN00776,CUST0281,ACC0281,2023-03-31,24970.67,Debit,MERCH021,LOC005,DEV072,Card,Success,0
TXN00777,CUST0296,ACC0296,2024-01-08,17700.76,Debit,MERCH034,LOC031,DEV066,UPI,Failed,0
TXN00778,CUST0391,ACC0391,2024-03-28,32532.09,Debit,MERCH006,LOC024,DEV074,UPI,Failed,0
TXN00779,CUST0206,ACC0206,2024-02-23,42857.2,Credit,MERCH080,LOC021,DEV096,UPI,Success,0
TXN00780,CUST0043,ACC0043,2024-11-29,20689.05,Debit,MERCH083,LOC004,DEV190,Card,Success,0
TXN00781,CUST0405,ACC0405,2023-09-08,35002.28,Debit,MERCH038,LOC025,DEV041,NetBanking,Success,0
TXN00782,CUST0292,ACC0292,2024-02-13,42698.77,Credit,MERCH086,LOC006,DEV090,UPI,Failed,0
TXN00783,CUST0239,ACC0239,2024-04-24,32142.1,Debit,MERCH014,LOC026,DEV197,Card,Success,0
TXN00784,CUST0222,ACC0222,2023-07-24,20105.95,Debit,MERCH063,LOC014,DEV180,UPI,Success,0
TXN00785,CUST0380,ACC0380,2024-05-02,5760.61,Debit,MERCH019,LOC041,DEV055,Card,Success,0
TXN00786,CUST0164,ACC0164,2024-08-04,1614.6,Credit,MERCH047,LOC028,DEV122,NetBanking,Success,0
TXN00787,CUST0110,ACC0110,2023-02-25,10614.07,Credit,MERCH023,LOC006,DEV037,UPI,Success,0
TXN00788,CUST0036,ACC0036,2023-10-08,20283.17,Credit,MERCH068,LOC014,DEV172,Card,Failed,0
TXN00789,CUST0458,ACC0458,2023-09-23,9244.71,Debit,MERCH044,LOC049,DEV077,UPI,Failed,0
TXN00790,CUST0085,ACC0085,2023-07-23,17496.35,Credit,MERCH069,LOC045,DEV042,Card,Failed,0
TXN00791,CUST0495,ACC0495,2024-12-14,21867.36,Credit,MERCH077,LOC013,DEV020,NetBanking,Success,0
TXN00792,CUST0371,ACC0371,2024-11-14,28945.54,Debit,MERCH059,LOC010,DEV128,UPI,Success,1
TXN00793,CUST0443,ACC0443,2023-11-21,5724.66,Debit,MERCH017,LOC041,DEV116,Card,Success,0
TXN00794,CUST0328,ACC0328,2024-08-15,4917.43,Debit,MERCH090,LOC035,DEV199,UPI,Failed,0
TXN00795,CUST0086,ACC0086,2024-09-07,18908.95,Debit,MERCH074,LOC001,DEV095,Card,Success,0
TXN00796,CUST0417,ACC0417,2024-01-08,858.75,Debit,MERCH084,LOC030,DEV106,Card,Failed,0
TXN00797,CUST0211,ACC0211,2023-12-27,17642.95,Credit,MERCH023,LOC030,DEV110,NetBanking,Success,0
TXN00798,CUST0192,ACC0192,2023-07-01,27660.04,Credit,MERCH037,LOC043,DEV177,UPI,Failed,0
TXN00799,CUST0349,ACC0349,2024-03-23,31723.66,Debit,MERCH014,LOC006,DEV167,NetBanking,Success,0
TXN00800,CUST0009,ACC0009,2024-09-23,46628.21,Credit,MERCH065,LOC038,DEV009,UPI,Success,0
TXN00801,CUST0342,ACC0342,2023-10-24,42592.68,Debit,MERCH071,LOC025,DEV030,UPI,Failed,0
TXN00802,CUST0101,ACC0101,2024-04-25,47530.05,Credit,MERCH083,LOC046,DEV190,Card,Failed,0
TXN00803,CUST0203,ACC0203,2023-01-08,46983.86,Debit,MERCH034,LOC020,DEV107,UPI,Success,0
TXN00804,CUST0345,ACC0345,2023-09-05,257.67,Debit,MERCH048,LOC034,DEV190,Card,Success,1
TXN00805,CUST0308,ACC0308,2023-11-22,16787.74,Credit,MERCH051,LOC013,DEV158,NetBanking,Success,0
TXN00806,CUST0330,ACC0330,2024-02-07,41436.07,Credit,MERCH050,LOC047,DEV045,NetBanking,Success,0
TXN00807,CUST0207,ACC0207,2023-11-22,25887.99,Debit,MERCH017,LOC033,DEV031,Card,Success,0
TXN00808,CUST0324,ACC0324,2024-08-13,39224.85,Debit,MERCH012,LOC002,DEV112,Card,Success,0
TXN00809,CUST0006,ACC0006,2024-10-05,38513.11,Debit,MERCH004,LOC048,DEV188,UPI,Success,0
TXN00810,CUST0067,ACC0067,2024-04-09,31741.43,Debit,MERCH029,LOC020,DEV050,Card,Success,0
TXN00811,CUST0275,ACC0275,2023-09-09,36329.32,Debit,MERCH019,LOC041,DEV006,Card,Success,0
TXN00812,CUST0327,ACC0327,2024-08-16,43353.61,Credit,MERCH037,LOC017,DEV047,UPI,Success,0
TXN00813,CUST0048,ACC0048,2023-03-21,24737.54,Debit,MERCH013,LOC032,DEV006,Card,Failed,0
TXN00814,CUST0212,ACC0212,2023-03-17,24351.54,Debit,MERCH049,LOC021,DEV163,UPI,Failed,0
TXN00815,CUST0466,ACC0466,2024-04-06,40437.03,Debit,MERCH085,LOC037,DEV162,UPI,Success,0
TXN00816,CUST0311,ACC0311,2023-02-02,5904.5,Debit,MERCH079,LOC039,DEV140,Card,Failed,0
TXN00817,CUST0003,ACC0003,2023-06-12,26111.34,Debit,MERCH069,LOC002,DEV133,Card,Success,0
TXN00818,CUST0263,ACC0263,2023-06-06,10854.51,Debit,MERCH018,LOC015,DEV022,Card,Success,1
TXN00819,CUST0373,ACC0373,2024-12-09,46995.41,Debit,MERCH026,LOC006,DEV090,Card,Failed,0
TXN00820,CUST0363,ACC0363,2024-07-18,32613.63,Credit,MERCH066,LOC026,DEV050,Card,Failed,0
TXN00821,CUST0129,ACC0129,2023-06-27,9933.93,Credit,MERCH099,LOC038,DEV080,Card,Success,0
TXN00822,CUST0085,ACC0085,2023-07-30,47690.42,Credit,MERCH055,LOC039,DEV192,Card,Failed,0
TXN00823,CUST0140,ACC0140,2023-11-23,31164.4,Credit,MERCH026,LOC037,DEV091,NetBanking,Failed,0
TXN00824,CUST0192,ACC0192,2024-10-09,40976.12,Debit,MERCH033,LOC038,DEV105,Card,Success,0
TXN00825,CUST0151,ACC0151,2024-09-10,41342.99,Debit,MERCH004,LOC008,DEV047,NetBanking,Failed,0
TXN00826,CUST0415,ACC0415,2023-11-27,21497.87,Debit,MERCH085,LOC024,DEV096,UPI,Success,0
TXN00827,CUST0075,ACC0075,2023-11-18,6159.07,Debit,MERCH073,LOC021,DEV060,Card,Success,0
TXN00828,CUST0288,ACC0288,2023-03-09,19310.26,Debit,MERCH036,LOC046,DEV156,NetBanking,Success,0
TXN00829,CUST0485,ACC0485,2024-11-18,3787.47,Credit,MERCH026,LOC013,DEV013,Card,Success,0
TXN00830,CUST0411,ACC0411,2024-05-20,24957.62,Credit,MERCH022,LOC039,DEV084,Card,Success,0
TXN00831,CUST0303,ACC0303,2024-01-28,11859.27,Debit,MERCH074,LOC001,DEV119,UPI,Success,0
TXN00832,CUST0146,ACC0146,2023-05-15,42090.06,Debit,MERCH003,LOC005,DEV121,Card,Success,0
TXN00833,CUST0049,ACC0049,2024-03-01,36176.52,Debit,MERCH072,LOC050,DEV081,Card,Success,0
TXN00834,CUST0253,ACC0253,2024-09-19,2401.28,Credit,MERCH083,LOC008,DEV096,Card,Failed,0
TXN00835,CUST0481,ACC0481,2024-09-24,5182.04,Debit,MERCH042,LOC045,DEV186,UPI,Success,0
TXN00836,CUST0224,ACC0224,2023-08-20,8551.06,Debit,MERCH007,LOC017,DEV012,UPI,Success,0
TXN00837,CUST0057,ACC0057,2023-02-19,47359.89,Debit,MERCH049,LOC018,DEV179,UPI,Success,0
TXN00838,CUST0088,ACC0088,2023-05-22,29193.49,Debit,MERCH097,LOC038,DEV106,UPI,Success,0
TXN00839,CUST0327,ACC0327,2024-04-02,33428.35,Debit,MERCH085,LOC032,DEV072,NetBanking,Failed,0
TXN00840,CUST0165,ACC0165,2024-05-09,11330.23,Debit,MERCH032,LOC043,DEV166,Card,Success,0
TXN00841,CUST0377,ACC0377,2023-07-30,34763.51,Credit,MERCH086,LOC014,DEV120,UPI,Success,0
TXN00842,CUST0420,ACC0420,2024-01-30,9436.48,Debit,MERCH098,LOC034,DEV132,UPI,Success,0
TXN00843,CUST0440,ACC0440,2023-11-17,38036.37,Credit,MERCH014,LOC009,DEV057,Card,Success,0
TXN00844,CUST0470,ACC0470,2024-01-08,19309.51,Debit,MERCH025,LOC005,DEV072,Card,Failed,0
TXN00845,CUST0217,ACC0217,2023-06-18,34328.99,Debit,MERCH014,LOC048,DEV029,NetBanking,Success,0
TXN00846,CUST0124,ACC0124,2023-01-17,44710.2,Debit,MERCH068,LOC029,DEV091,UPI,Success,0
TXN00847,CUST0136,ACC0136,2023-05-02,46350.04,Debit,MERCH028,LOC010,DEV102,UPI,Failed,0
TXN00848,CUST0258,ACC0258,2024-03-17,25420.94,Credit,MERCH007,LOC042,DEV098,UPI,Success,0
TXN00849,CUST0375,ACC0375,2024-03-08,9736.88,Credit,MERCH068,LOC039,DEV127,UPI,Success,0
TXN00850,CUST0266,ACC0266,2024-03-19,5503.77,Debit,MERCH007,LOC003,DEV148,UPI,Success,0
TXN00851,CUST0137,ACC0137,2023-09-02,3339.08,Debit,MERCH090,LOC046,DEV104,UPI,Success,0
TXN00852,CUST0201,ACC0201,2024-02-07,5110.15,Credit,MERCH027,LOC023,DEV164,Card,Success,0
TXN00853,CUST0148,ACC0148,2024-12-23,29835.85,Debit,MERCH090,LOC040,DEV123,UPI,Success,0
TXN00854,CUST0379,ACC0379,2023-11-09,42635.57,Debit,MERCH022,LOC012,DEV086,UPI,Success,0
TXN00855,CUST0461,ACC0461,2024-04-11,7134.59,Credit,MERCH043,LOC002,DEV046,UPI,Failed,0
TXN00856,CUST0499,ACC0499,2023-09-28,44068.81,Debit,MERCH075,LOC001,DEV126,UPI,Success,0
TXN00857,CUST0448,ACC0448,2023-09-11,23654.78,Debit,MERCH068,LOC033,DEV043,UPI,Success,0
TXN00858,CUST0387,ACC0387,2023-05-31,38774.06,Debit,MERCH095,LOC023,DEV140,UPI,Success,0
TXN00859,CUST0132,ACC0132,2024-11-10,24350.34,Credit,MERCH039,LOC046,DEV086,Card,Success,0
TXN00860,CUST0457,ACC0457,2024-06-14,38737.59,Credit,MERCH067,LOC047,DEV164,NetBanking,Success,0
TXN00861,CUST0011,ACC0011,2023-06-01,48932.94,Debit,MERCH032,LOC037,DEV190,UPI,Success,0
TXN00862,CUST0357,ACC0357,2024-03-17,18003.03,Debit,MERCH082,LOC007,DEV071,UPI,Failed,0
TXN00863,CUST0450,ACC0450,2024-10-03,33956.14,Debit,MERCH045,LOC022,DEV101,Card,Success,0
TXN00864,CUST0302,ACC0302,2024-03-03,47266.06,Debit,MERCH067,LOC045,DEV088,Card,Success,0
TXN00865,CUST0428,ACC0428,2024-09-19,6191.92,Debit,MERCH002,LOC032,DEV176,Card,Success,0
TXN00866,CUST0076,ACC0076,2024-04-22,34062.11,Debit,MERCH037,LOC005,DEV076,NetBanking,Success,0
TXN00867,CUST0008,ACC0008,2024-04-09,2095.61,Debit,MERCH001,LOC028,DEV091,Card,Success,0
TXN00868,CUST0339,ACC0339,2023-01-01,2542.61,Debit,MERCH065,LOC043,DEV197,UPI,Success,0
TXN00869,CUST0288,ACC0288,2023-06-08,47686.58,Debit,MERCH011,LOC019,DEV057,Card,Success,0
TXN00870,CUST0017,ACC0017,2024-04-29,46650.09,Credit,MERCH052,LOC007,DEV067,UPI,Failed,0
TXN00871,CUST0472,ACC0472,2023-11-06,29872.09,Credit,MERCH018,LOC044,DEV197,UPI,Success,0
TXN00872,CUST0103,ACC0103,2023-09-14,6827.75,Debit,MERCH039,LOC037,DEV161,NetBanking,Success,0
TXN00873,CUST0237,ACC0237,2024-07-12,9209.44,Debit,MERCH089,LOC021,DEV129,Card,Success,0
TXN00874,CUST0479,ACC0479,2024-12-02,35644.3,Debit,MERCH060,LOC027,DEV106,Card,Failed,0
TXN00875,CUST0237,ACC0237,2023-01-29,45632.29,Credit,MERCH079,LOC020,DEV063,UPI,Success,0
TXN00876,CUST0298,ACC0298,2024-06-08,18686.9,Debit,MERCH051,LOC009,DEV104,NetBanking,Success,0
TXN00877,CUST0344,ACC0344,2023-01-07,23167.25,Credit,MERCH035,LOC042,DEV028,NetBanking,Success,0
TXN00878,CUST0171,ACC0171,2024-08-31,4915.08,Credit,MERCH016,LOC048,DEV150,Card,Success,0
TXN00879,CUST0346,ACC0346,2024-06-07,36981.2,Debit,MERCH064,LOC009,DEV058,UPI,Success,0
TXN00880,CUST0459,ACC0459,2024-11-22,32001.42,Debit,MERCH001,LOC032,DEV160,UPI,Success,0
TXN00881,CUST0353,ACC0353,2023-07-25,5779.71,Debit,MERCH032,LOC014,DEV027,UPI,Success,0
TXN00882,CUST0243,ACC0243,2023-01-26,41644.69,Credit,MERCH039,LOC026,DEV124,Card,Success,0
TXN00883,CUST0095,ACC0095,2023-08-29,42093.95,Debit,MERCH085,LOC040,DEV032,NetBanking,Failed,0
TXN00884,CUST0222,ACC0222,2023-05-30,31828.05,Debit,MERCH095,LOC045,DEV140,UPI,Success,0
TXN00885,CUST0103,ACC0103,2024-05-02,24049.3,Debit,MERCH048,LOC043,DEV071,Card,Failed,0
TXN00886,CUST0201,ACC0201,2024-01-31,34897.75,Credit,MERCH055,LOC010,DEV008,UPI,Failed,0
TXN00887,CUST0146,ACC0146,2024-04-13,6050.32,Debit,MERCH084,LOC043,DEV159,Card,Success,1
TXN00888,CUST0228,ACC0228,2023-02-13,45410.01,Debit,MERCH093,LOC030,DEV071,Card,Failed,0
TXN00889,CUST0005,ACC0005,2023-06-12,17919.5,Debit,MERCH068,LOC025,DEV132,NetBanking,Success,0
TXN00890,CUST0033,ACC0033,2023-06-28,32813.17,Debit,MERCH092,LOC009,DEV072,Card,Failed,0
TXN00891,CUST0402,ACC0402,2024-11-05,15181.35,Debit,MERCH049,LOC031,DEV156,Card,Failed,0
TXN00892,CUST0338,ACC0338,2023-07-04,28823.15,Debit,MERCH076,LOC038,DEV090,NetBanking,Success,0
TXN00893,CUST0300,ACC0300,2024-09-24,41502.82,Debit,MERCH021,LOC015,DEV025,UPI,Success,0
TXN00894,CUST0341,ACC0341,2023-04-19,24996.72,Debit,MERCH094,LOC016,DEV027,Card,Success,0
TXN00895,CUST0461,ACC0461,2023-06-28,36421.75,Credit,MERCH033,LOC008,DEV010,Card,Success,0
TXN00896,CUST0434,ACC0434,2023-03-16,22104.35,Debit,MERCH090,LOC029,DEV097,Card,Success,0
TXN00897,CUST0069,ACC0069,2024-10-14,28710.29,Debit,MERCH087,LOC019,DEV058,UPI,Success,0
TXN00898,CUST0104,ACC0104,2023-06-15,21731.45,Debit,MERCH081,LOC043,DEV025,NetBanking,Success,0
TXN00899,CUST0105,ACC0105,2023-02-04,40509.94,Debit,MERCH073,LOC035,DEV019,UPI,Failed,0
TXN00900,CUST0175,ACC0175,2023-07-09,34133.94,Credit,MERCH074,LOC031,DEV129,NetBanking,Success,0
TXN00901,CUST0181,ACC0181,2024-01-01,30943.02,Debit,MERCH081,LOC025,DEV019,NetBanking,Success,0
TXN00902,CUST0292,ACC0292,2023-03-22,6403.26,Debit,MERCH030,LOC004,DEV154,NetBanking,Success,0
TXN00903,CUST0277,ACC0277,2023-12-05,1176.0,Debit,MERCH091,LOC023,DEV018,Card,Failed,0
TXN00904,CUST0447,ACC0447,2023-06-11,48407.34,Debit,MERCH008,LOC035,DEV179,UPI,Success,0
TXN00905,CUST0457,ACC0457,2023-04-24,29159.49,Debit,MERCH034,LOC013,DEV086,Card,Success,0
TXN00906,CUST0455,ACC0455,2023-03-02,7007.47,Debit,MERCH010,LOC037,DEV157,NetBanking,Success,0
TXN00907,CUST0360,ACC0360,2023-02-06,17324.99,Credit,MERCH062,LOC009,DEV070,UPI,Success,0
TXN00908,CUST0371,ACC0371,2023-02-12,5247.86,Debit,MERCH039,LOC015,DEV006,Card,Success,0
TXN00909,CUST0477,ACC0477,2023-02-26,1366.37,Credit,MERCH007,LOC025,DEV197,UPI,Success,0
TXN00910,CUST0194,ACC0194,2024-12-13,6305.61,Debit,MERCH079,LOC024,DEV091,Card,Success,0
TXN00911,CUST0100,ACC0100,2023-12-18,21854.42,Debit,MERCH002,LOC015,DEV106,UPI,Success,0
TXN00912,CUST0383,ACC0383,2024-07-03,28424.03,Debit,MERCH017,LOC029,DEV047,UPI,Success,0
TXN00913,CUST0145,ACC0145,2023-02-14,15740.59,Debit,MERCH051,LOC031,DEV169,NetBanking,Success,0
TXN00914,CUST0063,ACC0063,2024-11-03,3886.35,Debit,MERCH091,LOC048,DEV092,Card,Failed,0
TXN00915,CUST0460,ACC0460,2023-08-14,22204.91,Debit,MERCH032,LOC034,DEV069,Card,Success,0
TXN00916,CUST0164,ACC0164,2024-12-15,27093.89,Debit,MERCH091,LOC040,DEV125,UPI,Success,0
TXN00917,CUST0144,ACC0144,2023-03-22,10217.57,Debit,MERCH027,LOC008,DEV096,UPI,Success,0
TXN00918,CUST0372,ACC0372,2023-05-26,1841.59,Credit,MERCH015,LOC002,DEV128,UPI,Failed,0
TXN00919,CUST0429,ACC0429,2023-02-04,13551.41,Credit,MERCH011,LOC004,DEV072,NetBanking,Success,0
TXN00920,CUST0438,ACC0438,2024-09-16,19227.62,Credit,MERCH057,LOC003,DEV058,UPI,Failed,0
TXN00921,CUST0106,ACC0106,2024-01-24,9262.12,Debit,MERCH098,LOC023,DEV007,Card,Success,1
TXN00922,CUST0466,ACC0466,2024-09-15,37736.18,Debit,MERCH044,LOC047,DEV160,Card,Success,0
TXN00923,CUST0223,ACC0223,2024-03-13,39141.5,Debit,MERCH093,LOC044,DEV074,UPI,Failed,0
TXN00924,CUST0440,ACC0440,2024-07-01,23201.95,Debit,MERCH060,LOC048,DEV061,NetBanking,Success,0
TXN00925,CUST0068,ACC0068,2023-01-16,14070.97,Debit,MERCH038,LOC022,DEV147,Card,Success,0
TXN00926,CUST0203,ACC0203,2023-02-09,30796.59,Debit,MERCH099,LOC039,DEV004,Card,Success,0
TXN00927,CUST0064,ACC0064,2023-11-11,28443.63,Debit,MERCH003,LOC029,DEV003,Card,Success,0
TXN00928,CUST0239,ACC0239,2023-02-07,48295.98,Debit,MERCH008,LOC038,DEV021,Card,Failed,0
TXN00929,CUST0142,ACC0142,2024-09-16,27594.82,Credit,MERCH036,LOC017,DEV127,UPI,Success,0
TXN00930,CUST0066,ACC0066,2023-08-21,31535.39,Debit,MERCH005,LOC012,DEV176,UPI,Success,0
TXN00931,CUST0260,ACC0260,2024-03-26,29015.54,Debit,MERCH034,LOC017,DEV005,UPI,Success,0
TXN00932,CUST0348,ACC0348,2023-12-28,27045.05,Debit,MERCH065,LOC029,DEV029,UPI,Success,0
TXN00933,CUST0262,ACC0262,2023-03-21,11887.09,Debit,MERCH010,LOC042,DEV110,Card,Failed,0
TXN00934,CUST0449,ACC0449,2023-10-17,7196.82,Debit,MERCH084,LOC024,DEV121,Card,Success,0
TXN00935,CUST0483,ACC0483,2023-10-29,31114.72,Debit,MERCH020,LOC038,DEV007,UPI,Success,0
TXN00936,CUST0055,ACC0055,2024-09-15,10613.41,Debit,MERCH075,LOC003,DEV169,Card,Success,0
TXN00937,CUST0372,ACC0372,2023-06-03,19085.43,Debit,MERCH074,LOC041,DEV141,UPI,Success,0
TXN00938,CUST0376,ACC0376,2024-03-04,26971.42,Debit,MERCH085,LOC034,DEV134,UPI,Failed,0
TXN00939,CUST0226,ACC0226,2023-11-21,13495.68,Debit,MERCH099,LOC024,DEV060,NetBanking,Success,0
TXN00940,CUST0234,ACC0234,2023-11-19,37422.0,Debit,MERCH094,LOC027,DEV093,UPI,Failed,0
TXN00941,CUST0041,ACC0041,2023-12-27,28044.83,Debit,MERCH078,LOC015,DEV115,UPI,Failed,0
TXN00942,CUST0403,ACC0403,2024-03-04,11526.68,Debit,MERCH087,LOC038,DEV171,UPI,Failed,0
TXN00943,CUST0071,ACC0071,2024-09-12,13050.93,Debit,MERCH053,LOC027,DEV130,Card,Success,0
TXN00944,CUST0076,ACC0076,2024-08-12,24735.3,Debit,MERCH002,LOC011,DEV031,UPI,Failed,0
TXN00945,CUST0215,ACC0215,2023-09-27,38287.2,Debit,MERCH056,LOC002,DEV177,Card,Success,0
TXN00946,CUST0086,ACC0086,2023-03-16,6662.27,Credit,MERCH046,LOC009,DEV103,NetBanking,Failed,0
TXN00947,CUST0357,ACC0357,2024-07-24,12109.67,Debit,MERCH044,LOC038,DEV156,Card,Success,0
TXN00948,CUST0316,ACC0316,2023-04-21,49707.0,Debit,MERCH053,LOC041,DEV116,UPI,Success,0
TXN00949,CUST0380,ACC0380,2024-03-22,14500.09,Debit,MERCH076,LOC033,DEV022,Card,Success,0
TXN00950,CUST0078,ACC0078,2023-01-08,29697.99,Credit,MERCH042,LOC029,DEV046,Card,Failed,0
TXN00951,CUST0261,ACC0261,2024-08-25,14001.01,Debit,MERCH007,LOC037,DEV133,UPI,Success,0
TXN00952,CUST0460,ACC0460,2024-06-21,29012.42,Debit,MERCH097,LOC012,DEV037,Card,Success,0
TXN00953,CUST0022,ACC0022,2023-08-04,21555.36,Debit,MERCH022,LOC008,DEV074,Card,Success,0
TXN00954,CUST0141,ACC0141,2024-05-13,21973.89,Debit,MERCH097,LOC007,DEV060,UPI,Success,0
TXN00955,CUST0342,ACC0342,2023-10-13,7093.11,Debit,MERCH006,LOC035,DEV138,UPI,Success,0
TXN00956,CUST0410,ACC0410,2023-07-19,382.92,Debit,MERCH074,LOC028,DEV188,UPI,Success,0
TXN00957,CUST0228,ACC0228,2024-06-17,6352.63,Debit,MERCH016,LOC029,DEV111,Card,Success,0
TXN00958,CUST0253,ACC0253,2023-09-27,4388.85,Debit,MERCH011,LOC048,DEV057,UPI,Success,0
TXN00959,CUST0373,ACC0373,2023-03-18,16389.43,Debit,MERCH095,LOC033,DEV173,NetBanking,Success,0
TXN00960,CUST0398,ACC0398,2023-03-17,35355.15,Debit,MERCH013,LOC046,DEV134,Card,Failed,0
TXN00961,CUST0163,ACC0163,2023-07-14,42079.48,Debit,MERCH049,LOC015,DEV173,UPI,Success,0
TXN00962,CUST0101,ACC0101,2023-09-29,23532.26,Debit,MERCH037,LOC009,DEV051,Card,Failed,0
TXN00963,CUST0326,ACC0326,2023-04-01,47544.1,Debit,MERCH009,LOC032,DEV143,UPI,Failed,0
TXN00964,CUST0313,ACC0313,2023-08-02,35514.03,Credit,MERCH081,LOC038,DEV061,UPI,Success,0
TXN00965,CUST0327,ACC0327,2023-12-24,24237.44,Debit,MERCH086,LOC032,DEV126,UPI,Success,0
TXN00966,CUST0408,ACC0408,2024-10-07,19640.89,Credit,MERCH015,LOC049,DEV196,Card,Success,0
TXN00967,CUST0148,ACC0148,2024-03-05,48469.64,Debit,MERCH015,LOC012,DEV119,Card,Failed,0
TXN00968,CUST0490,ACC0490,2023-11-23,33047.61,Credit,MERCH062,LOC032,DEV154,Card,Success,0
TXN00969,CUST0211,ACC0211,2024-12-04,11781.26,Debit,MERCH053,LOC004,DEV144,Card,Success,0
TXN00970,CUST0396,ACC0396,2023-11-27,13117.18,Credit,MERCH057,LOC028,DEV103,Card,Failed,0
TXN00971,CUST0134,ACC0134,2023-02-25,13452.45,Debit,MERCH053,LOC015,DEV147,UPI,Success,0
TXN00972,CUST0449,ACC0449,2023-06-20,26823.85,Debit,MERCH003,LOC047,DEV006,UPI,Success,0
TXN00973,CUST0411,ACC0411,2024-01-24,4558.12,Debit,MERCH067,LOC014,DEV093,Card,Success,0
TXN00974,CUST0275,ACC0275,2023-07-23,49261.6,Credit,MERCH021,LOC024,DEV085,NetBanking,Success,0
TXN00975,CUST0212,ACC0212,2023-08-09,27669.91,Debit,MERCH097,LOC034,DEV027,UPI,Success,0
TXN00976,CUST0257,ACC0257,2024-02-12,39577.61,Debit,MERCH030,LOC041,DEV198,UPI,Success,0
TXN00977,CUST0353,ACC0353,2023-09-11,1737.21,Credit,MERCH017,LOC048,DEV070,UPI,Failed,0
TXN00978,CUST0442,ACC0442,2023-03-28,3872.53,Credit,MERCH070,LOC039,DEV039,NetBanking,Success,1
TXN00979,CUST0049,ACC0049,2024-08-25,39641.37,Debit,MERCH096,LOC002,DEV078,UPI,Success,0
TXN00980,CUST0141,ACC0141,2024-04-14,10173.2,Credit,MERCH038,LOC028,DEV024,Card,Failed,0
TXN00981,CUST0114,ACC0114,2024-02-21,28071.76,Debit,MERCH064,LOC047,DEV101,Card,Success,0
TXN00982,CUST0488,ACC0488,2024-01-17,38146.88,Credit,MERCH004,LOC026,DEV198,UPI,Success,0
TXN00983,CUST0119,ACC0119,2024-04-02,18522.59,Debit,MERCH081,LOC006,DEV025,NetBanking,Success,0
TXN00984,CUST0288,ACC0288,2023-06-23,10423.71,Debit,MERCH079,LOC031,DEV134,Card,Success,0
TXN00985,CUST0371,ACC0371,2024-08-03,38041.05,Credit,MERCH095,LOC022,DEV039,UPI,Success,0
TXN00986,CUST0019,ACC0019,2023-11-26,34465.43,Credit,MERCH027,LOC049,DEV144,NetBanking,Success,0
TXN00987,CUST0407,ACC0407,2024-05-15,27302.16,Debit,MERCH062,LOC033,DEV143,Card,Success,0
TXN00988,CUST0440,ACC0440,2023-03-25,46065.46,Debit,MERCH017,LOC049,DEV004,Card,Failed,0
TXN00989,CUST0083,ACC0083,2024-06-16,37420.03,Debit,MERCH015,LOC003,DEV109,UPI,Failed,0
TXN00990,CUST0254,ACC0254,2023-06-24,31326.94,Credit,MERCH071,LOC027,DEV103,NetBanking,Success,0
TXN00991,CUST0005,ACC0005,2023-10-31,5923.28,Debit,MERCH048,LOC037,DEV167,Card,Success,0
TXN00992,CUST0085,ACC0085,2023-05-25,14545.33,Debit,MERCH027,LOC022,DEV192,UPI,Success,0
TXN00993,CUST0369,ACC0369,2023-05-19,8253.7,Debit,MERCH020,LOC031,DEV018,Card,Success,0
TXN00994,CUST0003,ACC0003,2023-11-16,35088.16,Debit,MERCH043,LOC007,DEV016,UPI,Failed,0
TXN00995,CUST0320,ACC0320,2024-04-24,29743.0,Debit,MERCH002,LOC013,DEV071,UPI,Success,0
TXN00996,CUST0146,ACC0146,2024-03-12,29244.2,Debit,MERCH033,LOC036,DEV139,Card,Failed,0
TXN00997,CUST0329,ACC0329,2024-11-06,10169.28,Debit,MERCH036,LOC012,DEV068,NetBanking,Success,0
TXN00998,CUST0289,ACC0289,2023-04-15,6378.87,Credit,MERCH076,LOC039,DEV071,NetBanking,Success,0
TXN00999,CUST0495,ACC0495,2024-09-22,33441.42,Debit,MERCH030,LOC014,DEV024,Card,Success,1
TXN01000,CUST0476,ACC0476,2024-09-21,7367.26,Credit,MERCH007,LOC009,DEV131,UPI,Success,0
TXN01001,CUST0414,ACC0414,2024-03-26,21299.02,Debit,MERCH016,LOC016,DEV144,Card,Success,0
TXN01002,CUST0202,ACC0202,2024-01-22,38707.29,Debit,MERCH041,LOC034,DEV021,Card,Success,0
TXN01003,CUST0453,ACC0453,2024-09-11,42117.45,Debit,MERCH072,LOC029,DEV126,UPI,Success,0
TXN01004,CUST0356,ACC0356,2023-09-14,34284.11,Credit,MERCH047,LOC030,DEV198,NetBanking,Success,0
TXN01005,CUST0344,ACC0344,2023-12-21,36438.15,Debit,MERCH048,LOC012,DEV192,UPI,Failed,0
TXN01006,CUST0006,ACC0006,2023-07-20,22131.92,Debit,MERCH043,LOC007,DEV095,NetBanking,Success,0
TXN01007,CUST0469,ACC0469,2023-09-17,25164.53,Debit,MERCH083,LOC031,DEV102,UPI,Success,0
TXN01008,CUST0023,ACC0023,2024-12-13,35228.01,Debit,MERCH061,LOC039,DEV162,Card,Success,0
TXN01009,CUST0233,ACC0233,2024-05-17,8729.86,Debit,MERCH079,LOC046,DEV040,NetBanking,Success,0
TXN01010,CUST0362,ACC0362,2023-07-01,43552.12,Debit,MERCH016,LOC004,DEV114,UPI,Failed,0
TXN01011,CUST0327,ACC0327,2024-12-28,3163.16,Debit,MERCH095,LOC002,DEV086,UPI,Success,0
TXN01012,CUST0429,ACC0429,2024-11-19,42419.09,Debit,MERCH086,LOC026,DEV107,Card,Success,0
TXN01013,CUST0429,ACC0429,2024-11-14,33498.58,Debit,MERCH011,LOC012,DEV114,UPI,Success,0
TXN01014,CUST0023,ACC0023,2023-10-10,30446.02,Credit,MERCH001,LOC020,DEV071,NetBanking,Success,0
TXN01015,CUST0288,ACC0288,2023-12-26,5929.84,Debit,MERCH012,LOC008,DEV024,Card,Failed,0
TXN01016,CUST0094,ACC0094,2023-03-30,9323.66,Debit,MERCH028,LOC041,DEV096,NetBanking,Success,0
TXN01017,CUST0236,ACC0236,2023-03-25,43866.06,Debit,MERCH095,LOC009,DEV080,UPI,Success,0
TXN01018,CUST0028,ACC0028,2024-01-24,35310.4,Debit,MERCH053,LOC015,DEV049,UPI,Success,0
TXN01019,CUST0140,ACC0140,2023-07-24,8896.75,Debit,MERCH034,LOC006,DEV126,Card,Failed,0
TXN01020,CUST0182,ACC0182,2024-08-15,18212.48,Credit,MERCH075,LOC025,DEV040,NetBanking,Success,1
TXN01021,CUST0276,ACC0276,2024-08-05,10572.61,Debit,MERCH090,LOC033,DEV142,Card,Success,0
TXN01022,CUST0425,ACC0425,2023-10-03,4583.34,Debit,MERCH005,LOC008,DEV133,UPI,Success,0
TXN01023,CUST0338,ACC0338,2024-10-08,9361.95,Credit,MERCH049,LOC043,DEV151,UPI,Success,0
TXN01024,CUST0462,ACC0462,2023-02-04,16152.48,Debit,MERCH061,LOC022,DEV087,UPI,Success,0
TXN01025,CUST0332,ACC0332,2023-04-13,9396.22,Debit,MERCH024,LOC049,DEV006,Card,Success,0
TXN01026,CUST0225,ACC0225,2024-09-23,22849.46,Credit,MERCH061,LOC016,DEV065,NetBanking,Failed,0
TXN01027,CUST0371,ACC0371,2024-01-18,30067.05,Credit,MERCH030,LOC049,DEV130,Card,Success,0
TXN01028,CUST0056,ACC0056,2024-03-07,21323.42,Credit,MERCH022,LOC020,DEV153,Card,Success,0
TXN01029,CUST0495,ACC0495,2024-12-15,47145.17,Debit,MERCH007,LOC006,DEV080,UPI,Success,0
TXN01030,CUST0406,ACC0406,2023-05-25,40084.41,Credit,MERCH085,LOC010,DEV052,Card,Success,0
TXN01031,CUST0453,ACC0453,2023-06-26,15099.05,Debit,MERCH056,LOC006,DEV186,UPI,Success,0
TXN01032,CUST0126,ACC0126,2023-06-07,34251.44,Debit,MERCH021,LOC023,DEV026,Card,Failed,0
TXN01033,CUST0242,ACC0242,2024-07-17,34354.98,Credit,MERCH060,LOC046,DEV063,UPI,Failed,0
TXN01034,CUST0391,ACC0391,2023-04-09,19409.32,Debit,MERCH099,LOC021,DEV073,Card,Failed,0
TXN01035,CUST0420,ACC0420,2024-11-21,36532.09,Credit,MERCH086,LOC048,DEV151,Card,Success,0
TXN01036,CUST0014,ACC0014,2023-08-16,44285.13,Debit,MERCH065,LOC001,DEV157,UPI,Success,0
TXN01037,CUST0307,ACC0307,2024-02-12,45733.57,Debit,MERCH025,LOC003,DEV055,UPI,Failed,0
TXN01038,CUST0155,ACC0155,2024-03-21,4687.88,Debit,MERCH020,LOC019,DEV080,Card,Failed,0
TXN01039,CUST0199,ACC0199,2024-11-22,41072.69,Debit,MERCH023,LOC011,DEV102,UPI,Failed,0
TXN01040,CUST0350,ACC0350,2024-06-13,41719.91,Debit,MERCH013,LOC042,DEV104,Card,Success,0
TXN01041,CUST0412,ACC0412,2023-01-13,8086.14,Credit,MERCH002,LOC032,DEV168,UPI,Failed,0
TXN01042,CUST0492,ACC0492,2024-11-17,20115.08,Debit,MERCH034,LOC048,DEV163,UPI,Failed,0
TXN01043,CUST0060,ACC0060,2024-09-10,40365.9,Debit,MERCH092,LOC022,DEV137,Card,Failed,0
TXN01044,CUST0498,ACC0498,2024-01-09,5628.02,Credit,MERCH087,LOC006,DEV039,UPI,Failed,0
TXN01045,CUST0004,ACC0004,2023-12-12,47412.65,Debit,MERCH079,LOC047,DEV117,NetBanking,Success,0
TXN01046,CUST0223,ACC0223,2023-02-19,23264.92,Debit,MERCH059,LOC024,DEV013,UPI,Failed,0
TXN01047,CUST0456,ACC0456,2024-09-05,34335.06,Credit,MERCH099,LOC002,DEV139,Card,Success,0
TXN01048,CUST0137,ACC0137,2023-07-03,14697.32,Debit,MERCH042,LOC020,DEV163,Card,Failed,0
TXN01049,CUST0019,ACC0019,2024-09-02,5628.58,Credit,MERCH069,LOC007,DEV033,UPI,Success,0
TXN01050,CUST0373,ACC0373,2023-05-29,31664.36,Debit,MERCH089,LOC040,DEV063,Card,Success,0
TXN01051,CUST0471,ACC0471,2024-06-20,28474.96,Debit,MERCH019,LOC039,DEV186,UPI,Success,0
TXN01052,CUST0327,ACC0327,2023-04-14,19126.55,Debit,MERCH003,LOC012,DEV192,UPI,Success,0
TXN01053,CUST0132,ACC0132,2024-10-30,37147.11,Credit,MERCH074,LOC017,DEV078,UPI,Success,0
TXN01054,CUST0316,ACC0316,2024-06-10,26980.92,Debit,MERCH028,LOC049,DEV112,UPI,Success,0
TXN01055,CUST0141,ACC0141,2024-12-06,38926.53,Debit,MERCH024,LOC044,DEV073,Card,Failed,0
TXN01056,CUST0140,ACC0140,2023-01-06,20388.78,Credit,MERCH060,LOC039,DEV163,UPI,Success,0
TXN01057,CUST0163,ACC0163,2023-04-10,11105.12,Debit,MERCH037,LOC047,DEV183,UPI,Success,0
TXN01058,CUST0312,ACC0312,2024-04-16,29416.31,Debit,MERCH061,LOC036,DEV004,NetBanking,Failed,0
TXN01059,CUST0176,ACC0176,2023-12-15,16016.16,Debit,MERCH096,LOC032,DEV054,Card,Failed,0
TXN01060,CUST0273,ACC0273,2024-12-15,8542.17,Debit,MERCH005,LOC043,DEV147,Card,Failed,0
TXN01061,CUST0496,ACC0496,2023-03-22,31587.63,Debit,MERCH068,LOC024,DEV078,NetBanking,Success,0
TXN01062,CUST0150,ACC0150,2023-11-19,22602.38,Debit,MERCH022,LOC040,DEV091,Card,Success,0
TXN01063,CUST0290,ACC0290,2024-03-17,20798.88,Debit,MERCH031,LOC025,DEV138,UPI,Failed,0
TXN01064,CUST0068,ACC0068,2024-01-23,30375.73,Debit,MERCH028,LOC014,DEV029,UPI,Failed,0
TXN01065,CUST0293,ACC0293,2023-10-24,8972.19,Credit,MERCH046,LOC049,DEV056,UPI,Failed,0
TXN01066,CUST0215,ACC0215,2024-09-05,13980.04,Debit,MERCH069,LOC026,DEV058,Card,Success,0
TXN01067,CUST0440,ACC0440,2024-02-18,24766.92,Debit,MERCH021,LOC012,DEV103,Card,Failed,0
TXN01068,CUST0148,ACC0148,2023-01-04,26656.65,Credit,MERCH013,LOC025,DEV149,Card,Success,0
TXN01069,CUST0335,ACC0335,2024-03-04,48713.66,Debit,MERCH018,LOC040,DEV159,Card,Success,0
TXN01070,CUST0258,ACC0258,2023-03-24,29998.43,Debit,MERCH022,LOC037,DEV161,Card,Success,0
TXN01071,CUST0242,ACC0242,2024-12-01,4593.77,Debit,MERCH071,LOC033,DEV050,Card,Failed,0
TXN01072,CUST0436,ACC0436,2023-06-15,22915.56,Debit,MERCH092,LOC013,DEV083,UPI,Failed,0
TXN01073,CUST0068,ACC0068,2023-10-28,3287.4,Debit,MERCH059,LOC016,DEV176,UPI,Failed,0
TXN01074,CUST0309,ACC0309,2024-03-30,49486.18,Credit,MERCH043,LOC011,DEV063,UPI,Success,0
TXN01075,CUST0237,ACC0237,2023-03-13,393.82,Credit,MERCH050,LOC005,DEV107,UPI,Failed,0
TXN01076,CUST0491,ACC0491,2023-09-24,44173.68,Debit,MERCH093,LOC004,DEV075,NetBanking,Success,0
TXN01077,CUST0416,ACC0416,2024-02-12,41423.97,Debit,MERCH092,LOC033,DEV162,UPI,Failed,0
TXN01078,CUST0333,ACC0333,2024-03-26,21458.0,Debit,MERCH098,LOC038,DEV193,UPI,Success,0
TXN01079,CUST0406,ACC0406,2023-04-25,36113.61,Credit,MERCH032,LOC031,DEV054,Card,Success,0
TXN01080,CUST0136,ACC0136,2023-04-10,16534.78,Credit,MERCH097,LOC016,DEV194,UPI,Failed,0
TXN01081,CUST0134,ACC0134,2023-12-17,14799.84,Debit,MERCH090,LOC017,DEV146,Card,Failed,0
TXN01082,CUST0141,ACC0141,2024-08-31,1835.44,Debit,MERCH048,LOC037,DEV093,UPI,Success,1
TXN01083,CUST0366,ACC0366,2023-10-26,15367.8,Debit,MERCH092,LOC029,DEV173,UPI,Failed,0
TXN01084,CUST0151,ACC0151,2023-06-08,37199.47,Debit,MERCH033,LOC041,DEV059,UPI,Success,0
TXN01085,CUST0015,ACC0015,2023-08-05,29182.36,Debit,MERCH066,LOC048,DEV133,UPI,Success,0
TXN01086,CUST0208,ACC0208,2024-05-03,30942.08,Debit,MERCH065,LOC021,DEV134,UPI,Success,0
TXN01087,CUST0192,ACC0192,2024-01-23,43277.16,Debit,MERCH023,LOC031,DEV098,Card,Failed,0
TXN01088,CUST0008,ACC0008,2024-11-15,47350.07,Debit,MERCH020,LOC018,DEV156,Card,Success,0
TXN01089,CUST0399,ACC0399,2023-05-03,32517.33,Credit,MERCH073,LOC041,DEV004,Card,Failed,0
TXN01090,CUST0431,ACC0431,2024-06-20,44911.83,Debit,MERCH013,LOC022,DEV130,UPI,Success,0
TXN01091,CUST0035,ACC0035,2023-10-05,27686.56,Debit,MERCH067,LOC016,DEV063,NetBanking,Success,0
TXN01092,CUST0132,ACC0132,2023-07-07,34500.47,Debit,MERCH023,LOC003,DEV156,UPI,Failed,0
TXN01093,CUST0137,ACC0137,2024-07-19,13909.95,Debit,MERCH008,LOC014,DEV059,UPI,Success,0
TXN01094,CUST0125,ACC0125,2024-08-22,38095.94,Credit,MERCH007,LOC021,DEV163,Card,Success,0
TXN01095,CUST0038,ACC0038,2023-07-21,23941.04,Debit,MERCH026,LOC007,DEV139,Card,Failed,0
TXN01096,CUST0302,ACC0302,2023-08-09,29934.77,Debit,MERCH015,LOC047,DEV114,Card,Failed,0
TXN01097,CUST0399,ACC0399,2024-10-20,9780.2,Credit,MERCH053,LOC039,DEV070,NetBanking,Success,0
TXN01098,CUST0253,ACC0253,2024-10-08,8867.77,Credit,MERCH039,LOC017,DEV137,NetBanking,Success,0
TXN01099,CUST0128,ACC0128,2023-12-16,13800.65,Debit,MERCH015,LOC049,DEV047,NetBanking,Failed,0
TXN01100,CUST0250,ACC0250,2023-01-07,15994.42,Credit,MERCH021,LOC012,DEV017,NetBanking,Failed,0
TXN01101,CUST0390,ACC0390,2024-03-18,33665.16,Credit,MERCH069,LOC012,DEV050,UPI,Success,0
TXN01102,CUST0399,ACC0399,2023-04-22,38154.49,Debit,MERCH068,LOC031,DEV027,UPI,Success,0
TXN01103,CUST0351,ACC0351,2023-11-04,46381.2,Debit,MERCH099,LOC026,DEV044,UPI,Success,0
TXN01104,CUST0437,ACC0437,2023-06-11,30525.66,Debit,MERCH084,LOC039,DEV107,UPI,Failed,0
TXN01105,CUST0400,ACC0400,2023-10-03,11474.74,Credit,MERCH040,LOC022,DEV187,Card,Success,0
TXN01106,CUST0182,ACC0182,2023-11-19,22512.91,Credit,MERCH001,LOC049,DEV104,Card,Failed,0
TXN01107,CUST0029,ACC0029,2024-02-23,17712.92,Credit,MERCH091,LOC013,DEV054,UPI,Success,1
TXN01108,CUST0339,ACC0339,2023-09-20,14775.1,Debit,MERCH049,LOC021,DEV143,Card,Success,0
TXN01109,CUST0287,ACC0287,2023-07-24,39883.86,Credit,MERCH032,LOC011,DEV084,NetBanking,Success,0
TXN01110,CUST0371,ACC0371,2024-05-06,47077.63,Credit,MERCH050,LOC045,DEV181,NetBanking,Success,0
TXN01111,CUST0250,ACC0250,2023-09-13,14043.12,Credit,MERCH082,LOC022,DEV071,NetBanking,Success,0
TXN01112,CUST0276,ACC0276,2024-01-14,21934.31,Debit,MERCH018,LOC048,DEV019,Card,Failed,0
TXN01113,CUST0167,ACC0167,2024-02-28,41224.32,Debit,MERCH057,LOC016,DEV084,UPI,Success,0
TXN01114,CUST0294,ACC0294,2024-07-13,38151.22,Debit,MERCH099,LOC005,DEV180,Card,Success,0
TXN01115,CUST0365,ACC0365,2023-11-18,47862.15,Credit,MERCH060,LOC015,DEV118,Card,Success,0
TXN01116,CUST0186,ACC0186,2023-12-08,9989.31,Debit,MERCH083,LOC027,DEV110,Card,Success,0
TXN01117,CUST0203,ACC0203,2024-05-13,39914.95,Debit,MERCH056,LOC003,DEV130,NetBanking,Success,1
TXN01118,CUST0448,ACC0448,2023-12-01,39517.37,Debit,MERCH095,LOC005,DEV145,Card,Success,0
TXN01119,CUST0048,ACC0048,2024-07-25,39040.38,Debit,MERCH060,LOC040,DEV167,NetBanking,Success,0
TXN01120,CUST0098,ACC0098,2023-03-16,38367.41,Debit,MERCH058,LOC048,DEV039,Card,Failed,0
TXN01121,CUST0334,ACC0334,2023-12-05,3697.64,Debit,MERCH068,LOC050,DEV178,NetBanking,Failed,0
TXN01122,CUST0379,ACC0379,2024-03-18,44475.38,Debit,MERCH050,LOC002,DEV003,Card,Success,0
TXN01123,CUST0116,ACC0116,2023-11-27,21386.12,Debit,MERCH084,LOC043,DEV052,Card,Success,0
TXN01124,CUST0395,ACC0395,2024-08-11,46271.56,Debit,MERCH027,LOC020,DEV047,NetBanking,Success,0
TXN01125,CUST0052,ACC0052,2023-01-27,26694.43,Debit,MERCH042,LOC021,DEV059,UPI,Success,0
TXN01126,CUST0337,ACC0337,2023-08-02,10124.99,Credit,MERCH028,LOC050,DEV091,UPI,Success,0
TXN01127,CUST0014,ACC0014,2023-05-21,43888.0,Debit,MERCH004,LOC029,DEV191,Card,Failed,0
TXN01128,CUST0438,ACC0438,2023-08-02,19051.81,Credit,MERCH026,LOC014,DEV198,Card,Failed,0
TXN01129,CUST0195,ACC0195,2024-08-27,40734.25,Debit,MERCH027,LOC008,DEV126,UPI,Success,0
TXN01130,CUST0380,ACC0380,2024-09-11,17951.6,Credit,MERCH012,LOC033,DEV093,Card,Success,0
TXN01131,CUST0245,ACC0245,2023-09-19,25461.33,Debit,MERCH054,LOC026,DEV026,Card,Success,0
TXN01132,CUST0182,ACC0182,2024-01-05,47289.3,Credit,MERCH090,LOC006,DEV167,UPI,Success,0
TXN01133,CUST0330,ACC0330,2024-02-04,43803.29,Debit,MERCH032,LOC012,DEV145,UPI,Success,0
TXN01134,CUST0005,ACC0005,2023-05-12,25955.17,Credit,MERCH027,LOC048,DEV170,UPI,Success,0
TXN01135,CUST0151,ACC0151,2024-01-16,30896.87,Credit,MERCH067,LOC010,DEV190,UPI,Success,0
TXN01136,CUST0415,ACC0415,2024-11-15,9121.65,Debit,MERCH040,LOC026,DEV161,UPI,Success,0
TXN01137,CUST0192,ACC0192,2023-09-29,31114.58,Debit,MERCH061,LOC003,DEV189,UPI,Success,1
TXN01138,CUST0447,ACC0447,2023-05-28,45683.17,Credit,MERCH002,LOC023,DEV058,UPI,Success,0
TXN01139,CUST0048,ACC0048,2024-03-05,49410.17,Credit,MERCH054,LOC035,DEV113,UPI,Failed,0
TXN01140,CUST0069,ACC0069,2024-09-09,40480.78,Debit,MERCH061,LOC017,DEV033,UPI,Failed,0
TXN01141,CUST0166,ACC0166,2024-11-03,27022.31,Debit,MERCH064,LOC048,DEV147,NetBanking,Failed,0
TXN01142,CUST0101,ACC0101,2023-05-09,11004.59,Debit,MERCH096,LOC007,DEV184,UPI,Success,0
TXN01143,CUST0207,ACC0207,2023-10-17,44351.55,Debit,MERCH094,LOC043,DEV078,UPI,Success,0
TXN01144,CUST0169,ACC0169,2024-12-28,48699.14,Debit,MERCH048,LOC043,DEV038,NetBanking,Success,0
TXN01145,CUST0297,ACC0297,2023-02-05,37409.4,Debit,MERCH002,LOC010,DEV163,Card,Success,0
TXN01146,CUST0018,ACC0018,2023-09-01,8136.17,Debit,MERCH062,LOC023,DEV049,Card,Failed,0
TXN01147,CUST0322,ACC0322,2024-08-14,20312.56,Credit,MERCH016,LOC048,DEV072,UPI,Success,0
TXN01148,CUST0336,ACC0336,2024-06-10,46198.09,Debit,MERCH063,LOC050,DEV141,Card,Success,0
TXN01149,CUST0234,ACC0234,2024-11-10,4870.35,Debit,MERCH055,LOC042,DEV007,Card,Success,0
TXN01150,CUST0494,ACC0494,2024-07-10,6355.1,Credit,MERCH092,LOC019,DEV033,UPI,Success,0
TXN01151,CUST0448,ACC0448,2023-12-22,15386.17,Debit,MERCH066,LOC013,DEV037,Card,Success,0
TXN01152,CUST0431,ACC0431,2024-11-27,11131.76,Debit,MERCH100,LOC010,DEV145,UPI,Success,0
TXN01153,CUST0441,ACC0441,2024-06-27,26276.01,Debit,MERCH068,LOC011,DEV096,NetBanking,Success,0
TXN01154,CUST0082,ACC0082,2023-04-13,34035.83,Debit,MERCH079,LOC028,DEV052,NetBanking,Success,0
TXN01155,CUST0143,ACC0143,2023-02-20,47954.89,Debit,MERCH067,LOC027,DEV122,Card,Failed,0
TXN01156,CUST0240,ACC0240,2023-11-26,6849.19,Debit,MERCH072,LOC043,DEV080,Card,Success,0
TXN01157,CUST0107,ACC0107,2024-09-19,29719.55,Debit,MERCH018,LOC010,DEV124,UPI,Failed,0
TXN01158,CUST0422,ACC0422,2023-06-14,38241.42,Credit,MERCH051,LOC038,DEV050,UPI,Success,0
TXN01159,CUST0128,ACC0128,2023-12-25,3573.06,Debit,MERCH016,LOC047,DEV190,Card,Failed,0
TXN01160,CUST0300,ACC0300,2024-11-19,7634.72,Debit,MERCH002,LOC041,DEV031,Card,Success,0
TXN01161,CUST0267,ACC0267,2023-11-15,26235.84,Credit,MERCH039,LOC008,DEV139,NetBanking,Success,0
TXN01162,CUST0381,ACC0381,2024-09-16,22745.65,Debit,MERCH006,LOC025,DEV066,UPI,Success,0
TXN01163,CUST0058,ACC0058,2024-10-03,23352.96,Debit,MERCH098,LOC019,DEV058,NetBanking,Failed,0
TXN01164,CUST0268,ACC0268,2023-04-16,4474.22,Debit,MERCH086,LOC032,DEV180,NetBanking,Success,0
TXN01165,CUST0494,ACC0494,2024-03-18,21112.62,Debit,MERCH082,LOC033,DEV085,UPI,Success,0
TXN01166,CUST0215,ACC0215,2024-11-13,41823.0,Debit,MERCH063,LOC016,DEV150,Card,Success,0
TXN01167,CUST0254,ACC0254,2023-08-15,29574.67,Debit,MERCH072,LOC039,DEV145,Card,Failed,0
TXN01168,CUST0193,ACC0193,2024-09-13,25972.39,Debit,MERCH083,LOC007,DEV148,Card,Success,0
TXN01169,CUST0049,ACC0049,2023-05-01,48338.14,Debit,MERCH051,LOC046,DEV191,UPI,Failed,0
TXN01170,CUST0021,ACC0021,2023-12-22,32372.07,Credit,MERCH081,LOC048,DEV200,Card,Success,0
TXN01171,CUST0222,ACC0222,2024-11-16,45408.66,Debit,MERCH043,LOC007,DEV075,UPI,Success,0
TXN01172,CUST0472,ACC0472,2024-02-27,40104.67,Debit,MERCH045,LOC023,DEV064,Card,Success,0
TXN01173,CUST0142,ACC0142,2024-04-01,39196.3,Credit,MERCH021,LOC014,DEV143,Card,Success,0
TXN01174,CUST0395,ACC0395,2024-07-14,32431.93,Debit,MERCH012,LOC022,DEV091,Card,Success,0
TXN01175,CUST0316,ACC0316,2024-07-05,37005.97,Debit,MERCH093,LOC006,DEV164,UPI,Success,0
TXN01176,CUST0208,ACC0208,2023-11-17,31108.9,Credit,MERCH091,LOC032,DEV090,UPI,Success,0
TXN01177,CUST0173,ACC0173,2024-03-24,44794.22,Debit,MERCH025,LOC038,DEV080,UPI,Success,1
TXN01178,CUST0466,ACC0466,2024-06-02,35026.4,Debit,MERCH090,LOC005,DEV051,NetBanking,Success,0
TXN01179,CUST0048,ACC0048,2023-04-03,35597.7,Debit,MERCH069,LOC023,DEV102,Card,Success,0
TXN01180,CUST0069,ACC0069,2024-01-30,5226.12,Debit,MERCH057,LOC003,DEV063,Card,Success,0
TXN01181,CUST0281,ACC0281,2023-06-08,33392.69,Debit,MERCH029,LOC045,DEV057,Card,Failed,0
TXN01182,CUST0126,ACC0126,2023-08-20,22045.78,Debit,MERCH003,LOC040,DEV124,UPI,Success,0
TXN01183,CUST0430,ACC0430,2024-03-25,20755.57,Debit,MERCH024,LOC034,DEV149,NetBanking,Failed,0
TXN01184,CUST0205,ACC0205,2024-10-04,28794.07,Debit,MERCH034,LOC028,DEV095,Card,Success,0
TXN01185,CUST0187,ACC0187,2023-08-29,16041.73,Debit,MERCH090,LOC016,DEV138,Card,Success,0
TXN01186,CUST0297,ACC0297,2023-05-12,4876.24,Credit,MERCH078,LOC015,DEV185,NetBanking,Success,0
TXN01187,CUST0179,ACC0179,2024-12-19,32266.05,Debit,MERCH035,LOC037,DEV014,NetBanking,Failed,0
TXN01188,CUST0236,ACC0236,2024-09-25,21921.65,Credit,MERCH022,LOC002,DEV144,NetBanking,Success,0
TXN01189,CUST0230,ACC0230,2024-07-26,32531.36,Credit,MERCH046,LOC005,DEV185,Card,Success,0
TXN01190,CUST0142,ACC0142,2024-08-06,12638.0,Credit,MERCH091,LOC049,DEV035,UPI,Failed,0
TXN01191,CUST0203,ACC0203,2023-08-09,33106.95,Debit,MERCH066,LOC027,DEV037,Card,Success,0
TXN01192,CUST0393,ACC0393,2024-07-06,49009.92,Debit,MERCH007,LOC046,DEV194,NetBanking,Success,0
TXN01193,CUST0184,ACC0184,2024-08-24,6028.18,Debit,MERCH094,LOC011,DEV188,UPI,Failed,0
TXN01194,CUST0100,ACC0100,2023-09-12,48990.11,Debit,MERCH064,LOC047,DEV031,UPI,Success,0
TXN01195,CUST0170,ACC0170,2023-04-02,4753.36,Credit,MERCH049,LOC045,DEV122,Card,Failed,0
TXN01196,CUST0071,ACC0071,2023-12-18,9190.33,Debit,MERCH033,LOC032,DEV024,Card,Success,0
TXN01197,CUST0095,ACC0095,2023-09-24,20101.32,Debit,MERCH097,LOC007,DEV135,UPI,Success,0
TXN01198,CUST0132,ACC0132,2023-01-21,43971.1,Debit,MERCH001,LOC034,DEV004,UPI,Success,0
TXN01199,CUST0003,ACC0003,2023-12-01,19268.44,Debit,MERCH025,LOC041,DEV159,UPI,Success,0
TXN01200,CUST0256,ACC0256,2023-07-06,26783.94,Debit,MERCH074,LOC012,DEV113,Card,Success,0
TXN01201,CUST0362,ACC0362,2023-07-01,25391.07,Debit,MERCH016,LOC020,DEV075,Card,Success,0
TXN01202,CUST0056,ACC0056,2023-12-24,34167.45,Debit,MERCH078,LOC010,DEV157,NetBanking,Success,0
TXN01203,CUST0472,ACC0472,2023-12-12,46894.02,Credit,MERCH015,LOC043,DEV142,NetBanking,Failed,0
TXN01204,CUST0034,ACC0034,2023-12-13,12348.8,Debit,MERCH025,LOC026,DEV011,UPI,Failed,0
TXN01205,CUST0184,ACC0184,2023-03-02,45834.69,Debit,MERCH042,LOC034,DEV145,Card,Success,0
TXN01206,CUST0295,ACC0295,2024-12-20,26619.69,Debit,MERCH058,LOC049,DEV051,Card,Success,0
TXN01207,CUST0150,ACC0150,2024-10-03,21344.64,Credit,MERCH063,LOC007,DEV083,Card,Success,0
TXN01208,CUST0288,ACC0288,2024-05-10,30502.68,Credit,MERCH090,LOC004,DEV136,Card,Success,0
TXN01209,CUST0426,ACC0426,2023-02-12,9444.54,Debit,MERCH095,LOC004,DEV137,UPI,Success,0
TXN01210,CUST0015,ACC0015,2023-02-18,48340.07,Debit,MERCH007,LOC044,DEV112,Card,Success,0
TXN01211,CUST0379,ACC0379,2024-06-04,26223.02,Debit,MERCH013,LOC030,DEV048,UPI,Success,0
TXN01212,CUST0457,ACC0457,2023-08-15,35634.91,Debit,MERCH027,LOC037,DEV164,UPI,Failed,0
TXN01213,CUST0314,ACC0314,2023-01-16,2309.43,Debit,MERCH001,LOC016,DEV169,Card,Success,0
TXN01214,CUST0417,ACC0417,2023-12-05,49220.88,Debit,MERCH052,LOC003,DEV040,Card,Success,0
TXN01215,CUST0073,ACC0073,2024-09-05,12346.35,Credit,MERCH084,LOC048,DEV070,Card,Success,0
TXN01216,CUST0210,ACC0210,2024-12-07,560.86,Credit,MERCH025,LOC050,DEV125,Card,Success,0
TXN01217,CUST0130,ACC0130,2024-09-06,570.96,Debit,MERCH017,LOC043,DEV177,Card,Failed,0
TXN01218,CUST0115,ACC0115,2023-03-14,31897.97,Debit,MERCH009,LOC012,DEV138,UPI,Failed,0
TXN01219,CUST0168,ACC0168,2023-06-21,47177.98,Credit,MERCH037,LOC037,DEV067,Card,Success,0
TXN01220,CUST0056,ACC0056,2023-05-03,19775.57,Debit,MERCH026,LOC009,DEV133,UPI,Failed,0
TXN01221,CUST0019,ACC0019,2024-04-25,23967.05,Debit,MERCH024,LOC006,DEV196,UPI,Success,0
TXN01222,CUST0356,ACC0356,2023-03-11,12125.5,Debit,MERCH095,LOC010,DEV114,NetBanking,Failed,0
TXN01223,CUST0306,ACC0306,2023-02-12,33160.69,Debit,MERCH006,LOC037,DEV004,NetBanking,Success,0
TXN01224,CUST0486,ACC0486,2023-06-06,17100.31,Debit,MERCH083,LOC004,DEV101,Card,Success,0
TXN01225,CUST0195,ACC0195,2023-06-06,47343.72,Debit,MERCH025,LOC022,DEV169,NetBanking,Success,0
TXN01226,CUST0370,ACC0370,2024-03-25,1314.22,Debit,MERCH037,LOC036,DEV042,Card,Success,0
TXN01227,CUST0074,ACC0074,2024-07-14,48210.62,Debit,MERCH069,LOC002,DEV159,UPI,Success,0
TXN01228,CUST0369,ACC0369,2023-06-23,36217.76,Debit,MERCH014,LOC044,DEV060,Card,Success,0
TXN01229,CUST0004,ACC0004,2024-01-26,220.88,Credit,MERCH098,LOC041,DEV010,UPI,Success,0
TXN01230,CUST0289,ACC0289,2024-07-12,3742.5,Credit,MERCH050,LOC029,DEV192,Card,Success,0
TXN01231,CUST0122,ACC0122,2024-11-30,24553.59,Debit,MERCH062,LOC010,DEV117,Card,Failed,0
TXN01232,CUST0275,ACC0275,2024-01-04,11230.8,Debit,MERCH033,LOC011,DEV095,Card,Failed,0
TXN01233,CUST0379,ACC0379,2023-01-22,21615.24,Debit,MERCH091,LOC035,DEV059,Card,Success,0
TXN01234,CUST0206,ACC0206,2023-05-09,42014.76,Debit,MERCH054,LOC027,DEV118,Card,Failed,0
TXN01235,CUST0376,ACC0376,2024-04-08,22222.45,Credit,MERCH086,LOC026,DEV035,Card,Success,0
TXN01236,CUST0371,ACC0371,2024-06-26,10335.46,Debit,MERCH094,LOC043,DEV159,UPI,Success,0
TXN01237,CUST0187,ACC0187,2024-04-19,27432.87,Debit,MERCH019,LOC031,DEV028,Card,Success,0
TXN01238,CUST0278,ACC0278,2024-10-29,22643.37,Credit,MERCH044,LOC036,DEV041,NetBanking,Success,0
TXN01239,CUST0338,ACC0338,2024-01-29,46859.24,Debit,MERCH004,LOC045,DEV053,Card,Failed,0
TXN01240,CUST0198,ACC0198,2024-08-04,33366.33,Debit,MERCH074,LOC013,DEV039,Card,Failed,0
TXN01241,CUST0211,ACC0211,2023-11-21,23455.56,Credit,MERCH098,LOC040,DEV136,UPI,Success,0
TXN01242,CUST0377,ACC0377,2024-10-05,43802.03,Debit,MERCH007,LOC022,DEV024,UPI,Success,1
TXN01243,CUST0161,ACC0161,2024-01-01,10190.2,Debit,MERCH047,LOC040,DEV081,UPI,Success,0
TXN01244,CUST0299,ACC0299,2024-04-02,23780.61,Debit,MERCH072,LOC011,DEV039,UPI,Success,0
TXN01245,CUST0084,ACC0084,2024-03-01,5966.1,Credit,MERCH081,LOC031,DEV180,NetBanking,Success,0
TXN01246,CUST0144,ACC0144,2024-12-07,42407.34,Debit,MERCH013,LOC049,DEV011,UPI,Success,0
TXN01247,CUST0070,ACC0070,2024-01-26,23667.01,Debit,MERCH047,LOC029,DEV150,Card,Success,0
TXN01248,CUST0293,ACC0293,2023-07-06,22394.3,Credit,MERCH011,LOC024,DEV018,UPI,Success,0
TXN01249,CUST0091,ACC0091,2023-05-19,31220.35,Debit,MERCH086,LOC013,DEV163,Card,Success,0
TXN01250,CUST0165,ACC0165,2023-10-27,35584.84,Debit,MERCH003,LOC040,DEV152,UPI,Failed,0
TXN01251,CUST0214,ACC0214,2023-06-23,18292.54,Debit,MERCH004,LOC032,DEV082,Card,Success,0
TXN01252,CUST0464,ACC0464,2023-06-20,2647.95,Debit,MERCH056,LOC022,DEV011,UPI,Success,0
TXN01253,CUST0140,ACC0140,2024-11-03,22931.47,Debit,MERCH080,LOC001,DEV189,UPI,Success,0
TXN01254,CUST0294,ACC0294,2023-01-20,15170.39,Credit,MERCH050,LOC003,DEV178,UPI,Failed,0
TXN01255,CUST0345,ACC0345,2023-10-04,34857.96,Debit,MERCH053,LOC046,DEV088,Card,Failed,0
TXN01256,CUST0068,ACC0068,2023-12-21,35969.9,Debit,MERCH037,LOC018,DEV022,NetBanking,Failed,0
TXN01257,CUST0468,ACC0468,2024-04-05,45942.87,Debit,MERCH017,LOC049,DEV028,UPI,Success,1
TXN01258,CUST0125,ACC0125,2023-03-18,8896.51,Debit,MERCH010,LOC001,DEV186,UPI,Success,0
TXN01259,CUST0007,ACC0007,2023-12-16,43514.47,Debit,MERCH059,LOC041,DEV085,NetBanking,Success,0
TXN01260,CUST0403,ACC0403,2024-11-11,5336.35,Debit,MERCH096,LOC006,DEV048,UPI,Success,0
TXN01261,CUST0047,ACC0047,2023-04-04,241.86,Debit,MERCH050,LOC021,DEV161,UPI,Success,0
TXN01262,CUST0272,ACC0272,2023-07-17,23828.4,Credit,MERCH094,LOC044,DEV152,UPI,Success,0
TXN01263,CUST0443,ACC0443,2023-03-04,22153.69,Debit,MERCH026,LOC017,DEV037,NetBanking,Success,0
TXN01264,CUST0450,ACC0450,2024-07-09,28792.93,Debit,MERCH042,LOC049,DEV059,UPI,Success,0
TXN01265,CUST0084,ACC0084,2024-02-09,31783.08,Debit,MERCH065,LOC041,DEV074,NetBanking,Failed,0
TXN01266,CUST0112,ACC0112,2024-03-12,12584.94,Debit,MERCH088,LOC017,DEV073,Card,Success,0
TXN01267,CUST0387,ACC0387,2023-06-15,3279.43,Credit,MERCH008,LOC040,DEV194,UPI,Success,0
TXN01268,CUST0419,ACC0419,2024-03-16,4043.58,Debit,MERCH099,LOC024,DEV179,Card,Success,0
TXN01269,CUST0349,ACC0349,2024-09-12,33925.87,Debit,MERCH096,LOC031,DEV095,UPI,Success,0
TXN01270,CUST0256,ACC0256,2023-11-04,38182.45,Debit,MERCH006,LOC045,DEV091,Card,Success,0
TXN01271,CUST0210,ACC0210,2024-04-21,44004.73,Credit,MERCH060,LOC029,DEV040,Card,Failed,0
TXN01272,CUST0073,ACC0073,2024-01-30,21008.88,Debit,MERCH081,LOC010,DEV103,UPI,Success,0
TXN01273,CUST0188,ACC0188,2023-01-15,21747.34,Debit,MERCH003,LOC026,DEV121,UPI,Success,0
TXN01274,CUST0077,ACC0077,2023-10-05,16898.9,Credit,MERCH021,LOC020,DEV141,UPI,Failed,0
TXN01275,CUST0143,ACC0143,2023-08-22,9537.81,Credit,MERCH056,LOC011,DEV125,NetBanking,Failed,0
TXN01276,CUST0497,ACC0497,2024-11-12,3035.03,Debit,MERCH078,LOC019,DEV037,UPI,Success,0
TXN01277,CUST0121,ACC0121,2024-06-15,47169.73,Credit,MERCH002,LOC020,DEV162,UPI,Failed,0
TXN01278,CUST0082,ACC0082,2023-12-13,31541.43,Credit,MERCH068,LOC019,DEV088,NetBanking,Success,0
TXN01279,CUST0372,ACC0372,2024-01-18,40365.86,Debit,MERCH009,LOC002,DEV115,UPI,Failed,0
TXN01280,CUST0190,ACC0190,2024-03-03,12343.19,Debit,MERCH061,LOC018,DEV143,Card,Success,0
TXN01281,CUST0175,ACC0175,2024-08-14,39701.21,Debit,MERCH074,LOC015,DEV182,UPI,Success,0
TXN01282,CUST0304,ACC0304,2024-09-16,11889.04,Credit,MERCH003,LOC021,DEV131,UPI,Failed,0
TXN01283,CUST0451,ACC0451,2023-04-08,19237.96,Debit,MERCH060,LOC039,DEV187,UPI,Success,0
TXN01284,CUST0137,ACC0137,2023-03-10,22501.77,Debit,MERCH100,LOC004,DEV122,UPI,Success,0
TXN01285,CUST0127,ACC0127,2023-08-17,31671.84,Debit,MERCH072,LOC010,DEV070,Card,Failed,0
TXN01286,CUST0490,ACC0490,2023-11-24,24260.65,Debit,MERCH077,LOC039,DEV031,Card,Success,0
TXN01287,CUST0152,ACC0152,2023-03-04,36787.97,Debit,MERCH055,LOC045,DEV003,UPI,Success,0
TXN01288,CUST0153,ACC0153,2023-09-25,10251.79,Debit,MERCH098,LOC027,DEV021,Card,Success,0
TXN01289,CUST0189,ACC0189,2024-04-21,38801.06,Credit,MERCH072,LOC011,DEV153,UPI,Failed,0
TXN01290,CUST0228,ACC0228,2023-11-18,5431.86,Credit,MERCH078,LOC030,DEV073,Card,Success,0
TXN01291,CUST0084,ACC0084,2024-08-23,6470.36,Debit,MERCH071,LOC031,DEV095,UPI,Success,0
TXN01292,CUST0073,ACC0073,2023-11-19,41598.63,Debit,MERCH083,LOC021,DEV102,Card,Failed,0
TXN01293,CUST0092,ACC0092,2023-12-01,30673.45,Debit,MERCH073,LOC003,DEV131,UPI,Success,0
TXN01294,CUST0029,ACC0029,2023-05-16,24859.0,Debit,MERCH021,LOC046,DEV061,UPI,Success,0
TXN01295,CUST0048,ACC0048,2024-01-04,48617.36,Debit,MERCH044,LOC049,DEV018,Card,Failed,0
TXN01296,CUST0253,ACC0253,2024-02-15,27278.31,Credit,MERCH089,LOC010,DEV141,NetBanking,Failed,0
TXN01297,CUST0422,ACC0422,2023-04-02,40727.49,Debit,MERCH034,LOC015,DEV062,Card,Success,0
TXN01298,CUST0029,ACC0029,2024-10-22,34191.92,Debit,MERCH006,LOC015,DEV195,UPI,Success,0
TXN01299,CUST0120,ACC0120,2023-06-06,47723.33,Debit,MERCH082,LOC043,DEV102,UPI,Success,0
TXN01300,CUST0010,ACC0010,2024-06-06,38288.56,Debit,MERCH071,LOC005,DEV011,Card,Failed,0
TXN01301,CUST0103,ACC0103,2024-08-26,1848.48,Credit,MERCH011,LOC038,DEV095,UPI,Success,0
TXN01302,CUST0261,ACC0261,2023-06-18,19889.22,Debit,MERCH048,LOC033,DEV100,UPI,Success,0
TXN01303,CUST0082,ACC0082,2023-07-26,37720.87,Debit,MERCH034,LOC026,DEV031,Card,Success,0
TXN01304,CUST0334,ACC0334,2023-10-20,22609.91,Credit,MERCH006,LOC025,DEV028,Card,Success,0
TXN01305,CUST0381,ACC0381,2023-07-30,10047.12,Debit,MERCH039,LOC024,DEV119,NetBanking,Success,0
TXN01306,CUST0028,ACC0028,2024-10-25,31324.58,Debit,MERCH040,LOC001,DEV056,NetBanking,Success,0
TXN01307,CUST0425,ACC0425,2023-07-05,43024.88,Credit,MERCH093,LOC021,DEV118,UPI,Failed,0
TXN01308,CUST0201,ACC0201,2024-09-08,37705.24,Credit,MERCH086,LOC016,DEV020,Card,Success,0
TXN01309,CUST0316,ACC0316,2023-04-20,44226.4,Debit,MERCH001,LOC020,DEV114,UPI,Success,0
TXN01310,CUST0196,ACC0196,2024-08-04,48062.36,Debit,MERCH025,LOC028,DEV190,UPI,Success,0
TXN01311,CUST0449,ACC0449,2024-01-17,3851.17,Debit,MERCH016,LOC020,DEV037,Card,Success,0
TXN01312,CUST0135,ACC0135,2024-04-12,46509.78,Debit,MERCH061,LOC012,DEV004,UPI,Success,0
TXN01313,CUST0058,ACC0058,2023-03-30,36254.21,Debit,MERCH073,LOC031,DEV017,Card,Success,1
TXN01314,CUST0375,ACC0375,2024-12-09,7707.08,Credit,MERCH004,LOC003,DEV128,UPI,Failed,0
TXN01315,CUST0222,ACC0222,2024-04-21,20650.59,Debit,MERCH036,LOC046,DEV073,UPI,Success,0
TXN01316,CUST0369,ACC0369,2024-05-05,10174.8,Debit,MERCH025,LOC016,DEV177,Card,Success,0
TXN01317,CUST0230,ACC0230,2023-01-02,49792.08,Credit,MERCH030,LOC046,DEV191,UPI,Failed,0
TXN01318,CUST0025,ACC0025,2023-10-21,18233.54,Debit,MERCH061,LOC035,DEV042,NetBanking,Failed,0
TXN01319,CUST0192,ACC0192,2024-11-05,45095.95,Debit,MERCH045,LOC027,DEV045,NetBanking,Success,0
TXN01320,CUST0298,ACC0298,2024-02-16,18636.89,Debit,MERCH097,LOC032,DEV173,Card,Success,0
TXN01321,CUST0278,ACC0278,2024-02-22,18048.43,Debit,MERCH043,LOC023,DEV166,Card,Success,0
TXN01322,CUST0239,ACC0239,2024-04-06,37697.48,Debit,MERCH081,LOC010,DEV154,UPI,Success,0
TXN01323,CUST0175,ACC0175,2024-07-07,31653.24,Debit,MERCH051,LOC006,DEV108,UPI,Success,0
TXN01324,CUST0451,ACC0451,2023-04-25,49525.67,Debit,MERCH033,LOC036,DEV171,NetBanking,Success,0
TXN01325,CUST0483,ACC0483,2023-06-18,36998.58,Credit,MERCH048,LOC036,DEV102,Card,Success,0
TXN01326,CUST0268,ACC0268,2024-11-03,40977.08,Debit,MERCH089,LOC049,DEV028,UPI,Failed,0
TXN01327,CUST0116,ACC0116,2024-10-17,32212.92,Debit,MERCH065,LOC007,DEV127,UPI,Success,0
TXN01328,CUST0074,ACC0074,2023-03-15,34762.12,Debit,MERCH039,LOC014,DEV139,Card,Failed,0
TXN01329,CUST0327,ACC0327,2023-04-09,47579.95,Debit,MERCH016,LOC014,DEV048,UPI,Success,1
TXN01330,CUST0424,ACC0424,2024-11-27,3613.24,Credit,MERCH046,LOC043,DEV104,Card,Success,0
TXN01331,CUST0006,ACC0006,2024-12-15,29898.17,Credit,MERCH055,LOC040,DEV151,Card,Success,0
TXN01332,CUST0471,ACC0471,2024-05-04,31779.22,Debit,MERCH005,LOC032,DEV082,NetBanking,Failed,0
TXN01333,CUST0180,ACC0180,2023-02-01,12826.32,Credit,MERCH076,LOC040,DEV090,Card,Success,0
TXN01334,CUST0486,ACC0486,2024-12-02,24540.91,Credit,MERCH098,LOC006,DEV122,UPI,Success,0
TXN01335,CUST0130,ACC0130,2024-07-10,4647.84,Debit,MERCH049,LOC048,DEV087,UPI,Failed,0
TXN01336,CUST0124,ACC0124,2024-09-10,49200.81,Debit,MERCH091,LOC029,DEV056,UPI,Success,0
TXN01337,CUST0315,ACC0315,2024-02-25,4792.94,Debit,MERCH009,LOC033,DEV047,UPI,Failed,0
TXN01338,CUST0238,ACC0238,2023-10-09,34871.7,Debit,MERCH090,LOC034,DEV126,Card,Success,0
TXN01339,CUST0090,ACC0090,2024-04-07,14704.8,Debit,MERCH055,LOC008,DEV176,UPI,Success,0
TXN01340,CUST0080,ACC0080,2023-03-20,9996.2,Debit,MERCH096,LOC042,DEV046,Card,Success,0
TXN01341,CUST0396,ACC0396,2024-01-21,2241.54,Debit,MERCH075,LOC032,DEV059,UPI,Success,0
TXN01342,CUST0366,ACC0366,2024-03-31,40430.5,Debit,MERCH095,LOC039,DEV145,UPI,Success,0
TXN01343,CUST0013,ACC0013,2024-03-24,24832.48,Debit,MERCH014,LOC027,DEV122,Card,Success,0
TXN01344,CUST0018,ACC0018,2023-10-13,21842.74,Debit,MERCH086,LOC023,DEV122,Card,Success,0
TXN01345,CUST0206,ACC0206,2024-06-03,45967.76,Debit,MERCH074,LOC012,DEV171,UPI,Success,0
TXN01346,CUST0101,ACC0101,2024-04-01,33010.11,Debit,MERCH085,LOC012,DEV150,NetBanking,Success,0
TXN01347,CUST0212,ACC0212,2023-04-29,28005.35,Debit,MERCH096,LOC045,DEV101,UPI,Success,0
TXN01348,CUST0006,ACC0006,2024-01-16,3046.7,Debit,MERCH002,LOC020,DEV036,UPI,Success,0
TXN01349,CUST0164,ACC0164,2023-09-07,43036.25,Debit,MERCH062,LOC031,DEV055,UPI,Failed,0
TXN01350,CUST0051,ACC0051,2023-06-26,19423.48,Debit,MERCH066,LOC010,DEV195,NetBanking,Success,0
TXN01351,CUST0035,ACC0035,2024-05-04,25693.56,Debit,MERCH053,LOC041,DEV093,UPI,Success,0
TXN01352,CUST0481,ACC0481,2023-08-19,41407.38,Debit,MERCH006,LOC021,DEV200,Card,Failed,0
TXN01353,CUST0203,ACC0203,2023-01-29,9670.65,Credit,MERCH078,LOC015,DEV192,Card,Failed,0
TXN01354,CUST0465,ACC0465,2023-05-11,23994.32,Credit,MERCH067,LOC019,DEV128,NetBanking,Success,0
TXN01355,CUST0396,ACC0396,2023-03-18,21665.44,Credit,MERCH091,LOC050,DEV038,UPI,Success,0
TXN01356,CUST0396,ACC0396,2024-10-18,2045.43,Credit,MERCH044,LOC020,DEV138,Card,Success,0
TXN01357,CUST0310,ACC0310,2023-12-01,45970.37,Credit,MERCH097,LOC045,DEV151,Card,Failed,0
TXN01358,CUST0356,ACC0356,2024-07-27,46176.53,Debit,MERCH044,LOC006,DEV178,NetBanking,Failed,0
TXN01359,CUST0251,ACC0251,2023-12-17,26660.32,Debit,MERCH035,LOC019,DEV153,NetBanking,Success,0
TXN01360,CUST0263,ACC0263,2023-08-22,15686.93,Debit,MERCH040,LOC013,DEV086,Card,Success,0
TXN01361,CUST0266,ACC0266,2024-11-23,20606.39,Credit,MERCH018,LOC050,DEV177,Card,Success,0
TXN01362,CUST0152,ACC0152,2023-07-14,34370.81,Debit,MERCH075,LOC034,DEV045,Card,Success,0
TXN01363,CUST0061,ACC0061,2023-10-26,31947.84,Debit,MERCH064,LOC024,DEV063,UPI,Success,0
TXN01364,CUST0201,ACC0201,2024-05-10,35866.22,Credit,MERCH078,LOC005,DEV065,NetBanking,Success,0
TXN01365,CUST0064,ACC0064,2024-01-21,40665.07,Debit,MERCH033,LOC032,DEV117,Card,Success,0
TXN01366,CUST0479,ACC0479,2024-07-17,29200.0,Credit,MERCH055,LOC041,DEV126,Card,Success,0
TXN01367,CUST0305,ACC0305,2023-04-21,23844.59,Debit,MERCH016,LOC024,DEV195,Card,Success,0
TXN01368,CUST0411,ACC0411,2023-02-25,2099.68,Debit,MERCH035,LOC009,DEV025,UPI,Success,0
TXN01369,CUST0474,ACC0474,2024-12-04,21192.03,Debit,MERCH080,LOC047,DEV071,UPI,Success,0
TXN01370,CUST0146,ACC0146,2024-03-16,12071.98,Debit,MERCH020,LOC002,DEV142,UPI,Success,0
TXN01371,CUST0300,ACC0300,2023-11-21,38129.44,Credit,MERCH003,LOC011,DEV024,UPI,Success,0
TXN01372,CUST0293,ACC0293,2024-09-20,48934.69,Credit,MERCH053,LOC015,DEV062,Card,Success,0
TXN01373,CUST0236,ACC0236,2024-09-16,8323.85,Debit,MERCH031,LOC043,DEV079,UPI,Success,0
TXN01374,CUST0223,ACC0223,2024-08-16,43051.72,Credit,MERCH011,LOC027,DEV183,Card,Success,0
TXN01375,CUST0228,ACC0228,2024-03-29,7561.76,Credit,MERCH035,LOC014,DEV173,Card,Success,0
TXN01376,CUST0252,ACC0252,2024-03-23,39489.91,Debit,MERCH065,LOC040,DEV100,NetBanking,Success,1
TXN01377,CUST0430,ACC0430,2024-03-28,30347.37,Debit,MERCH090,LOC044,DEV097,Card,Success,0
TXN01378,CUST0087,ACC0087,2024-02-18,10396.19,Debit,MERCH036,LOC016,DEV184,Card,Failed,0
TXN01379,CUST0149,ACC0149,2023-08-25,19003.23,Debit,MERCH009,LOC029,DEV183,Card,Success,0
TXN01380,CUST0410,ACC0410,2023-01-23,19474.05,Debit,MERCH003,LOC032,DEV112,Card,Failed,0
TXN01381,CUST0371,ACC0371,2024-04-01,45463.94,Credit,MERCH035,LOC024,DEV067,UPI,Success,0
TXN01382,CUST0246,ACC0246,2023-06-11,8468.66,Debit,MERCH047,LOC004,DEV195,NetBanking,Success,0
TXN01383,CUST0118,ACC0118,2023-04-03,35369.87,Debit,MERCH068,LOC017,DEV116,UPI,Success,0
TXN01384,CUST0077,ACC0077,2023-10-28,7124.62,Debit,MERCH040,LOC011,DEV134,Card,Success,0
TXN01385,CUST0035,ACC0035,2023-08-26,43596.91,Debit,MERCH061,LOC028,DEV043,NetBanking,Success,0
TXN01386,CUST0121,ACC0121,2023-01-18,40396.05,Debit,MERCH035,LOC012,DEV137,UPI,Success,0
TXN01387,CUST0064,ACC0064,2024-04-18,27694.26,Debit,MERCH024,LOC016,DEV003,Card,Success,0
TXN01388,CUST0167,ACC0167,2023-06-25,38329.16,Debit,MERCH022,LOC004,DEV121,NetBanking,Success,0
TXN01389,CUST0080,ACC0080,2023-05-16,12134.18,Debit,MERCH059,LOC012,DEV182,NetBanking,Success,0
TXN01390,CUST0057,ACC0057,2023-09-12,8146.24,Debit,MERCH018,LOC001,DEV074,NetBanking,Success,0
TXN01391,CUST0236,ACC0236,2024-06-25,39951.96,Credit,MERCH083,LOC034,DEV091,Card,Failed,0
TXN01392,CUST0403,ACC0403,2024-09-12,28894.72,Debit,MERCH022,LOC033,DEV128,Card,Failed,0
TXN01393,CUST0065,ACC0065,2023-02-07,10384.31,Debit,MERCH053,LOC025,DEV097,NetBanking,Success,0
TXN01394,CUST0154,ACC0154,2024-01-18,1242.6,Debit,MERCH100,LOC041,DEV193,Card,Success,0
TXN01395,CUST0076,ACC0076,2024-04-05,43266.6,Debit,MERCH032,LOC010,DEV005,UPI,Failed,0
TXN01396,CUST0462,ACC0462,2023-08-21,45188.0,Credit,MERCH060,LOC046,DEV120,Card,Failed,0
TXN01397,CUST0191,ACC0191,2023-07-29,23191.8,Debit,MERCH082,LOC007,DEV076,Card,Success,0
TXN01398,CUST0192,ACC0192,2023-02-24,17560.23,Credit,MERCH046,LOC033,DEV142,Card,Success,0
TXN01399,CUST0245,ACC0245,2023-02-11,46702.16,Debit,MERCH040,LOC033,DEV043,Card,Success,0
TXN01400,CUST0006,ACC0006,2023-04-14,7339.65,Debit,MERCH028,LOC041,DEV134,NetBanking,Success,1
TXN01401,CUST0191,ACC0191,2023-01-25,22445.51,Credit,MERCH037,LOC024,DEV014,Card,Success,0
TXN01402,CUST0411,ACC0411,2024-06-13,29301.78,Credit,MERCH098,LOC033,DEV010,Card,Failed,0
TXN01403,CUST0342,ACC0342,2024-07-15,36446.79,Debit,MERCH049,LOC022,DEV170,NetBanking,Success,0
TXN01404,CUST0366,ACC0366,2024-03-26,36585.92,Debit,MERCH026,LOC006,DEV158,Card,Success,0
TXN01405,CUST0197,ACC0197,2023-10-10,19750.25,Debit,MERCH018,LOC013,DEV108,UPI,Success,1
TXN01406,CUST0292,ACC0292,2023-07-18,20908.57,Credit,MERCH027,LOC001,DEV017,UPI,Success,0
TXN01407,CUST0084,ACC0084,2023-02-08,13312.11,Debit,MERCH022,LOC044,DEV127,Card,Success,0
TXN01408,CUST0059,ACC0059,2023-03-23,33487.39,Debit,MERCH034,LOC037,DEV143,Card,Failed,0
TXN01409,CUST0281,ACC0281,2023-12-05,31594.65,Debit,MERCH100,LOC016,DEV058,Card,Success,0
TXN01410,CUST0418,ACC0418,2023-01-23,21721.97,Debit,MERCH093,LOC026,DEV014,Card,Success,0
TXN01411,CUST0488,ACC0488,2024-08-28,15052.11,Debit,MERCH029,LOC016,DEV119,Card,Success,0
TXN01412,CUST0464,ACC0464,2023-06-06,46306.28,Debit,MERCH096,LOC026,DEV108,NetBanking,Failed,0
TXN01413,CUST0291,ACC0291,2023-12-06,14989.27,Debit,MERCH085,LOC005,DEV199,UPI,Failed,0
TXN01414,CUST0161,ACC0161,2023-02-28,21809.39,Debit,MERCH061,LOC002,DEV086,Card,Failed,0
TXN01415,CUST0481,ACC0481,2024-01-15,5955.41,Credit,MERCH051,LOC038,DEV055,UPI,Failed,0
TXN01416,CUST0208,ACC0208,2024-03-16,42480.03,Debit,MERCH077,LOC021,DEV152,Card,Success,0
TXN01417,CUST0193,ACC0193,2023-03-26,5077.96,Debit,MERCH064,LOC006,DEV179,UPI,Success,0
TXN01418,CUST0332,ACC0332,2023-06-05,49592.27,Credit,MERCH038,LOC024,DEV174,UPI,Success,1
TXN01419,CUST0352,ACC0352,2024-12-17,17894.66,Debit,MERCH040,LOC022,DEV026,NetBanking,Success,0
TXN01420,CUST0020,ACC0020,2024-08-19,4163.17,Debit,MERCH051,LOC032,DEV028,UPI,Success,0
TXN01421,CUST0137,ACC0137,2024-08-30,14606.85,Debit,MERCH060,LOC039,DEV067,NetBanking,Success,0
TXN01422,CUST0081,ACC0081,2024-10-20,38814.95,Debit,MERCH078,LOC015,DEV177,NetBanking,Failed,0
TXN01423,CUST0146,ACC0146,2023-02-02,19700.0,Debit,MERCH058,LOC023,DEV131,Card,Failed,0
TXN01424,CUST0157,ACC0157,2023-10-28,32691.8,Credit,MERCH040,LOC043,DEV084,Card,Success,0
TXN01425,CUST0108,ACC0108,2023-09-04,23091.27,Debit,MERCH016,LOC010,DEV028,UPI,Success,0
TXN01426,CUST0230,ACC0230,2023-05-10,7508.87,Debit,MERCH075,LOC016,DEV184,UPI,Success,0
TXN01427,CUST0247,ACC0247,2024-03-21,20523.53,Debit,MERCH084,LOC003,DEV094,NetBanking,Success,0
TXN01428,CUST0081,ACC0081,2024-02-05,9614.86,Debit,MERCH033,LOC025,DEV048,UPI,Success,0
TXN01429,CUST0417,ACC0417,2024-05-24,23202.02,Debit,MERCH018,LOC021,DEV191,Card,Failed,0
TXN01430,CUST0495,ACC0495,2024-12-25,21146.3,Debit,MERCH022,LOC017,DEV107,Card,Success,0
TXN01431,CUST0048,ACC0048,2024-05-13,43782.27,Debit,MERCH031,LOC033,DEV155,Card,Success,0
TXN01432,CUST0254,ACC0254,2023-10-12,45369.98,Credit,MERCH081,LOC024,DEV183,UPI,Success,0
TXN01433,CUST0176,ACC0176,2024-09-21,18682.54,Debit,MERCH099,LOC033,DEV052,UPI,Failed,0
TXN01434,CUST0109,ACC0109,2023-06-01,16659.27,Debit,MERCH068,LOC038,DEV157,NetBanking,Failed,0
TXN01435,CUST0475,ACC0475,2024-09-18,9873.22,Credit,MERCH097,LOC030,DEV012,UPI,Success,0
TXN01436,CUST0146,ACC0146,2023-12-07,944.85,Debit,MERCH054,LOC030,DEV156,NetBanking,Failed,0
TXN01437,CUST0293,ACC0293,2023-08-25,46158.32,Debit,MERCH034,LOC020,DEV167,NetBanking,Failed,0
TXN01438,CUST0437,ACC0437,2023-02-09,40845.98,Debit,MERCH034,LOC001,DEV136,NetBanking,Failed,0
TXN01439,CUST0118,ACC0118,2023-02-11,11128.96,Debit,MERCH001,LOC028,DEV013,Card,Failed,0
TXN01440,CUST0491,ACC0491,2023-03-19,40129.44,Credit,MERCH094,LOC050,DEV164,Card,Success,0
TXN01441,CUST0404,ACC0404,2023-11-10,38456.6,Credit,MERCH071,LOC019,DEV200,UPI,Success,0
TXN01442,CUST0060,ACC0060,2023-08-29,46285.18,Debit,MERCH026,LOC001,DEV176,Card,Success,0
TXN01443,CUST0220,ACC0220,2023-03-23,16472.3,Credit,MERCH096,LOC047,DEV067,UPI,Success,0
TXN01444,CUST0087,ACC0087,2024-11-04,14651.22,Credit,MERCH027,LOC047,DEV042,Card,Success,0
TXN01445,CUST0186,ACC0186,2023-04-10,38266.38,Debit,MERCH020,LOC008,DEV001,Card,Success,0
TXN01446,CUST0489,ACC0489,2023-09-03,3345.81,Debit,MERCH044,LOC008,DEV129,Card,Success,0
TXN01447,CUST0393,ACC0393,2024-07-01,23291.6,Credit,MERCH046,LOC006,DEV091,UPI,Success,0
TXN01448,CUST0091,ACC0091,2024-02-02,40339.76,Debit,MERCH080,LOC050,DEV023,NetBanking,Success,0
TXN01449,CUST0033,ACC0033,2023-06-16,7333.36,Debit,MERCH097,LOC041,DEV090,UPI,Failed,0
TXN01450,CUST0016,ACC0016,2023-12-15,42682.64,Debit,MERCH028,LOC011,DEV049,Card,Failed,0
TXN01451,CUST0318,ACC0318,2024-10-14,24196.99,Debit,MERCH100,LOC032,DEV143,NetBanking,Success,0
TXN01452,CUST0395,ACC0395,2024-04-13,19394.42,Debit,MERCH025,LOC001,DEV147,Card,Success,1
TXN01453,CUST0182,ACC0182,2023-01-18,49383.74,Debit,MERCH096,LOC001,DEV081,Card,Failed,0
TXN01454,CUST0442,ACC0442,2024-04-19,4307.0,Debit,MERCH071,LOC036,DEV186,UPI,Success,0
TXN01455,CUST0390,ACC0390,2023-12-15,6031.66,Debit,MERCH055,LOC019,DEV010,UPI,Success,0
TXN01456,CUST0440,ACC0440,2023-04-20,2792.9,Debit,MERCH020,LOC018,DEV088,Card,Success,0
TXN01457,CUST0436,ACC0436,2024-02-26,49066.45,Debit,MERCH095,LOC020,DEV105,NetBanking,Success,0
TXN01458,CUST0012,ACC0012,2023-01-27,49063.63,Debit,MERCH068,LOC039,DEV154,Card,Success,0
TXN01459,CUST0437,ACC0437,2023-04-13,18158.48,Debit,MERCH016,LOC012,DEV148,UPI,Success,0
TXN01460,CUST0109,ACC0109,2024-08-19,40028.56,Debit,MERCH098,LOC036,DEV194,UPI,Success,0
TXN01461,CUST0278,ACC0278,2023-03-23,40588.28,Debit,MERCH052,LOC049,DEV011,NetBanking,Success,0
TXN01462,CUST0160,ACC0160,2024-03-06,4693.73,Debit,MERCH013,LOC038,DEV002,Card,Success,0
TXN01463,CUST0055,ACC0055,2024-05-03,2174.12,Credit,MERCH076,LOC036,DEV064,Card,Success,0
TXN01464,CUST0042,ACC0042,2023-12-09,8460.57,Debit,MERCH094,LOC046,DEV033,NetBanking,Success,0
TXN01465,CUST0087,ACC0087,2024-11-29,25508.74,Debit,MERCH094,LOC050,DEV049,Card,Success,0
TXN01466,CUST0253,ACC0253,2024-07-14,11933.69,Debit,MERCH025,LOC034,DEV075,Card,Failed,0
TXN01467,CUST0177,ACC0177,2023-05-20,20255.8,Credit,MERCH079,LOC008,DEV181,NetBanking,Success,0
TXN01468,CUST0216,ACC0216,2023-09-19,32434.46,Debit,MERCH025,LOC048,DEV065,Card,Success,0
TXN01469,CUST0354,ACC0354,2023-05-12,28851.97,Debit,MERCH006,LOC015,DEV064,NetBanking,Success,0
TXN01470,CUST0382,ACC0382,2023-02-17,36576.06,Debit,MERCH015,LOC037,DEV001,Card,Success,0
TXN01471,CUST0334,ACC0334,2023-08-04,35875.96,Credit,MERCH058,LOC010,DEV038,UPI,Success,0
TXN01472,CUST0371,ACC0371,2024-10-25,39290.59,Debit,MERCH049,LOC043,DEV133,Card,Failed,0
TXN01473,CUST0349,ACC0349,2023-10-09,22198.42,Debit,MERCH025,LOC043,DEV170,UPI,Success,0
TXN01474,CUST0125,ACC0125,2024-05-16,24471.23,Credit,MERCH056,LOC030,DEV041,Card,Success,0
TXN01475,CUST0032,ACC0032,2023-03-03,37428.8,Debit,MERCH037,LOC010,DEV073,NetBanking,Success,0
TXN01476,CUST0144,ACC0144,2023-07-01,21336.31,Credit,MERCH045,LOC020,DEV165,UPI,Success,0
TXN01477,CUST0115,ACC0115,2024-04-05,10086.15,Credit,MERCH035,LOC011,DEV123,Card,Failed,0
TXN01478,CUST0113,ACC0113,2024-03-24,45245.09,Debit,MERCH050,LOC015,DEV142,UPI,Failed,0
TXN01479,CUST0261,ACC0261,2024-10-19,46702.11,Debit,MERCH089,LOC007,DEV070,UPI,Success,0
TXN01480,CUST0442,ACC0442,2024-11-05,25848.2,Credit,MERCH014,LOC016,DEV073,Card,Success,0
TXN01481,CUST0130,ACC0130,2023-09-08,37898.96,Debit,MERCH068,LOC001,DEV039,NetBanking,Failed,0
TXN01482,CUST0491,ACC0491,2023-01-21,16402.47,Credit,MERCH025,LOC012,DEV028,NetBanking,Success,1
TXN01483,CUST0376,ACC0376,2023-11-10,36057.99,Debit,MERCH081,LOC026,DEV172,Card,Success,0
TXN01484,CUST0432,ACC0432,2024-09-08,28282.52,Debit,MERCH061,LOC040,DEV051,Card,Failed,0
TXN01485,CUST0456,ACC0456,2023-09-08,16269.52,Debit,MERCH098,LOC016,DEV137,Card,Failed,0
TXN01486,CUST0171,ACC0171,2024-05-19,11417.51,Debit,MERCH018,LOC015,DEV106,NetBanking,Success,0
TXN01487,CUST0444,ACC0444,2023-02-14,10287.72,Debit,MERCH071,LOC029,DEV184,Card,Success,0
TXN01488,CUST0070,ACC0070,2023-08-15,36914.32,Debit,MERCH002,LOC038,DEV105,UPI,Success,1
TXN01489,CUST0062,ACC0062,2023-10-15,32168.81,Debit,MERCH031,LOC040,DEV031,Card,Success,0
TXN01490,CUST0048,ACC0048,2023-09-14,39565.42,Debit,MERCH036,LOC035,DEV043,NetBanking,Success,0
TXN01491,CUST0337,ACC0337,2024-12-13,36446.8,Debit,MERCH043,LOC007,DEV023,Card,Failed,0
TXN01492,CUST0258,ACC0258,2024-08-19,11504.99,Debit,MERCH045,LOC023,DEV193,NetBanking,Success,0
TXN01493,CUST0232,ACC0232,2024-07-23,34812.15,Debit,MERCH025,LOC012,DEV041,UPI,Success,0
TXN01494,CUST0120,ACC0120,2023-02-16,36635.39,Debit,MERCH059,LOC004,DEV170,UPI,Success,0
TXN01495,CUST0231,ACC0231,2023-08-20,30951.38,Debit,MERCH097,LOC049,DEV077,UPI,Success,0
TXN01496,CUST0428,ACC0428,2024-12-04,21619.54,Debit,MERCH049,LOC001,DEV044,UPI,Failed,0
TXN01497,CUST0192,ACC0192,2023-02-05,26674.83,Debit,MERCH028,LOC005,DEV040,Card,Success,0
TXN01498,CUST0213,ACC0213,2023-04-22,21759.19,Debit,MERCH021,LOC039,DEV137,UPI,Success,0
TXN01499,CUST0339,ACC0339,2024-08-03,10818.6,Credit,MERCH057,LOC018,DEV081,Card,Success,0
TXN01500,CUST0134,ACC0134,2024-09-12,10746.65,Debit,MERCH038,LOC025,DEV198,UPI,Failed,0
TXN01501,CUST0275,ACC0275,2024-04-21,46366.02,Debit,MERCH030,LOC048,DEV180,NetBanking,Success,0
TXN01502,CUST0274,ACC0274,2023-04-26,28025.24,Debit,MERCH069,LOC015,DEV033,Card,Success,0
TXN01503,CUST0124,ACC0124,2023-02-21,25445.38,Debit,MERCH011,LOC022,DEV135,NetBanking,Success,0
TXN01504,CUST0276,ACC0276,2023-04-06,13019.93,Debit,MERCH063,LOC014,DEV036,Card,Success,0
TXN01505,CUST0412,ACC0412,2023-08-14,34953.84,Debit,MERCH010,LOC028,DEV185,UPI,Failed,0
TXN01506,CUST0325,ACC0325,2024-07-13,4053.84,Credit,MERCH044,LOC002,DEV009,Card,Success,0
TXN01507,CUST0392,ACC0392,2023-01-12,39013.38,Debit,MERCH097,LOC048,DEV164,UPI,Success,0
TXN01508,CUST0300,ACC0300,2023-03-25,4177.5,Credit,MERCH069,LOC042,DEV096,UPI,Success,0
TXN01509,CUST0030,ACC0030,2024-10-07,37436.16,Debit,MERCH041,LOC025,DEV173,NetBanking,Success,0
TXN01510,CUST0059,ACC0059,2024-05-31,32298.07,Debit,MERCH019,LOC039,DEV172,Card,Success,0
TXN01511,CUST0296,ACC0296,2024-07-06,23865.08,Debit,MERCH098,LOC019,DEV129,Card,Success,0
TXN01512,CUST0319,ACC0319,2023-02-13,15739.98,Debit,MERCH060,LOC002,DEV012,Card,Failed,0
TXN01513,CUST0307,ACC0307,2023-02-20,189.64,Debit,MERCH045,LOC041,DEV088,Card,Failed,0
TXN01514,CUST0046,ACC0046,2024-01-06,36208.77,Debit,MERCH049,LOC037,DEV032,Card,Failed,0
TXN01515,CUST0121,ACC0121,2024-02-27,7506.19,Debit,MERCH007,LOC024,DEV080,Card,Success,0
TXN01516,CUST0421,ACC0421,2023-06-24,39267.74,Debit,MERCH007,LOC027,DEV054,Card,Success,0
TXN01517,CUST0124,ACC0124,2024-02-25,30125.02,Credit,MERCH003,LOC050,DEV160,NetBanking,Success,0
TXN01518,CUST0399,ACC0399,2024-10-13,47657.62,Debit,MERCH035,LOC004,DEV032,NetBanking,Success,0
TXN01519,CUST0444,ACC0444,2024-02-06,12678.12,Debit,MERCH094,LOC017,DEV165,NetBanking,Success,0
TXN01520,CUST0091,ACC0091,2024-07-14,47424.84,Debit,MERCH098,LOC013,DEV136,Card,Success,0
TXN01521,CUST0332,ACC0332,2023-03-07,20015.45,Debit,MERCH052,LOC040,DEV174,UPI,Success,0
TXN01522,CUST0152,ACC0152,2023-06-24,26110.09,Credit,MERCH032,LOC027,DEV194,Card,Success,0
TXN01523,CUST0368,ACC0368,2023-05-14,18444.41,Credit,MERCH100,LOC017,DEV022,NetBanking,Success,0
TXN01524,CUST0237,ACC0237,2023-02-11,41110.74,Credit,MERCH097,LOC024,DEV194,Card,Success,0
TXN01525,CUST0149,ACC0149,2023-02-13,9370.12,Debit,MERCH024,LOC019,DEV050,UPI,Success,0
TXN01526,CUST0492,ACC0492,2023-01-24,33449.79,Credit,MERCH036,LOC019,DEV132,Card,Success,0
TXN01527,CUST0295,ACC0295,2024-06-27,25285.56,Debit,MERCH072,LOC045,DEV129,UPI,Success,0
TXN01528,CUST0266,ACC0266,2023-07-02,41529.26,Debit,MERCH090,LOC004,DEV173,Card,Success,0
TXN01529,CUST0353,ACC0353,2023-12-15,1925.17,Debit,MERCH028,LOC014,DEV196,UPI,Success,0
TXN01530,CUST0422,ACC0422,2023-12-30,9756.73,Debit,MERCH016,LOC026,DEV187,NetBanking,Success,0
TXN01531,CUST0114,ACC0114,2023-05-25,40307.1,Debit,MERCH068,LOC030,DEV185,UPI,Failed,0
TXN01532,CUST0450,ACC0450,2023-05-07,27241.68,Debit,MERCH081,LOC044,DEV051,NetBanking,Success,0
TXN01533,CUST0253,ACC0253,2023-08-10,6778.61,Debit,MERCH005,LOC047,DEV020,Card,Success,0
TXN01534,CUST0490,ACC0490,2023-03-27,45910.61,Credit,MERCH013,LOC030,DEV129,NetBanking,Success,0
TXN01535,CUST0440,ACC0440,2024-02-21,38956.72,Debit,MERCH027,LOC002,DEV008,NetBanking,Success,0
TXN01536,CUST0301,ACC0301,2023-04-20,16762.69,Debit,MERCH068,LOC001,DEV063,Card,Success,0
TXN01537,CUST0353,ACC0353,2024-01-22,16725.91,Debit,MERCH077,LOC008,DEV186,Card,Success,0
TXN01538,CUST0465,ACC0465,2024-03-01,45837.77,Debit,MERCH048,LOC040,DEV089,NetBanking,Failed,0
TXN01539,CUST0069,ACC0069,2023-03-01,3858.78,Debit,MERCH082,LOC050,DEV148,NetBanking,Success,0
TXN01540,CUST0147,ACC0147,2023-04-22,26984.5,Debit,MERCH068,LOC031,DEV088,UPI,Failed,0
TXN01541,CUST0430,ACC0430,2023-01-28,29348.53,Debit,MERCH021,LOC014,DEV156,Card,Success,0
TXN01542,CUST0309,ACC0309,2024-06-01,7436.72,Credit,MERCH054,LOC005,DEV024,UPI,Success,0
TXN01543,CUST0131,ACC0131,2023-02-07,34786.08,Debit,MERCH096,LOC003,DEV094,Card,Failed,0
TXN01544,CUST0323,ACC0323,2023-01-22,38912.02,Debit,MERCH051,LOC028,DEV112,Card,Failed,0
TXN01545,CUST0495,ACC0495,2023-02-17,25991.0,Debit,MERCH003,LOC003,DEV050,UPI,Success,0
TXN01546,CUST0448,ACC0448,2023-02-26,26036.82,Debit,MERCH051,LOC039,DEV023,UPI,Failed,0
TXN01547,CUST0419,ACC0419,2023-01-28,19344.89,Debit,MERCH028,LOC007,DEV045,Card,Success,0
TXN01548,CUST0394,ACC0394,2023-08-12,12738.64,Debit,MERCH066,LOC036,DEV047,Card,Success,0
TXN01549,CUST0224,ACC0224,2024-08-08,5483.25,Credit,MERCH068,LOC017,DEV075,Card,Success,0
TXN01550,CUST0384,ACC0384,2023-02-11,5835.64,Debit,MERCH100,LOC013,DEV088,Card,Failed,0
TXN01551,CUST0153,ACC0153,2023-09-01,23870.5,Debit,MERCH006,LOC014,DEV060,NetBanking,Failed,0
TXN01552,CUST0331,ACC0331,2024-01-19,30744.7,Debit,MERCH058,LOC045,DEV178,UPI,Success,0
TXN01553,CUST0010,ACC0010,2024-09-12,41121.73,Debit,MERCH037,LOC037,DEV047,NetBanking,Success,0
TXN01554,CUST0479,ACC0479,2023-01-17,35746.91,Debit,MERCH077,LOC046,DEV147,Card,Success,0
TXN01555,CUST0320,ACC0320,2024-10-02,21065.86,Credit,MERCH083,LOC039,DEV195,NetBanking,Success,0
TXN01556,CUST0308,ACC0308,2024-11-23,33930.05,Debit,MERCH047,LOC038,DEV099,Card,Success,0
TXN01557,CUST0327,ACC0327,2024-08-05,12447.63,Debit,MERCH065,LOC020,DEV146,Card,Success,1
TXN01558,CUST0317,ACC0317,2023-07-19,47666.76,Debit,MERCH029,LOC019,DEV200,UPI,Success,0
TXN01559,CUST0073,ACC0073,2024-03-16,20240.4,Debit,MERCH080,LOC045,DEV006,NetBanking,Failed,0
TXN01560,CUST0286,ACC0286,2024-04-29,7792.29,Credit,MERCH004,LOC042,DEV114,UPI,Failed,0
TXN01561,CUST0090,ACC0090,2023-08-10,15509.61,Debit,MERCH078,LOC024,DEV167,UPI,Success,0
TXN01562,CUST0125,ACC0125,2024-06-16,6969.23,Debit,MERCH045,LOC027,DEV170,NetBanking,Success,0
TXN01563,CUST0061,ACC0061,2023-05-26,45117.31,Credit,MERCH019,LOC026,DEV152,NetBanking,Success,1
TXN01564,CUST0391,ACC0391,2024-01-03,27247.8,Credit,MERCH071,LOC025,DEV147,UPI,Success,0
TXN01565,CUST0194,ACC0194,2023-12-19,20375.9,Debit,MERCH055,LOC007,DEV173,UPI,Success,0
TXN01566,CUST0426,ACC0426,2024-12-03,44120.23,Debit,MERCH097,LOC008,DEV065,UPI,Success,0
TXN01567,CUST0432,ACC0432,2023-07-16,38872.07,Debit,MERCH099,LOC020,DEV131,Card,Success,0
TXN01568,CUST0140,ACC0140,2024-10-03,44954.75,Debit,MERCH097,LOC015,DEV001,UPI,Failed,0
TXN01569,CUST0004,ACC0004,2024-11-14,42617.78,Credit,MERCH009,LOC004,DEV030,Card,Failed,0
TXN01570,CUST0427,ACC0427,2024-02-01,25219.77,Debit,MERCH043,LOC002,DEV013,UPI,Success,0
TXN01571,CUST0485,ACC0485,2023-03-09,18790.81,Debit,MERCH078,LOC005,DEV189,UPI,Success,0
TXN01572,CUST0165,ACC0165,2023-02-25,22684.19,Debit,MERCH083,LOC027,DEV161,UPI,Failed,0
TXN01573,CUST0074,ACC0074,2023-02-21,36512.32,Debit,MERCH064,LOC029,DEV114,UPI,Success,1
TXN01574,CUST0307,ACC0307,2023-10-16,19567.36,Credit,MERCH098,LOC027,DEV172,UPI,Success,0
TXN01575,CUST0067,ACC0067,2024-09-02,6902.8,Debit,MERCH093,LOC041,DEV122,UPI,Failed,0
TXN01576,CUST0473,ACC0473,2024-01-29,46158.35,Debit,MERCH068,LOC044,DEV137,UPI,Success,1
TXN01577,CUST0135,ACC0135,2023-03-10,48516.33,Debit,MERCH030,LOC006,DEV034,UPI,Failed,0
TXN01578,CUST0489,ACC0489,2023-11-18,17926.05,Debit,MERCH052,LOC007,DEV120,UPI,Success,0
TXN01579,CUST0279,ACC0279,2023-03-23,23239.54,Debit,MERCH021,LOC001,DEV098,UPI,Success,0
TXN01580,CUST0058,ACC0058,2023-08-13,37529.37,Debit,MERCH070,LOC037,DEV089,UPI,Success,0
TXN01581,CUST0193,ACC0193,2023-05-05,9559.84,Debit,MERCH076,LOC004,DEV186,Card,Success,0
TXN01582,CUST0493,ACC0493,2023-06-22,43234.67,Debit,MERCH038,LOC033,DEV012,Card,Success,0
TXN01583,CUST0499,ACC0499,2023-04-07,21586.43,Debit,MERCH088,LOC017,DEV027,Card,Success,0
TXN01584,CUST0204,ACC0204,2024-04-26,26732.38,Credit,MERCH086,LOC033,DEV044,UPI,Failed,0
TXN01585,CUST0469,ACC0469,2023-07-11,3805.17,Debit,MERCH076,LOC035,DEV047,UPI,Failed,0
TXN01586,CUST0053,ACC0053,2024-10-05,9709.6,Credit,MERCH044,LOC048,DEV126,NetBanking,Success,0
TXN01587,CUST0402,ACC0402,2024-12-04,30344.38,Credit,MERCH070,LOC016,DEV030,UPI,Success,0
TXN01588,CUST0435,ACC0435,2024-06-11,8901.97,Credit,MERCH074,LOC049,DEV116,Card,Success,0
TXN01589,CUST0492,ACC0492,2023-01-24,24666.66,Credit,MERCH088,LOC008,DEV117,NetBanking,Failed,0
TXN01590,CUST0245,ACC0245,2024-12-17,3101.39,Debit,MERCH067,LOC050,DEV038,Card,Failed,0
TXN01591,CUST0441,ACC0441,2023-01-16,18286.06,Credit,MERCH022,LOC012,DEV058,UPI,Success,0
TXN01592,CUST0323,ACC0323,2023-12-24,16428.14,Debit,MERCH087,LOC043,DEV094,UPI,Failed,0
TXN01593,CUST0008,ACC0008,2023-12-10,26976.77,Debit,MERCH020,LOC047,DEV019,Card,Success,0
TXN01594,CUST0268,ACC0268,2024-10-28,38516.01,Debit,MERCH051,LOC030,DEV194,UPI,Success,0
TXN01595,CUST0305,ACC0305,2023-02-10,27898.44,Debit,MERCH078,LOC035,DEV074,NetBanking,Success,0
TXN01596,CUST0402,ACC0402,2024-07-13,43410.48,Debit,MERCH005,LOC039,DEV178,UPI,Success,0
TXN01597,CUST0374,ACC0374,2023-08-24,33132.56,Credit,MERCH038,LOC042,DEV034,NetBanking,Success,0
TXN01598,CUST0153,ACC0153,2024-09-12,16919.16,Debit,MERCH058,LOC041,DEV140,NetBanking,Success,0
TXN01599,CUST0260,ACC0260,2024-04-13,48123.38,Credit,MERCH023,LOC016,DEV140,UPI,Success,0
TXN01600,CUST0206,ACC0206,2024-04-03,19555.28,Debit,MERCH058,LOC018,DEV098,UPI,Success,0
TXN01601,CUST0400,ACC0400,2023-03-21,48178.01,Credit,MERCH079,LOC035,DEV127,UPI,Failed,0
TXN01602,CUST0197,ACC0197,2024-07-08,7538.36,Credit,MERCH092,LOC010,DEV034,NetBanking,Failed,0
TXN01603,CUST0164,ACC0164,2024-06-12,28861.37,Debit,MERCH001,LOC026,DEV165,Card,Success,0
TXN01604,CUST0096,ACC0096,2024-11-29,31278.75,Debit,MERCH004,LOC043,DEV093,UPI,Success,0
TXN01605,CUST0387,ACC0387,2024-02-04,19077.91,Debit,MERCH073,LOC003,DEV008,NetBanking,Failed,0
TXN01606,CUST0345,ACC0345,2023-05-08,8437.59,Debit,MERCH035,LOC017,DEV047,NetBanking,Success,0
TXN01607,CUST0479,ACC0479,2024-06-20,19689.01,Credit,MERCH079,LOC019,DEV048,NetBanking,Success,0
TXN01608,CUST0327,ACC0327,2023-09-10,31715.75,Debit,MERCH029,LOC013,DEV140,UPI,Failed,0
TXN01609,CUST0492,ACC0492,2024-08-09,46730.09,Credit,MERCH088,LOC044,DEV084,Card,Success,0
TXN01610,CUST0096,ACC0096,2024-06-29,38086.84,Debit,MERCH074,LOC011,DEV104,Card,Success,0
TXN01611,CUST0485,ACC0485,2024-08-26,11121.52,Debit,MERCH065,LOC007,DEV144,UPI,Success,0
TXN01612,CUST0364,ACC0364,2024-02-05,18493.11,Credit,MERCH072,LOC021,DEV005,UPI,Success,0
TXN01613,CUST0313,ACC0313,2023-11-25,37811.6,Debit,MERCH040,LOC041,DEV160,Card,Success,1
TXN01614,CUST0062,ACC0062,2024-11-22,44698.66,Debit,MERCH077,LOC031,DEV043,NetBanking,Success,0
TXN01615,CUST0025,ACC0025,2023-07-23,26101.05,Debit,MERCH012,LOC024,DEV054,Card,Success,0
TXN01616,CUST0202,ACC0202,2023-11-11,4455.95,Credit,MERCH042,LOC013,DEV028,Card,Success,0
TXN01617,CUST0111,ACC0111,2023-06-27,18337.2,Credit,MERCH094,LOC034,DEV025,UPI,Failed,0
TXN01618,CUST0122,ACC0122,2024-03-12,22393.98,Debit,MERCH035,LOC010,DEV179,Card,Success,0
TXN01619,CUST0443,ACC0443,2024-10-20,40129.01,Debit,MERCH023,LOC030,DEV099,Card,Success,0
TXN01620,CUST0316,ACC0316,2024-06-25,47401.36,Credit,MERCH017,LOC049,DEV123,UPI,Success,0
TXN01621,CUST0004,ACC0004,2023-10-06,18081.28,Debit,MERCH021,LOC009,DEV085,UPI,Failed,0
TXN01622,CUST0286,ACC0286,2024-03-14,20833.35,Credit,MERCH069,LOC029,DEV072,Card,Failed,0
TXN01623,CUST0153,ACC0153,2023-06-21,6954.04,Debit,MERCH044,LOC047,DEV151,Card,Success,0
TXN01624,CUST0217,ACC0217,2024-01-08,39840.29,Debit,MERCH039,LOC040,DEV031,Card,Success,0
TXN01625,CUST0496,ACC0496,2023-03-26,40630.27,Debit,MERCH001,LOC003,DEV011,Card,Success,0
TXN01626,CUST0080,ACC0080,2023-11-11,18656.55,Debit,MERCH017,LOC042,DEV030,UPI,Success,0
TXN01627,CUST0410,ACC0410,2023-11-30,43430.83,Debit,MERCH062,LOC003,DEV134,UPI,Success,0
TXN01628,CUST0105,ACC0105,2024-10-10,31668.61,Debit,MERCH037,LOC034,DEV135,NetBanking,Success,0
TXN01629,CUST0316,ACC0316,2024-01-28,19321.99,Credit,MERCH089,LOC015,DEV109,NetBanking,Success,0
TXN01630,CUST0230,ACC0230,2024-10-14,39451.94,Credit,MERCH017,LOC024,DEV132,Card,Success,0
TXN01631,CUST0379,ACC0379,2024-12-21,8427.06,Debit,MERCH009,LOC034,DEV056,Card,Success,0
TXN01632,CUST0413,ACC0413,2023-06-27,35392.91,Debit,MERCH017,LOC013,DEV156,UPI,Success,0
TXN01633,CUST0074,ACC0074,2024-10-22,403.86,Debit,MERCH002,LOC006,DEV134,Card,Success,0
TXN01634,CUST0126,ACC0126,2024-03-01,13156.4,Debit,MERCH045,LOC002,DEV137,UPI,Failed,0
TXN01635,CUST0085,ACC0085,2024-04-27,20231.07,Credit,MERCH045,LOC031,DEV119,UPI,Success,0
TXN01636,CUST0165,ACC0165,2023-09-24,37353.99,Debit,MERCH018,LOC025,DEV040,Card,Failed,0
TXN01637,CUST0442,ACC0442,2024-08-07,47109.78,Debit,MERCH100,LOC043,DEV190,Card,Success,0
TXN01638,CUST0233,ACC0233,2024-01-27,44987.59,Debit,MERCH071,LOC012,DEV184,NetBanking,Success,0
TXN01639,CUST0226,ACC0226,2023-05-04,32288.74,Debit,MERCH088,LOC014,DEV051,UPI,Failed,0
TXN01640,CUST0227,ACC0227,2023-08-11,46293.46,Debit,MERCH023,LOC010,DEV148,NetBanking,Success,0
TXN01641,CUST0490,ACC0490,2024-08-03,45486.59,Credit,MERCH094,LOC028,DEV084,UPI,Success,0
TXN01642,CUST0337,ACC0337,2024-08-22,3814.38,Debit,MERCH022,LOC021,DEV168,Card,Success,0
TXN01643,CUST0187,ACC0187,2024-12-20,48209.37,Debit,MERCH040,LOC018,DEV107,NetBanking,Success,0
TXN01644,CUST0063,ACC0063,2024-05-15,36253.06,Credit,MERCH051,LOC019,DEV064,Card,Success,0
TXN01645,CUST0483,ACC0483,2023-01-21,28573.63,Debit,MERCH079,LOC046,DEV186,Card,Failed,0
TXN01646,CUST0060,ACC0060,2023-07-04,44668.93,Credit,MERCH023,LOC029,DEV018,NetBanking,Success,0
TXN01647,CUST0083,ACC0083,2023-02-26,16588.93,Credit,MERCH093,LOC008,DEV055,NetBanking,Failed,0
TXN01648,CUST0252,ACC0252,2024-12-25,44774.37,Debit,MERCH004,LOC044,DEV193,Card,Success,0
TXN01649,CUST0498,ACC0498,2023-04-11,6779.08,Credit,MERCH023,LOC003,DEV012,Card,Success,0
TXN01650,CUST0136,ACC0136,2024-07-21,24472.82,Credit,MERCH089,LOC048,DEV185,Card,Success,0
TXN01651,CUST0361,ACC0361,2024-01-17,33384.03,Debit,MERCH051,LOC004,DEV193,Card,Success,0
TXN01652,CUST0405,ACC0405,2023-02-11,10139.66,Debit,MERCH083,LOC006,DEV147,Card,Success,0
TXN01653,CUST0438,ACC0438,2024-08-10,16070.67,Debit,MERCH021,LOC014,DEV187,Card,Success,0
TXN01654,CUST0293,ACC0293,2023-04-06,1190.89,Debit,MERCH012,LOC020,DEV051,UPI,Success,0
TXN01655,CUST0245,ACC0245,2023-10-11,32705.05,Debit,MERCH026,LOC001,DEV148,NetBanking,Success,0
TXN01656,CUST0213,ACC0213,2024-04-26,4178.26,Credit,MERCH015,LOC010,DEV102,NetBanking,Success,0
TXN01657,CUST0025,ACC0025,2024-10-10,7589.04,Debit,MERCH088,LOC045,DEV118,UPI,Success,0
TXN01658,CUST0210,ACC0210,2024-04-22,37645.36,Debit,MERCH096,LOC044,DEV023,UPI,Success,0
TXN01659,CUST0060,ACC0060,2023-04-26,19159.97,Debit,MERCH080,LOC047,DEV009,UPI,Success,0
TXN01660,CUST0229,ACC0229,2023-05-20,36163.82,Credit,MERCH080,LOC048,DEV187,NetBanking,Success,0
TXN01661,CUST0110,ACC0110,2023-02-07,14715.93,Credit,MERCH044,LOC014,DEV138,UPI,Failed,0
TXN01662,CUST0007,ACC0007,2024-11-07,8982.94,Debit,MERCH037,LOC012,DEV026,Card,Success,0
TXN01663,CUST0047,ACC0047,2023-10-19,1184.34,Credit,MERCH002,LOC037,DEV171,NetBanking,Success,0
TXN01664,CUST0168,ACC0168,2023-05-18,7548.9,Credit,MERCH076,LOC013,DEV180,Card,Success,1
TXN01665,CUST0434,ACC0434,2024-01-11,49728.63,Credit,MERCH095,LOC042,DEV001,Card,Success,0
TXN01666,CUST0413,ACC0413,2023-08-08,35797.88,Debit,MERCH075,LOC032,DEV005,NetBanking,Success,0
TXN01667,CUST0398,ACC0398,2023-04-10,11481.72,Debit,MERCH055,LOC023,DEV141,Card,Success,0
TXN01668,CUST0168,ACC0168,2024-07-06,18366.2,Debit,MERCH034,LOC005,DEV191,Card,Success,0
TXN01669,CUST0399,ACC0399,2023-06-09,1331.0,Debit,MERCH016,LOC024,DEV158,Card,Failed,0
TXN01670,CUST0083,ACC0083,2024-05-05,11578.8,Debit,MERCH080,LOC004,DEV114,Card,Success,0
TXN01671,CUST0369,ACC0369,2023-03-29,21589.53,Debit,MERCH030,LOC009,DEV033,NetBanking,Failed,0
TXN01672,CUST0441,ACC0441,2023-10-16,26575.81,Debit,MERCH021,LOC044,DEV162,UPI,Success,0
TXN01673,CUST0329,ACC0329,2023-01-08,11130.75,Debit,MERCH003,LOC040,DEV093,Card,Success,0
TXN01674,CUST0465,ACC0465,2024-02-20,47831.62,Credit,MERCH040,LOC040,DEV017,NetBanking,Success,0
TXN01675,CUST0190,ACC0190,2024-03-29,29526.64,Debit,MERCH023,LOC016,DEV065,Card,Success,0
TXN01676,CUST0246,ACC0246,2023-04-19,6886.12,Credit,MERCH001,LOC008,DEV012,Card,Failed,0
TXN01677,CUST0285,ACC0285,2023-03-02,38469.39,Debit,MERCH095,LOC027,DEV142,NetBanking,Success,0
TXN01678,CUST0118,ACC0118,2023-04-13,22493.82,Debit,MERCH021,LOC028,DEV133,Card,Failed,0
TXN01679,CUST0022,ACC0022,2024-07-11,705.79,Debit,MERCH014,LOC010,DEV152,UPI,Failed,0
TXN01680,CUST0016,ACC0016,2023-04-21,48711.35,Credit,MERCH006,LOC027,DEV116,UPI,Success,0
TXN01681,CUST0053,ACC0053,2023-09-10,2741.46,Debit,MERCH037,LOC024,DEV136,UPI,Success,0
TXN01682,CUST0489,ACC0489,2023-10-10,24627.05,Credit,MERCH026,LOC002,DEV005,UPI,Success,0
TXN01683,CUST0290,ACC0290,2024-03-21,9127.21,Debit,MERCH055,LOC046,DEV110,NetBanking,Failed,0
TXN01684,CUST0306,ACC0306,2023-09-17,24833.9,Debit,MERCH086,LOC050,DEV052,UPI,Success,0
TXN01685,CUST0311,ACC0311,2024-02-17,7871.39,Debit,MERCH051,LOC028,DEV039,Card,Failed,0
TXN01686,CUST0041,ACC0041,2023-12-28,29278.1,Debit,MERCH061,LOC002,DEV009,NetBanking,Success,0
TXN01687,CUST0030,ACC0030,2023-09-30,20179.07,Debit,MERCH081,LOC038,DEV007,Card,Success,0
TXN01688,CUST0387,ACC0387,2023-03-11,39765.41,Credit,MERCH086,LOC030,DEV032,UPI,Failed,0
TXN01689,CUST0468,ACC0468,2023-09-16,1915.67,Debit,MERCH073,LOC049,DEV180,Card,Success,0
TXN01690,CUST0440,ACC0440,2024-12-25,31572.18,Debit,MERCH091,LOC005,DEV082,Card,Success,0
TXN01691,CUST0402,ACC0402,2023-06-26,2162.73,Debit,MERCH077,LOC032,DEV102,NetBanking,Success,0
TXN01692,CUST0402,ACC0402,2024-09-12,26482.94,Debit,MERCH076,LOC029,DEV176,Card,Success,0
TXN01693,CUST0062,ACC0062,2024-02-29,19141.95,Debit,MERCH049,LOC007,DEV039,NetBanking,Success,0
TXN01694,CUST0111,ACC0111,2024-05-11,14368.42,Credit,MERCH074,LOC018,DEV064,UPI,Failed,0
TXN01695,CUST0120,ACC0120,2023-06-28,38121.65,Debit,MERCH066,LOC043,DEV152,Card,Success,0
TXN01696,CUST0305,ACC0305,2023-10-24,29164.05,Credit,MERCH034,LOC011,DEV111,UPI,Success,0
TXN01697,CUST0435,ACC0435,2024-11-07,7021.35,Credit,MERCH070,LOC011,DEV028,UPI,Success,0
TXN01698,CUST0046,ACC0046,2024-02-25,2793.38,Debit,MERCH070,LOC006,DEV061,UPI,Success,0
TXN01699,CUST0190,ACC0190,2024-12-01,35105.76,Credit,MERCH011,LOC029,DEV006,NetBanking,Success,0
TXN01700,CUST0375,ACC0375,2024-07-04,25207.29,Debit,MERCH010,LOC035,DEV103,NetBanking,Success,0
TXN01701,CUST0458,ACC0458,2023-09-24,15240.5,Debit,MERCH046,LOC034,DEV132,UPI,Success,0
TXN01702,CUST0378,ACC0378,2023-08-27,28575.83,Debit,MERCH002,LOC035,DEV045,Card,Failed,0
TXN01703,CUST0032,ACC0032,2023-01-27,13012.06,Credit,MERCH041,LOC031,DEV171,UPI,Failed,0
TXN01704,CUST0048,ACC0048,2023-07-04,42113.83,Debit,MERCH012,LOC049,DEV166,Card,Success,0
TXN01705,CUST0343,ACC0343,2023-03-28,46710.73,Credit,MERCH077,LOC043,DEV109,NetBanking,Success,0
TXN01706,CUST0287,ACC0287,2024-05-31,7564.33,Credit,MERCH076,LOC023,DEV059,Card,Success,0
TXN01707,CUST0366,ACC0366,2023-05-01,12969.64,Credit,MERCH006,LOC032,DEV142,UPI,Success,0
TXN01708,CUST0329,ACC0329,2023-09-12,8892.61,Debit,MERCH046,LOC007,DEV200,Card,Success,0
TXN01709,CUST0477,ACC0477,2024-04-16,29072.64,Debit,MERCH078,LOC027,DEV180,Card,Success,0
TXN01710,CUST0328,ACC0328,2023-10-17,41762.58,Credit,MERCH079,LOC028,DEV007,Card,Success,0
TXN01711,CUST0137,ACC0137,2024-04-08,25609.45,Debit,MERCH002,LOC010,DEV144,UPI,Failed,0
TXN01712,CUST0174,ACC0174,2023-04-15,19327.46,Debit,MERCH053,LOC018,DEV139,UPI,Success,0
TXN01713,CUST0280,ACC0280,2023-05-09,67.15,Debit,MERCH069,LOC045,DEV129,NetBanking,Success,0
TXN01714,CUST0117,ACC0117,2024-09-20,2102.34,Debit,MERCH020,LOC049,DEV135,Card,Success,0
TXN01715,CUST0228,ACC0228,2024-09-08,28808.72,Debit,MERCH010,LOC014,DEV029,Card,Success,0
TXN01716,CUST0301,ACC0301,2023-09-12,17919.47,Debit,MERCH014,LOC015,DEV055,NetBanking,Success,0
TXN01717,CUST0244,ACC0244,2024-02-22,44727.4,Debit,MERCH033,LOC021,DEV143,Card,Success,0
TXN01718,CUST0262,ACC0262,2023-04-07,20060.38,Debit,MERCH036,LOC049,DEV078,UPI,Success,0
TXN01719,CUST0254,ACC0254,2023-05-29,13146.03,Debit,MERCH041,LOC042,DEV009,NetBanking,Failed,0
TXN01720,CUST0447,ACC0447,2023-07-17,34865.88,Debit,MERCH052,LOC005,DEV121,Card,Failed,0
TXN01721,CUST0387,ACC0387,2024-05-10,44833.96,Debit,MERCH074,LOC049,DEV140,UPI,Success,0
TXN01722,CUST0323,ACC0323,2023-02-12,27357.88,Credit,MERCH071,LOC010,DEV025,UPI,Failed,0
TXN01723,CUST0140,ACC0140,2023-03-23,22170.41,Debit,MERCH080,LOC012,DEV101,Card,Success,0
TXN01724,CUST0321,ACC0321,2024-01-21,47361.89,Credit,MERCH075,LOC026,DEV179,NetBanking,Success,0
TXN01725,CUST0317,ACC0317,2024-07-16,22045.31,Credit,MERCH012,LOC021,DEV088,NetBanking,Success,0
TXN01726,CUST0302,ACC0302,2023-09-25,48945.86,Debit,MERCH093,LOC039,DEV174,UPI,Success,0
TXN01727,CUST0093,ACC0093,2023-03-01,42248.68,Debit,MERCH049,LOC045,DEV012,Card,Success,0
TXN01728,CUST0180,ACC0180,2023-04-27,3565.66,Credit,MERCH077,LOC035,DEV193,UPI,Success,0
TXN01729,CUST0395,ACC0395,2024-07-22,40384.82,Credit,MERCH091,LOC042,DEV033,UPI,Success,0
TXN01730,CUST0052,ACC0052,2024-06-11,28984.48,Debit,MERCH001,LOC004,DEV007,Card,Success,0
TXN01731,CUST0305,ACC0305,2024-11-02,32583.8,Debit,MERCH075,LOC017,DEV046,Card,Success,0
TXN01732,CUST0025,ACC0025,2023-10-28,46029.4,Debit,MERCH056,LOC032,DEV106,Card,Failed,0
TXN01733,CUST0026,ACC0026,2023-12-01,39469.44,Debit,MERCH040,LOC021,DEV109,Card,Success,0
TXN01734,CUST0443,ACC0443,2024-01-08,24526.96,Debit,MERCH040,LOC050,DEV082,Card,Success,0
TXN01735,CUST0494,ACC0494,2023-08-15,9654.76,Debit,MERCH017,LOC016,DEV095,NetBanking,Failed,0
TXN01736,CUST0133,ACC0133,2024-02-19,43800.49,Debit,MERCH044,LOC045,DEV075,UPI,Failed,0
TXN01737,CUST0028,ACC0028,2023-04-22,19854.69,Debit,MERCH002,LOC045,DEV173,Card,Success,0
TXN01738,CUST0218,ACC0218,2023-06-14,42786.0,Debit,MERCH098,LOC029,DEV110,UPI,Success,0
TXN01739,CUST0494,ACC0494,2024-05-04,34712.78,Debit,MERCH018,LOC049,DEV081,Card,Failed,0
TXN01740,CUST0314,ACC0314,2023-03-10,19537.67,Debit,MERCH013,LOC006,DEV096,UPI,Success,0
TXN01741,CUST0467,ACC0467,2024-05-30,40773.51,Credit,MERCH069,LOC001,DEV028,Card,Success,1
TXN01742,CUST0243,ACC0243,2024-08-25,25837.71,Credit,MERCH072,LOC009,DEV051,Card,Failed,0
TXN01743,CUST0448,ACC0448,2023-03-23,8685.81,Debit,MERCH002,LOC018,DEV115,NetBanking,Failed,0
TXN01744,CUST0070,ACC0070,2024-02-23,39636.79,Credit,MERCH015,LOC011,DEV014,UPI,Success,0
TXN01745,CUST0105,ACC0105,2024-06-25,12598.86,Debit,MERCH090,LOC038,DEV187,Card,Success,0
TXN01746,CUST0198,ACC0198,2024-06-29,2452.28,Debit,MERCH034,LOC033,DEV045,NetBanking,Success,0
TXN01747,CUST0159,ACC0159,2023-05-11,6214.12,Debit,MERCH047,LOC049,DEV069,NetBanking,Success,0
TXN01748,CUST0025,ACC0025,2023-02-02,33807.24,Debit,MERCH037,LOC042,DEV120,Card,Success,0
TXN01749,CUST0174,ACC0174,2023-05-30,43500.02,Debit,MERCH020,LOC046,DEV115,UPI,Success,0
TXN01750,CUST0147,ACC0147,2024-07-04,30758.09,Debit,MERCH057,LOC050,DEV102,Card,Failed,0
TXN01751,CUST0392,ACC0392,2023-07-31,12182.67,Debit,MERCH022,LOC002,DEV050,Card,Failed,0
TXN01752,CUST0445,ACC0445,2024-07-22,26967.85,Debit,MERCH046,LOC046,DEV004,UPI,Failed,0
TXN01753,CUST0336,ACC0336,2024-07-09,3085.87,Credit,MERCH033,LOC022,DEV183,UPI,Success,0
TXN01754,CUST0326,ACC0326,2023-07-19,1708.35,Debit,MERCH065,LOC010,DEV069,NetBanking,Success,0
TXN01755,CUST0320,ACC0320,2023-08-23,16584.65,Debit,MERCH090,LOC041,DEV190,UPI,Success,1
TXN01756,CUST0054,ACC0054,2024-06-11,3502.72,Credit,MERCH065,LOC019,DEV132,Card,Failed,0
TXN01757,CUST0464,ACC0464,2023-03-10,42135.88,Debit,MERCH086,LOC024,DEV067,Card,Success,0
TXN01758,CUST0135,ACC0135,2024-03-13,2721.69,Debit,MERCH061,LOC039,DEV159,NetBanking,Success,0
TXN01759,CUST0112,ACC0112,2024-04-06,35243.61,Debit,MERCH084,LOC049,DEV186,NetBanking,Success,0
TXN01760,CUST0343,ACC0343,2023-11-25,12084.13,Debit,MERCH065,LOC033,DEV170,NetBanking,Success,0
TXN01761,CUST0131,ACC0131,2024-07-05,36780.29,Credit,MERCH098,LOC045,DEV154,NetBanking,Success,0
TXN01762,CUST0032,ACC0032,2023-11-10,49660.72,Credit,MERCH014,LOC018,DEV116,Card,Success,0
TXN01763,CUST0349,ACC0349,2023-05-21,12726.97,Debit,MERCH077,LOC035,DEV192,UPI,Success,0
TXN01764,CUST0494,ACC0494,2024-01-26,35538.11,Debit,MERCH072,LOC042,DEV058,UPI,Success,0
TXN01765,CUST0304,ACC0304,2024-04-05,8178.57,Debit,MERCH015,LOC042,DEV169,UPI,Success,0
TXN01766,CUST0282,ACC0282,2024-05-26,1552.67,Debit,MERCH066,LOC004,DEV183,UPI,Success,0
TXN01767,CUST0296,ACC0296,2024-07-24,46209.95,Debit,MERCH015,LOC001,DEV048,UPI,Success,0
TXN01768,CUST0118,ACC0118,2023-06-29,44453.73,Debit,MERCH060,LOC028,DEV098,UPI,Failed,0
TXN01769,CUST0059,ACC0059,2023-02-16,45506.54,Credit,MERCH016,LOC001,DEV141,NetBanking,Failed,0
TXN01770,CUST0043,ACC0043,2023-10-30,9508.07,Debit,MERCH093,LOC016,DEV142,Card,Success,0
TXN01771,CUST0149,ACC0149,2023-11-23,32511.29,Debit,MERCH036,LOC027,DEV193,UPI,Failed,0
TXN01772,CUST0393,ACC0393,2024-07-17,32093.65,Debit,MERCH076,LOC021,DEV174,UPI,Success,0
TXN01773,CUST0405,ACC0405,2023-04-11,1791.72,Debit,MERCH097,LOC026,DEV047,UPI,Failed,0
TXN01774,CUST0002,ACC0002,2024-01-14,40877.62,Debit,MERCH057,LOC005,DEV085,Card,Failed,0
TXN01775,CUST0011,ACC0011,2024-12-06,2351.56,Credit,MERCH035,LOC006,DEV019,Card,Failed,0
TXN01776,CUST0007,ACC0007,2024-10-24,19679.72,Debit,MERCH091,LOC015,DEV073,Card,Success,0
TXN01777,CUST0001,ACC0001,2024-04-02,27105.61,Credit,MERCH061,LOC003,DEV134,UPI,Success,0
TXN01778,CUST0315,ACC0315,2023-01-16,18395.85,Debit,MERCH054,LOC036,DEV052,NetBanking,Failed,0
TXN01779,CUST0151,ACC0151,2024-07-21,7084.29,Credit,MERCH059,LOC001,DEV136,NetBanking,Success,0
TXN01780,CUST0120,ACC0120,2024-07-06,21700.78,Debit,MERCH068,LOC044,DEV170,NetBanking,Failed,0
TXN01781,CUST0329,ACC0329,2024-05-11,39090.38,Debit,MERCH076,LOC028,DEV047,UPI,Success,0
TXN01782,CUST0186,ACC0186,2024-04-09,42202.45,Credit,MERCH003,LOC045,DEV153,NetBanking,Failed,0
TXN01783,CUST0122,ACC0122,2023-05-10,1162.73,Debit,MERCH090,LOC049,DEV092,UPI,Failed,0
TXN01784,CUST0233,ACC0233,2024-10-08,26122.73,Debit,MERCH002,LOC020,DEV021,NetBanking,Failed,0
TXN01785,CUST0284,ACC0284,2023-01-06,38064.57,Debit,MERCH060,LOC024,DEV086,NetBanking,Success,0
TXN01786,CUST0262,ACC0262,2023-11-18,48577.2,Credit,MERCH059,LOC019,DEV181,UPI,Failed,0
TXN01787,CUST0047,ACC0047,2024-11-18,37410.26,Debit,MERCH078,LOC012,DEV020,Card,Failed,0
TXN01788,CUST0050,ACC0050,2024-07-08,33665.06,Debit,MERCH092,LOC038,DEV104,NetBanking,Success,0
TXN01789,CUST0482,ACC0482,2023-05-22,21815.34,Debit,MERCH062,LOC022,DEV132,UPI,Success,0
TXN01790,CUST0301,ACC0301,2023-03-18,22491.49,Debit,MERCH014,LOC036,DEV089,Card,Success,0
TXN01791,CUST0349,ACC0349,2023-10-28,18673.78,Debit,MERCH100,LOC033,DEV033,UPI,Failed,0
TXN01792,CUST0002,ACC0002,2024-08-14,7119.72,Credit,MERCH003,LOC047,DEV013,Card,Success,0
TXN01793,CUST0033,ACC0033,2024-10-09,19994.96,Credit,MERCH059,LOC011,DEV055,Card,Success,0
TXN01794,CUST0424,ACC0424,2023-05-20,13958.38,Debit,MERCH079,LOC021,DEV185,Card,Success,0
TXN01795,CUST0454,ACC0454,2023-10-14,302.59,Credit,MERCH034,LOC046,DEV116,UPI,Success,0
TXN01796,CUST0124,ACC0124,2023-04-03,6855.67,Debit,MERCH070,LOC050,DEV096,Card,Failed,0
TXN01797,CUST0004,ACC0004,2024-05-08,3342.26,Debit,MERCH048,LOC001,DEV157,Card,Success,0
TXN01798,CUST0092,ACC0092,2024-04-19,44301.13,Debit,MERCH011,LOC048,DEV012,UPI,Success,0
TXN01799,CUST0381,ACC0381,2024-01-07,11409.27,Debit,MERCH005,LOC030,DEV019,Card,Success,0
TXN01800,CUST0415,ACC0415,2024-03-16,29702.74,Debit,MERCH033,LOC045,DEV168,UPI,Failed,0
TXN01801,CUST0045,ACC0045,2024-05-31,28721.42,Debit,MERCH083,LOC010,DEV146,Card,Success,0
TXN01802,CUST0268,ACC0268,2024-04-24,20689.56,Debit,MERCH045,LOC009,DEV153,NetBanking,Failed,0
TXN01803,CUST0132,ACC0132,2023-10-13,47829.67,Credit,MERCH093,LOC033,DEV037,UPI,Success,0
TXN01804,CUST0243,ACC0243,2023-07-27,40248.44,Debit,MERCH093,LOC050,DEV019,NetBanking,Success,0
TXN01805,CUST0019,ACC0019,2023-09-22,16647.89,Debit,MERCH029,LOC044,DEV047,UPI,Failed,0
TXN01806,CUST0036,ACC0036,2024-04-24,44625.47,Debit,MERCH033,LOC034,DEV196,UPI,Failed,0
TXN01807,CUST0452,ACC0452,2023-09-05,16902.89,Credit,MERCH035,LOC035,DEV112,UPI,Success,0
TXN01808,CUST0020,ACC0020,2024-03-15,22417.84,Debit,MERCH070,LOC033,DEV050,NetBanking,Success,0
TXN01809,CUST0281,ACC0281,2023-11-07,48385.27,Debit,MERCH081,LOC020,DEV104,Card,Failed,0
TXN01810,CUST0469,ACC0469,2023-05-22,27032.6,Debit,MERCH057,LOC018,DEV181,Card,Success,0
TXN01811,CUST0026,ACC0026,2024-02-07,18037.3,Debit,MERCH051,LOC011,DEV053,NetBanking,Success,0
TXN01812,CUST0290,ACC0290,2023-07-07,36472.87,Debit,MERCH042,LOC007,DEV011,UPI,Success,0
TXN01813,CUST0253,ACC0253,2024-10-06,35006.87,Debit,MERCH011,LOC007,DEV119,UPI,Success,0
TXN01814,CUST0399,ACC0399,2024-06-03,47073.12,Debit,MERCH038,LOC046,DEV114,UPI,Success,0
TXN01815,CUST0350,ACC0350,2024-02-03,2746.47,Debit,MERCH080,LOC024,DEV060,UPI,Success,0
TXN01816,CUST0162,ACC0162,2023-10-02,34946.7,Debit,MERCH086,LOC009,DEV047,UPI,Success,0
TXN01817,CUST0225,ACC0225,2023-11-18,39257.43,Debit,MERCH054,LOC049,DEV180,NetBanking,Success,1
TXN01818,CUST0471,ACC0471,2023-02-21,3993.05,Debit,MERCH024,LOC023,DEV168,UPI,Success,0
TXN01819,CUST0352,ACC0352,2024-12-03,29430.62,Debit,MERCH006,LOC032,DEV026,Card,Success,0
TXN01820,CUST0392,ACC0392,2024-03-29,35224.01,Credit,MERCH091,LOC048,DEV152,UPI,Success,0
TXN01821,CUST0346,ACC0346,2024-01-10,32213.47,Debit,MERCH051,LOC019,DEV174,UPI,Success,1
TXN01822,CUST0319,ACC0319,2023-08-10,48493.24,Debit,MERCH045,LOC009,DEV009,UPI,Success,1
TXN01823,CUST0450,ACC0450,2023-08-08,21448.99,Debit,MERCH039,LOC041,DEV158,NetBanking,Success,0
TXN01824,CUST0466,ACC0466,2023-04-07,47772.82,Debit,MERCH097,LOC016,DEV096,Card,Success,0
TXN01825,CUST0352,ACC0352,2024-08-03,17056.36,Debit,MERCH010,LOC003,DEV016,UPI,Failed,0
TXN01826,CUST0209,ACC0209,2024-05-13,28491.25,Debit,MERCH055,LOC036,DEV016,NetBanking,Success,0
TXN01827,CUST0038,ACC0038,2024-07-13,19373.53,Credit,MERCH090,LOC016,DEV123,Card,Success,0
TXN01828,CUST0257,ACC0257,2023-10-01,34734.69,Debit,MERCH037,LOC020,DEV149,UPI,Success,0
TXN01829,CUST0358,ACC0358,2024-01-19,43101.31,Debit,MERCH063,LOC030,DEV097,UPI,Failed,0
TXN01830,CUST0389,ACC0389,2023-06-10,16742.01,Debit,MERCH002,LOC005,DEV127,UPI,Success,0
TXN01831,CUST0109,ACC0109,2024-01-24,15689.52,Credit,MERCH059,LOC035,DEV066,UPI,Success,0
TXN01832,CUST0095,ACC0095,2024-08-19,3104.36,Debit,MERCH040,LOC022,DEV025,UPI,Success,0
TXN01833,CUST0036,ACC0036,2023-01-16,36874.58,Debit,MERCH087,LOC003,DEV092,UPI,Failed,0
TXN01834,CUST0126,ACC0126,2023-01-06,31878.48,Credit,MERCH020,LOC008,DEV023,NetBanking,Success,0
TXN01835,CUST0197,ACC0197,2024-02-07,22231.39,Debit,MERCH043,LOC030,DEV086,UPI,Success,0
TXN01836,CUST0387,ACC0387,2024-07-30,27846.35,Credit,MERCH024,LOC006,DEV044,NetBanking,Success,0
TXN01837,CUST0304,ACC0304,2024-08-30,38564.75,Debit,MERCH006,LOC015,DEV062,Card,Failed,0
TXN01838,CUST0215,ACC0215,2024-11-18,40215.14,Debit,MERCH046,LOC034,DEV048,UPI,Success,0
TXN01839,CUST0040,ACC0040,2023-09-19,23124.09,Debit,MERCH057,LOC008,DEV024,Card,Success,1
TXN01840,CUST0411,ACC0411,2023-12-19,42100.59,Debit,MERCH090,LOC011,DEV026,UPI,Success,0
TXN01841,CUST0332,ACC0332,2024-09-14,36291.58,Debit,MERCH068,LOC008,DEV134,UPI,Success,0
TXN01842,CUST0294,ACC0294,2024-05-15,36153.33,Debit,MERCH014,LOC050,DEV029,Card,Failed,0
TXN01843,CUST0258,ACC0258,2024-03-23,10611.23,Debit,MERCH041,LOC037,DEV192,Card,Success,0
TXN01844,CUST0238,ACC0238,2024-12-07,48641.96,Debit,MERCH072,LOC034,DEV012,UPI,Failed,0
TXN01845,CUST0363,ACC0363,2023-02-21,37533.1,Debit,MERCH069,LOC049,DEV180,Card,Failed,0
TXN01846,CUST0310,ACC0310,2023-08-10,3405.08,Debit,MERCH023,LOC033,DEV071,Card,Failed,0
TXN01847,CUST0170,ACC0170,2023-11-15,43318.32,Debit,MERCH062,LOC011,DEV001,UPI,Success,0
TXN01848,CUST0028,ACC0028,2023-07-01,27582.43,Debit,MERCH030,LOC009,DEV170,NetBanking,Success,0
TXN01849,CUST0485,ACC0485,2023-06-09,3005.02,Debit,MERCH036,LOC042,DEV055,UPI,Success,0
TXN01850,CUST0375,ACC0375,2023-05-15,46231.51,Debit,MERCH047,LOC037,DEV155,NetBanking,Success,0
TXN01851,CUST0364,ACC0364,2023-07-20,35069.98,Debit,MERCH027,LOC004,DEV071,UPI,Success,1
TXN01852,CUST0480,ACC0480,2024-12-13,7505.92,Debit,MERCH064,LOC023,DEV033,UPI,Failed,0
TXN01853,CUST0357,ACC0357,2023-04-16,12222.78,Debit,MERCH054,LOC022,DEV013,UPI,Success,0
TXN01854,CUST0209,ACC0209,2023-09-17,19823.85,Debit,MERCH077,LOC015,DEV113,UPI,Success,0
TXN01855,CUST0234,ACC0234,2024-04-15,17825.15,Debit,MERCH010,LOC044,DEV006,NetBanking,Success,0
TXN01856,CUST0334,ACC0334,2023-06-15,49533.88,Credit,MERCH049,LOC039,DEV011,UPI,Success,0
TXN01857,CUST0441,ACC0441,2023-06-12,29122.91,Debit,MERCH004,LOC017,DEV064,NetBanking,Success,0
TXN01858,CUST0432,ACC0432,2024-07-08,41067.84,Credit,MERCH021,LOC010,DEV146,UPI,Failed,0
TXN01859,CUST0042,ACC0042,2023-07-27,46947.35,Credit,MERCH047,LOC026,DEV143,Card,Success,0
TXN01860,CUST0454,ACC0454,2024-01-13,48443.51,Credit,MERCH097,LOC003,DEV099,Card,Failed,0
TXN01861,CUST0120,ACC0120,2024-12-18,19730.36,Debit,MERCH047,LOC024,DEV016,UPI,Failed,0
TXN01862,CUST0156,ACC0156,2024-08-18,14382.64,Debit,MERCH056,LOC026,DEV051,Card,Success,0
TXN01863,CUST0351,ACC0351,2023-11-10,30252.73,Debit,MERCH045,LOC001,DEV078,UPI,Failed,0
TXN01864,CUST0332,ACC0332,2024-09-11,18877.59,Debit,MERCH050,LOC009,DEV112,Card,Success,0
TXN01865,CUST0452,ACC0452,2023-05-01,4468.56,Debit,MERCH086,LOC009,DEV190,UPI,Success,0
TXN01866,CUST0176,ACC0176,2024-11-01,27762.52,Debit,MERCH066,LOC033,DEV163,Card,Success,0
TXN01867,CUST0454,ACC0454,2023-02-10,26713.36,Debit,MERCH019,LOC041,DEV062,Card,Failed,0
TXN01868,CUST0371,ACC0371,2023-11-15,45376.62,Credit,MERCH072,LOC022,DEV062,UPI,Success,0
TXN01869,CUST0455,ACC0455,2023-05-18,36022.26,Credit,MERCH086,LOC004,DEV094,Card,Success,0
TXN01870,CUST0273,ACC0273,2023-08-30,11284.4,Debit,MERCH031,LOC005,DEV021,Card,Success,0
TXN01871,CUST0362,ACC0362,2024-01-10,42424.56,Credit,MERCH004,LOC024,DEV185,NetBanking,Failed,0
TXN01872,CUST0137,ACC0137,2024-01-14,43185.18,Debit,MERCH043,LOC030,DEV103,Card,Failed,0
TXN01873,CUST0301,ACC0301,2024-12-30,44750.98,Debit,MERCH031,LOC028,DEV095,Card,Success,0
TXN01874,CUST0289,ACC0289,2024-04-28,49556.85,Credit,MERCH094,LOC039,DEV199,Card,Failed,0
TXN01875,CUST0258,ACC0258,2024-01-27,48115.64,Credit,MERCH017,LOC006,DEV046,UPI,Success,0
TXN01876,CUST0176,ACC0176,2023-10-20,18528.46,Debit,MERCH080,LOC020,DEV131,NetBanking,Success,0
TXN01877,CUST0045,ACC0045,2023-12-16,9308.97,Debit,MERCH048,LOC037,DEV098,Card,Success,0
TXN01878,CUST0204,ACC0204,2023-11-06,42219.76,Debit,MERCH036,LOC009,DEV062,UPI,Success,1
TXN01879,CUST0189,ACC0189,2024-08-25,49365.59,Debit,MERCH016,LOC019,DEV014,Card,Failed,0
TXN01880,CUST0342,ACC0342,2023-09-29,32550.72,Debit,MERCH021,LOC027,DEV030,NetBanking,Success,0
TXN01881,CUST0155,ACC0155,2023-11-21,44312.24,Debit,MERCH073,LOC027,DEV057,UPI,Failed,0
TXN01882,CUST0337,ACC0337,2024-04-13,11338.97,Debit,MERCH068,LOC023,DEV043,UPI,Success,0
TXN01883,CUST0073,ACC0073,2023-05-04,4016.07,Credit,MERCH072,LOC018,DEV082,NetBanking,Success,0
TXN01884,CUST0081,ACC0081,2023-08-03,18169.27,Debit,MERCH065,LOC030,DEV067,Card,Failed,0
TXN01885,CUST0137,ACC0137,2024-11-27,32541.82,Debit,MERCH083,LOC011,DEV166,Card,Success,0
TXN01886,CUST0479,ACC0479,2024-11-23,1314.49,Credit,MERCH019,LOC015,DEV114,NetBanking,Success,0
TXN01887,CUST0237,ACC0237,2024-04-08,6646.24,Credit,MERCH025,LOC030,DEV001,Card,Success,0
TXN01888,CUST0058,ACC0058,2023-10-13,45555.79,Debit,MERCH069,LOC005,DEV007,UPI,Success,0
TXN01889,CUST0475,ACC0475,2024-01-12,16307.91,Debit,MERCH020,LOC031,DEV175,NetBanking,Success,1
TXN01890,CUST0092,ACC0092,2023-05-12,3332.34,Debit,MERCH085,LOC013,DEV031,UPI,Failed,0
TXN01891,CUST0218,ACC0218,2023-01-28,30230.56,Debit,MERCH068,LOC041,DEV178,UPI,Success,0
TXN01892,CUST0045,ACC0045,2024-05-21,49673.06,Debit,MERCH080,LOC023,DEV090,UPI,Success,0
TXN01893,CUST0364,ACC0364,2023-06-07,25928.97,Debit,MERCH024,LOC037,DEV186,Card,Success,0
TXN01894,CUST0324,ACC0324,2024-05-11,39215.45,Debit,MERCH046,LOC043,DEV175,Card,Success,0
TXN01895,CUST0110,ACC0110,2023-08-29,7460.51,Credit,MERCH025,LOC034,DEV155,UPI,Success,0
TXN01896,CUST0312,ACC0312,2023-06-28,121.14,Credit,MERCH029,LOC009,DEV059,Card,Success,0
TXN01897,CUST0217,ACC0217,2024-03-13,4401.03,Debit,MERCH051,LOC006,DEV013,Card,Failed,0
TXN01898,CUST0283,ACC0283,2024-04-15,2325.81,Credit,MERCH016,LOC049,DEV130,UPI,Failed,0
TXN01899,CUST0414,ACC0414,2023-06-12,41496.76,Credit,MERCH063,LOC008,DEV040,UPI,Success,0
TXN01900,CUST0203,ACC0203,2023-04-13,17743.33,Debit,MERCH064,LOC043,DEV162,NetBanking,Success,0
TXN01901,CUST0223,ACC0223,2024-12-25,38114.14,Debit,MERCH062,LOC013,DEV084,NetBanking,Failed,0
TXN01902,CUST0227,ACC0227,2023-09-26,6594.66,Debit,MERCH021,LOC046,DEV131,UPI,Success,0
TXN01903,CUST0009,ACC0009,2024-10-11,5351.22,Debit,MERCH045,LOC036,DEV172,NetBanking,Success,0
TXN01904,CUST0440,ACC0440,2024-08-02,7756.44,Debit,MERCH049,LOC012,DEV159,UPI,Success,0
TXN01905,CUST0173,ACC0173,2023-08-05,18610.95,Credit,MERCH082,LOC047,DEV123,UPI,Success,0
TXN01906,CUST0443,ACC0443,2023-09-08,3380.12,Debit,MERCH063,LOC018,DEV027,UPI,Success,0
TXN01907,CUST0424,ACC0424,2023-08-30,365.33,Debit,MERCH084,LOC036,DEV083,Card,Success,0
TXN01908,CUST0077,ACC0077,2023-01-14,44429.51,Debit,MERCH023,LOC026,DEV170,UPI,Failed,0
TXN01909,CUST0030,ACC0030,2024-06-04,39238.03,Debit,MERCH085,LOC024,DEV099,Card,Failed,0
TXN01910,CUST0033,ACC0033,2023-11-18,36538.35,Debit,MERCH073,LOC005,DEV045,Card,Success,0
TXN01911,CUST0480,ACC0480,2024-10-03,33001.43,Debit,MERCH093,LOC018,DEV019,Card,Failed,0
TXN01912,CUST0040,ACC0040,2024-08-02,38333.04,Debit,MERCH035,LOC002,DEV146,Card,Failed,0
TXN01913,CUST0478,ACC0478,2024-11-17,4611.63,Debit,MERCH064,LOC023,DEV048,Card,Success,0
TXN01914,CUST0031,ACC0031,2024-05-03,40181.23,Debit,MERCH021,LOC043,DEV004,UPI,Success,0
TXN01915,CUST0037,ACC0037,2024-09-29,43350.52,Debit,MERCH012,LOC010,DEV079,Card,Success,0
TXN01916,CUST0038,ACC0038,2023-07-26,28600.1,Credit,MERCH069,LOC037,DEV166,Card,Failed,0
TXN01917,CUST0233,ACC0233,2024-02-20,1864.97,Credit,MERCH055,LOC032,DEV124,NetBanking,Success,0
TXN01918,CUST0119,ACC0119,2023-03-23,39904.6,Debit,MERCH084,LOC025,DEV173,UPI,Failed,0
TXN01919,CUST0392,ACC0392,2023-01-29,23046.09,Credit,MERCH046,LOC016,DEV164,Card,Failed,0
TXN01920,CUST0480,ACC0480,2023-08-01,47038.2,Debit,MERCH012,LOC041,DEV198,NetBanking,Success,0
TXN01921,CUST0196,ACC0196,2023-12-03,15472.9,Debit,MERCH019,LOC003,DEV041,UPI,Success,0
TXN01922,CUST0062,ACC0062,2024-08-23,3509.19,Debit,MERCH049,LOC018,DEV073,UPI,Failed,0
TXN01923,CUST0289,ACC0289,2024-10-17,22831.94,Credit,MERCH001,LOC009,DEV108,Card,Success,0
TXN01924,CUST0496,ACC0496,2024-07-28,23240.15,Debit,MERCH064,LOC026,DEV077,Card,Failed,0
TXN01925,CUST0294,ACC0294,2024-04-03,29674.64,Debit,MERCH026,LOC025,DEV089,Card,Failed,0
TXN01926,CUST0219,ACC0219,2024-12-08,49530.85,Debit,MERCH032,LOC023,DEV081,Card,Success,1
TXN01927,CUST0358,ACC0358,2023-08-14,23539.48,Credit,MERCH079,LOC012,DEV119,UPI,Success,0
TXN01928,CUST0226,ACC0226,2023-03-22,5540.0,Debit,MERCH049,LOC015,DEV083,NetBanking,Success,0
TXN01929,CUST0106,ACC0106,2023-02-20,34751.34,Credit,MERCH045,LOC008,DEV042,NetBanking,Success,0
TXN01930,CUST0271,ACC0271,2023-06-14,23160.49,Credit,MERCH011,LOC021,DEV158,UPI,Success,0
TXN01931,CUST0149,ACC0149,2024-06-21,31057.21,Debit,MERCH045,LOC019,DEV106,NetBanking,Failed,0
TXN01932,CUST0337,ACC0337,2024-03-21,12438.28,Debit,MERCH040,LOC046,DEV066,Card,Success,0
TXN01933,CUST0403,ACC0403,2023-03-16,39595.77,Debit,MERCH073,LOC039,DEV151,Card,Failed,0
TXN01934,CUST0126,ACC0126,2024-09-14,12160.78,Debit,MERCH037,LOC015,DEV148,Card,Failed,0
TXN01935,CUST0452,ACC0452,2023-10-04,43859.82,Debit,MERCH007,LOC038,DEV085,Card,Success,0
TXN01936,CUST0257,ACC0257,2024-03-06,6458.77,Debit,MERCH021,LOC007,DEV003,Card,Success,0
TXN01937,CUST0458,ACC0458,2024-08-07,22304.88,Debit,MERCH098,LOC003,DEV123,UPI,Success,0
TXN01938,CUST0168,ACC0168,2023-11-05,44966.93,Debit,MERCH091,LOC027,DEV095,NetBanking,Success,0
TXN01939,CUST0173,ACC0173,2024-04-28,40027.63,Debit,MERCH006,LOC020,DEV072,UPI,Success,0
TXN01940,CUST0291,ACC0291,2024-03-19,42420.42,Debit,MERCH029,LOC037,DEV014,Card,Success,0
TXN01941,CUST0422,ACC0422,2023-01-29,7114.69,Debit,MERCH027,LOC047,DEV119,Card,Success,0
TXN01942,CUST0171,ACC0171,2024-02-07,43222.74,Credit,MERCH044,LOC041,DEV174,NetBanking,Success,0
TXN01943,CUST0430,ACC0430,2024-04-27,48193.93,Credit,MERCH079,LOC014,DEV018,NetBanking,Success,0
TXN01944,CUST0134,ACC0134,2024-12-23,18056.79,Debit,MERCH051,LOC025,DEV057,Card,Success,0
TXN01945,CUST0044,ACC0044,2023-03-16,11179.97,Debit,MERCH038,LOC012,DEV049,NetBanking,Success,0
TXN01946,CUST0425,ACC0425,2024-02-22,7920.69,Debit,MERCH059,LOC019,DEV047,UPI,Success,0
TXN01947,CUST0136,ACC0136,2024-02-21,10435.22,Debit,MERCH058,LOC046,DEV149,UPI,Success,0
TXN01948,CUST0213,ACC0213,2024-05-31,37085.5,Debit,MERCH084,LOC021,DEV182,Card,Success,0
TXN01949,CUST0363,ACC0363,2023-05-25,28475.59,Credit,MERCH084,LOC006,DEV166,Card,Success,0
TXN01950,CUST0340,ACC0340,2024-05-13,21935.8,Debit,MERCH034,LOC013,DEV010,Card,Failed,0
TXN01951,CUST0155,ACC0155,2023-08-01,42081.55,Debit,MERCH047,LOC004,DEV042,UPI,Success,0
TXN01952,CUST0083,ACC0083,2024-07-26,30494.62,Credit,MERCH044,LOC012,DEV115,Card,Failed,0
TXN01953,CUST0385,ACC0385,2023-12-11,36505.14,Debit,MERCH020,LOC040,DEV060,UPI,Success,0
TXN01954,CUST0005,ACC0005,2023-05-20,861.27,Credit,MERCH002,LOC015,DEV006,Card,Success,0
TXN01955,CUST0113,ACC0113,2023-07-22,12719.26,Credit,MERCH016,LOC043,DEV110,Card,Success,0
TXN01956,CUST0402,ACC0402,2024-04-12,18291.75,Credit,MERCH019,LOC050,DEV123,UPI,Failed,0
TXN01957,CUST0313,ACC0313,2024-09-16,17401.3,Debit,MERCH083,LOC024,DEV054,Card,Success,0
TXN01958,CUST0029,ACC0029,2023-03-22,47081.03,Debit,MERCH022,LOC016,DEV008,UPI,Success,0
TXN01959,CUST0111,ACC0111,2023-10-05,35851.11,Debit,MERCH059,LOC005,DEV149,UPI,Success,0
TXN01960,CUST0415,ACC0415,2023-01-17,4588.81,Debit,MERCH048,LOC004,DEV113,UPI,Success,0
TXN01961,CUST0417,ACC0417,2024-02-28,45818.78,Credit,MERCH061,LOC042,DEV163,Card,Success,0
TXN01962,CUST0354,ACC0354,2024-05-22,16089.69,Credit,MERCH077,LOC012,DEV068,Card,Success,0
TXN01963,CUST0026,ACC0026,2024-01-31,18020.05,Debit,MERCH020,LOC044,DEV121,NetBanking,Failed,0
TXN01964,CUST0323,ACC0323,2023-06-01,17006.95,Debit,MERCH006,LOC038,DEV177,UPI,Success,0
TXN01965,CUST0176,ACC0176,2024-01-30,19740.44,Debit,MERCH093,LOC048,DEV038,NetBanking,Success,0
TXN01966,CUST0485,ACC0485,2023-09-11,24299.12,Credit,MERCH013,LOC009,DEV022,UPI,Success,0
TXN01967,CUST0045,ACC0045,2023-02-18,6005.33,Debit,MERCH089,LOC036,DEV107,Card,Success,0
TXN01968,CUST0414,ACC0414,2024-09-20,2547.33,Credit,MERCH063,LOC019,DEV178,UPI,Success,0
TXN01969,CUST0019,ACC0019,2024-10-06,46629.99,Debit,MERCH080,LOC040,DEV065,NetBanking,Success,0
TXN01970,CUST0356,ACC0356,2023-12-30,8951.23,Debit,MERCH014,LOC012,DEV045,Card,Failed,0
TXN01971,CUST0073,ACC0073,2024-05-19,47270.06,Debit,MERCH024,LOC011,DEV006,Card,Success,0
TXN01972,CUST0185,ACC0185,2023-10-24,7525.19,Credit,MERCH042,LOC044,DEV067,UPI,Success,0
TXN01973,CUST0303,ACC0303,2024-10-23,19155.88,Debit,MERCH026,LOC013,DEV075,UPI,Success,0
TXN01974,CUST0151,ACC0151,2023-11-06,22168.79,Debit,MERCH066,LOC039,DEV149,UPI,Failed,0
TXN01975,CUST0473,ACC0473,2023-12-05,636.59,Debit,MERCH048,LOC040,DEV175,Card,Success,1
TXN01976,CUST0194,ACC0194,2024-06-03,34233.52,Debit,MERCH058,LOC032,DEV066,UPI,Success,0
TXN01977,CUST0320,ACC0320,2024-12-19,45193.5,Credit,MERCH077,LOC048,DEV082,Card,Success,0
TXN01978,CUST0213,ACC0213,2023-08-27,13436.97,Credit,MERCH041,LOC011,DEV041,Card,Failed,0
TXN01979,CUST0467,ACC0467,2024-01-03,28383.57,Credit,MERCH045,LOC035,DEV022,UPI,Success,0
TXN01980,CUST0073,ACC0073,2024-09-11,6734.37,Debit,MERCH015,LOC005,DEV083,Card,Success,0
TXN01981,CUST0474,ACC0474,2024-02-25,10957.4,Debit,MERCH090,LOC038,DEV103,UPI,Success,0
TXN01982,CUST0120,ACC0120,2024-03-22,12255.97,Credit,MERCH093,LOC019,DEV171,UPI,Success,0
TXN01983,CUST0392,ACC0392,2023-07-04,2185.13,Debit,MERCH080,LOC033,DEV007,Card,Success,0
TXN01984,CUST0331,ACC0331,2024-11-15,27583.68,Debit,MERCH029,LOC042,DEV138,UPI,Success,0
TXN01985,CUST0390,ACC0390,2023-02-11,2228.29,Debit,MERCH083,LOC006,DEV046,NetBanking,Success,0
TXN01986,CUST0436,ACC0436,2023-06-05,4763.34,Debit,MERCH066,LOC043,DEV029,UPI,Success,0
TXN01987,CUST0365,ACC0365,2024-01-17,26939.4,Credit,MERCH052,LOC020,DEV003,Card,Failed,0
TXN01988,CUST0054,ACC0054,2024-08-19,5531.28,Debit,MERCH040,LOC049,DEV035,Card,Success,0
TXN01989,CUST0429,ACC0429,2024-11-20,97.95,Debit,MERCH057,LOC041,DEV135,Card,Failed,0
TXN01990,CUST0246,ACC0246,2023-09-08,41603.82,Debit,MERCH082,LOC026,DEV073,NetBanking,Failed,0
TXN01991,CUST0485,ACC0485,2024-02-13,37459.27,Credit,MERCH085,LOC012,DEV029,UPI,Success,0
TXN01992,CUST0313,ACC0313,2023-05-25,35757.21,Debit,MERCH024,LOC002,DEV079,Card,Success,0
TXN01993,CUST0354,ACC0354,2023-03-07,2321.33,Debit,MERCH015,LOC019,DEV188,UPI,Success,0
TXN01994,CUST0249,ACC0249,2024-06-07,45855.98,Debit,MERCH079,LOC029,DEV040,NetBanking,Success,0
TXN01995,CUST0423,ACC0423,2024-02-21,29426.97,Debit,MERCH066,LOC045,DEV051,NetBanking,Success,0
TXN01996,CUST0057,ACC0057,2024-07-16,1044.12,Credit,MERCH053,LOC002,DEV189,UPI,Failed,0
TXN01997,CUST0353,ACC0353,2023-06-22,35326.21,Debit,MERCH096,LOC011,DEV139,UPI,Success,0
TXN01998,CUST0173,ACC0173,2023-07-18,27221.39,Debit,MERCH006,LOC021,DEV046,UPI,Success,0
TXN01999,CUST0139,ACC0139,2023-09-08,44320.48,Debit,MERCH021,LOC027,DEV158,UPI,Success,0
TXN02000,CUST0088,ACC0088,2024-11-06,38928.75,Debit,MERCH069,LOC045,DEV111,NetBanking,Success,0
TXN02001,CUST0084,ACC0084,2024-04-13,37826.51,Debit,MERCH027,LOC033,DEV157,UPI,Success,0
TXN02002,CUST0458,ACC0458,2024-01-30,33675.09,Debit,MERCH053,LOC048,DEV022,UPI,Failed,0
TXN02003,CUST0259,ACC0259,2023-12-11,31768.24,Credit,MERCH014,LOC016,DEV112,NetBanking,Success,0
TXN02004,CUST0283,ACC0283,2023-11-09,48258.36,Debit,MERCH085,LOC033,DEV041,UPI,Success,0
TXN02005,CUST0103,ACC0103,2023-08-20,35858.97,Debit,MERCH024,LOC030,DEV189,UPI,Success,0
TXN02006,CUST0308,ACC0308,2023-03-06,26441.33,Debit,MERCH062,LOC032,DEV099,Card,Failed,0
TXN02007,CUST0049,ACC0049,2024-10-28,2220.27,Debit,MERCH069,LOC034,DEV026,Card,Success,0
TXN02008,CUST0439,ACC0439,2024-10-31,40670.27,Debit,MERCH057,LOC027,DEV030,UPI,Success,0
TXN02009,CUST0236,ACC0236,2024-05-30,34754.94,Credit,MERCH039,LOC023,DEV170,Card,Success,0
TXN02010,CUST0255,ACC0255,2023-07-02,36734.49,Debit,MERCH049,LOC024,DEV179,UPI,Failed,0
TXN02011,CUST0489,ACC0489,2024-02-13,26716.64,Debit,MERCH058,LOC014,DEV079,UPI,Success,0
TXN02012,CUST0316,ACC0316,2024-06-03,29679.17,Debit,MERCH035,LOC043,DEV112,UPI,Success,0
TXN02013,CUST0322,ACC0322,2024-10-13,501.17,Debit,MERCH078,LOC002,DEV114,Card,Success,0
TXN02014,CUST0138,ACC0138,2024-10-04,23785.22,Credit,MERCH076,LOC020,DEV017,NetBanking,Failed,0
TXN02015,CUST0392,ACC0392,2024-03-24,28726.01,Credit,MERCH071,LOC039,DEV118,Card,Success,0
TXN02016,CUST0158,ACC0158,2024-12-03,34001.8,Debit,MERCH010,LOC033,DEV050,Card,Success,0
TXN02017,CUST0411,ACC0411,2024-09-14,40109.03,Debit,MERCH060,LOC016,DEV074,Card,Failed,0
TXN02018,CUST0430,ACC0430,2024-04-14,25973.43,Debit,MERCH094,LOC038,DEV138,Card,Failed,0
TXN02019,CUST0414,ACC0414,2024-06-30,5385.55,Debit,MERCH041,LOC001,DEV155,Card,Success,0
TXN02020,CUST0086,ACC0086,2024-11-09,32018.49,Debit,MERCH016,LOC003,DEV042,Card,Success,0
TXN02021,CUST0205,ACC0205,2023-05-23,48060.92,Credit,MERCH038,LOC036,DEV155,UPI,Failed,0
TXN02022,CUST0462,ACC0462,2023-03-04,953.01,Debit,MERCH033,LOC023,DEV134,NetBanking,Success,0
TXN02023,CUST0054,ACC0054,2023-08-15,77.21,Debit,MERCH040,LOC043,DEV139,NetBanking,Success,0
TXN02024,CUST0283,ACC0283,2023-08-31,30961.78,Debit,MERCH054,LOC016,DEV004,Card,Success,0
TXN02025,CUST0077,ACC0077,2024-04-02,39425.72,Debit,MERCH087,LOC023,DEV185,UPI,Success,0
TXN02026,CUST0200,ACC0200,2024-11-26,20194.69,Debit,MERCH046,LOC025,DEV075,NetBanking,Success,1
TXN02027,CUST0050,ACC0050,2024-07-25,13089.91,Debit,MERCH070,LOC043,DEV076,NetBanking,Failed,0
TXN02028,CUST0222,ACC0222,2024-04-04,28495.64,Credit,MERCH068,LOC031,DEV042,NetBanking,Success,0
TXN02029,CUST0213,ACC0213,2024-10-20,40192.11,Debit,MERCH089,LOC008,DEV013,UPI,Success,0
TXN02030,CUST0119,ACC0119,2023-10-05,45950.75,Debit,MERCH006,LOC026,DEV124,Card,Success,0
TXN02031,CUST0141,ACC0141,2024-11-12,17180.06,Credit,MERCH005,LOC025,DEV037,Card,Success,0
TXN02032,CUST0404,ACC0404,2023-05-10,5885.62,Credit,MERCH018,LOC021,DEV109,Card,Failed,0
TXN02033,CUST0394,ACC0394,2023-07-02,9252.63,Debit,MERCH028,LOC041,DEV166,UPI,Success,0
TXN02034,CUST0338,ACC0338,2023-10-29,22006.86,Debit,MERCH040,LOC031,DEV100,UPI,Failed,0
TXN02035,CUST0156,ACC0156,2024-07-08,14464.26,Debit,MERCH042,LOC011,DEV025,Card,Success,0
TXN02036,CUST0435,ACC0435,2023-08-26,26742.16,Debit,MERCH011,LOC009,DEV074,Card,Failed,0
TXN02037,CUST0171,ACC0171,2023-12-23,10947.16,Debit,MERCH051,LOC009,DEV169,UPI,Success,0
TXN02038,CUST0095,ACC0095,2023-04-04,46529.39,Credit,MERCH082,LOC010,DEV163,UPI,Success,0
TXN02039,CUST0497,ACC0497,2024-04-19,24757.94,Debit,MERCH072,LOC021,DEV183,Card,Success,0
TXN02040,CUST0346,ACC0346,2023-11-25,27729.49,Debit,MERCH045,LOC009,DEV183,UPI,Success,0
TXN02041,CUST0440,ACC0440,2023-11-17,5115.09,Debit,MERCH048,LOC040,DEV022,UPI,Failed,0
TXN02042,CUST0230,ACC0230,2023-03-10,2784.22,Debit,MERCH012,LOC017,DEV115,UPI,Success,0
TXN02043,CUST0233,ACC0233,2023-11-11,13498.79,Debit,MERCH019,LOC020,DEV113,UPI,Success,0
TXN02044,CUST0448,ACC0448,2024-06-25,36603.42,Debit,MERCH016,LOC023,DEV149,Card,Failed,0
TXN02045,CUST0154,ACC0154,2024-12-20,40298.59,Credit,MERCH078,LOC014,DEV010,NetBanking,Success,0
TXN02046,CUST0171,ACC0171,2023-08-25,24442.1,Debit,MERCH068,LOC014,DEV108,NetBanking,Success,0
TXN02047,CUST0043,ACC0043,2023-03-12,34434.62,Debit,MERCH005,LOC033,DEV122,UPI,Failed,0
TXN02048,CUST0260,ACC0260,2024-07-01,44486.74,Debit,MERCH062,LOC035,DEV122,NetBanking,Success,0
TXN02049,CUST0101,ACC0101,2023-01-10,14297.79,Credit,MERCH009,LOC021,DEV047,NetBanking,Success,0
TXN02050,CUST0063,ACC0063,2024-03-31,34590.9,Debit,MERCH094,LOC015,DEV124,Card,Success,0
TXN02051,CUST0416,ACC0416,2024-06-08,2547.63,Debit,MERCH062,LOC013,DEV075,NetBanking,Success,0
TXN02052,CUST0143,ACC0143,2024-01-26,24853.37,Credit,MERCH021,LOC038,DEV102,Card,Failed,0
TXN02053,CUST0302,ACC0302,2023-03-08,49347.5,Debit,MERCH018,LOC038,DEV155,UPI,Failed,0
TXN02054,CUST0295,ACC0295,2023-09-21,44438.51,Debit,MERCH076,LOC037,DEV150,Card,Success,0
TXN02055,CUST0405,ACC0405,2023-01-30,34490.21,Debit,MERCH074,LOC002,DEV137,UPI,Success,0
TXN02056,CUST0464,ACC0464,2023-08-28,41641.38,Debit,MERCH070,LOC039,DEV105,Card,Success,0
TXN02057,CUST0340,ACC0340,2024-06-18,14560.94,Debit,MERCH095,LOC033,DEV199,Card,Success,0
TXN02058,CUST0265,ACC0265,2023-11-01,30981.7,Credit,MERCH072,LOC024,DEV199,NetBanking,Success,0
TXN02059,CUST0456,ACC0456,2024-05-17,16463.24,Debit,MERCH095,LOC008,DEV152,NetBanking,Success,0
TXN02060,CUST0027,ACC0027,2023-07-03,7215.79,Credit,MERCH039,LOC034,DEV139,Card,Success,0
TXN02061,CUST0097,ACC0097,2024-10-16,30441.37,Debit,MERCH002,LOC022,DEV193,Card,Failed,0
TXN02062,CUST0298,ACC0298,2024-06-25,14997.47,Debit,MERCH027,LOC028,DEV128,Card,Success,0
TXN02063,CUST0390,ACC0390,2023-06-13,26177.46,Debit,MERCH028,LOC041,DEV008,Card,Success,0
TXN02064,CUST0108,ACC0108,2024-06-24,25163.74,Debit,MERCH079,LOC032,DEV138,Card,Success,0
TXN02065,CUST0041,ACC0041,2023-10-09,47265.74,Debit,MERCH080,LOC043,DEV185,Card,Success,0
TXN02066,CUST0294,ACC0294,2024-10-07,42303.86,Credit,MERCH074,LOC004,DEV095,UPI,Failed,0
TXN02067,CUST0162,ACC0162,2023-06-01,28035.69,Credit,MERCH048,LOC006,DEV161,Card,Success,0
TXN02068,CUST0425,ACC0425,2024-11-03,15688.39,Debit,MERCH096,LOC001,DEV197,NetBanking,Failed,0
TXN02069,CUST0429,ACC0429,2024-11-15,15954.92,Credit,MERCH016,LOC008,DEV148,UPI,Success,0
TXN02070,CUST0124,ACC0124,2024-08-21,4037.02,Debit,MERCH040,LOC009,DEV166,UPI,Failed,0
TXN02071,CUST0444,ACC0444,2023-11-19,17510.61,Credit,MERCH089,LOC034,DEV084,UPI,Success,0
TXN02072,CUST0424,ACC0424,2024-07-01,39890.17,Debit,MERCH008,LOC009,DEV077,NetBanking,Success,0
TXN02073,CUST0109,ACC0109,2024-04-17,10368.87,Debit,MERCH027,LOC025,DEV194,UPI,Failed,0
TXN02074,CUST0206,ACC0206,2023-05-24,45754.88,Debit,MERCH077,LOC026,DEV146,UPI,Success,0
TXN02075,CUST0126,ACC0126,2023-08-03,17693.83,Debit,MERCH070,LOC021,DEV193,NetBanking,Success,0
TXN02076,CUST0431,ACC0431,2024-03-16,4562.86,Credit,MERCH043,LOC025,DEV097,Card,Success,0
TXN02077,CUST0123,ACC0123,2024-08-21,24392.8,Debit,MERCH015,LOC007,DEV098,UPI,Success,0
TXN02078,CUST0149,ACC0149,2023-09-10,19674.72,Debit,MERCH031,LOC031,DEV125,NetBanking,Success,0
TXN02079,CUST0094,ACC0094,2024-04-12,1457.24,Credit,MERCH053,LOC001,DEV088,UPI,Failed,0
TXN02080,CUST0469,ACC0469,2023-09-13,14784.51,Debit,MERCH033,LOC017,DEV018,NetBanking,Failed,0
TXN02081,CUST0419,ACC0419,2024-12-22,34163.73,Debit,MERCH090,LOC030,DEV083,UPI,Success,0
TXN02082,CUST0325,ACC0325,2023-07-29,16771.37,Credit,MERCH048,LOC008,DEV010,Card,Success,0
TXN02083,CUST0097,ACC0097,2024-11-16,28032.81,Debit,MERCH028,LOC001,DEV068,UPI,Failed,0
TXN02084,CUST0074,ACC0074,2024-05-13,21013.94,Debit,MERCH034,LOC044,DEV070,Card,Success,0
TXN02085,CUST0233,ACC0233,2023-04-29,26466.98,Debit,MERCH003,LOC037,DEV106,NetBanking,Success,0
TXN02086,CUST0295,ACC0295,2023-02-15,20948.53,Debit,MERCH023,LOC033,DEV138,Card,Success,0
TXN02087,CUST0391,ACC0391,2023-10-12,46927.3,Credit,MERCH097,LOC023,DEV029,NetBanking,Success,0
TXN02088,CUST0439,ACC0439,2024-12-24,11894.62,Credit,MERCH016,LOC030,DEV069,Card,Success,0
TXN02089,CUST0455,ACC0455,2023-07-21,1112.59,Debit,MERCH035,LOC050,DEV185,Card,Success,0
TXN02090,CUST0393,ACC0393,2023-02-05,10194.6,Debit,MERCH027,LOC036,DEV121,UPI,Failed,0
TXN02091,CUST0227,ACC0227,2024-10-29,37383.27,Debit,MERCH037,LOC049,DEV122,NetBanking,Success,0
TXN02092,CUST0231,ACC0231,2023-01-15,41478.53,Debit,MERCH080,LOC008,DEV090,UPI,Success,0
TXN02093,CUST0099,ACC0099,2024-06-08,41303.94,Debit,MERCH051,LOC009,DEV090,Card,Success,0
TXN02094,CUST0136,ACC0136,2023-06-20,48495.93,Debit,MERCH030,LOC006,DEV157,Card,Success,0
TXN02095,CUST0018,ACC0018,2024-10-30,17837.17,Debit,MERCH036,LOC005,DEV006,Card,Success,0
TXN02096,CUST0029,ACC0029,2024-12-25,34522.56,Debit,MERCH021,LOC018,DEV096,NetBanking,Success,0
TXN02097,CUST0400,ACC0400,2023-09-03,42017.43,Debit,MERCH092,LOC040,DEV080,UPI,Failed,0
TXN02098,CUST0051,ACC0051,2024-10-11,46183.67,Debit,MERCH004,LOC038,DEV187,UPI,Failed,0
TXN02099,CUST0377,ACC0377,2024-07-25,23759.74,Debit,MERCH027,LOC012,DEV046,Card,Failed,0
TXN02100,CUST0192,ACC0192,2023-03-22,49593.2,Debit,MERCH034,LOC045,DEV166,Card,Success,0
TXN02101,CUST0345,ACC0345,2023-08-08,8660.95,Debit,MERCH040,LOC025,DEV135,UPI,Success,1
TXN02102,CUST0221,ACC0221,2023-04-12,34392.74,Debit,MERCH002,LOC010,DEV140,UPI,Failed,0
TXN02103,CUST0205,ACC0205,2024-04-04,34738.21,Debit,MERCH005,LOC039,DEV086,UPI,Success,0
TXN02104,CUST0400,ACC0400,2023-08-31,19576.64,Debit,MERCH026,LOC027,DEV140,Card,Success,0
TXN02105,CUST0299,ACC0299,2023-02-01,548.32,Credit,MERCH013,LOC032,DEV063,Card,Success,1
TXN02106,CUST0070,ACC0070,2023-12-08,47767.98,Debit,MERCH028,LOC040,DEV119,NetBanking,Success,0
TXN02107,CUST0046,ACC0046,2023-07-14,37644.13,Credit,MERCH014,LOC014,DEV139,UPI,Success,0
TXN02108,CUST0417,ACC0417,2024-01-25,28340.26,Credit,MERCH064,LOC010,DEV048,NetBanking,Success,0
TXN02109,CUST0062,ACC0062,2023-01-26,40223.04,Debit,MERCH015,LOC032,DEV029,Card,Success,0
TXN02110,CUST0292,ACC0292,2023-06-21,27380.52,Credit,MERCH040,LOC016,DEV105,UPI,Success,0
TXN02111,CUST0028,ACC0028,2023-05-29,41261.38,Debit,MERCH019,LOC006,DEV166,Card,Success,0
TXN02112,CUST0204,ACC0204,2023-01-16,7246.33,Debit,MERCH019,LOC047,DEV171,UPI,Success,0
TXN02113,CUST0374,ACC0374,2023-01-18,29187.89,Credit,MERCH024,LOC025,DEV158,Card,Failed,0
TXN02114,CUST0012,ACC0012,2023-08-02,33736.43,Debit,MERCH017,LOC031,DEV105,Card,Success,0
TXN02115,CUST0041,ACC0041,2024-10-29,23307.65,Debit,MERCH045,LOC045,DEV092,Card,Success,0
TXN02116,CUST0300,ACC0300,2024-07-07,17570.24,Debit,MERCH074,LOC043,DEV029,Card,Success,0
TXN02117,CUST0164,ACC0164,2024-07-03,29093.04,Debit,MERCH070,LOC026,DEV194,UPI,Failed,0
TXN02118,CUST0360,ACC0360,2023-10-20,36638.72,Credit,MERCH055,LOC033,DEV173,NetBanking,Success,0
TXN02119,CUST0216,ACC0216,2023-05-10,10734.0,Debit,MERCH035,LOC020,DEV117,Card,Success,0
TXN02120,CUST0133,ACC0133,2023-01-25,25583.03,Credit,MERCH015,LOC037,DEV009,UPI,Success,0
TXN02121,CUST0252,ACC0252,2023-10-26,31004.58,Debit,MERCH006,LOC004,DEV104,NetBanking,Success,0
TXN02122,CUST0293,ACC0293,2024-06-25,46667.83,Credit,MERCH042,LOC015,DEV072,UPI,Success,0
TXN02123,CUST0277,ACC0277,2023-10-03,25517.58,Credit,MERCH016,LOC015,DEV147,Card,Success,0
TXN02124,CUST0495,ACC0495,2024-06-24,20540.41,Credit,MERCH002,LOC011,DEV017,Card,Success,0
TXN02125,CUST0086,ACC0086,2023-07-24,37186.84,Debit,MERCH043,LOC001,DEV054,Card,Success,0
TXN02126,CUST0390,ACC0390,2023-08-12,148.82,Debit,MERCH032,LOC019,DEV191,UPI,Failed,0
TXN02127,CUST0366,ACC0366,2024-02-17,22699.18,Debit,MERCH067,LOC037,DEV197,NetBanking,Success,1
TXN02128,CUST0399,ACC0399,2024-08-04,49963.65,Debit,MERCH001,LOC002,DEV149,UPI,Success,0
TXN02129,CUST0489,ACC0489,2023-04-05,19254.93,Debit,MERCH026,LOC030,DEV190,UPI,Success,0
TXN02130,CUST0426,ACC0426,2024-08-18,33679.04,Credit,MERCH070,LOC047,DEV087,NetBanking,Success,0
TXN02131,CUST0154,ACC0154,2024-07-10,49450.15,Credit,MERCH034,LOC025,DEV063,UPI,Failed,0
TXN02132,CUST0021,ACC0021,2023-02-21,1201.73,Debit,MERCH016,LOC007,DEV186,NetBanking,Success,0
TXN02133,CUST0428,ACC0428,2023-09-08,47656.96,Debit,MERCH085,LOC039,DEV143,UPI,Success,0
TXN02134,CUST0331,ACC0331,2024-01-14,34730.43,Debit,MERCH003,LOC013,DEV163,Card,Success,0
TXN02135,CUST0134,ACC0134,2024-11-11,651.31,Debit,MERCH036,LOC027,DEV106,Card,Success,0
TXN02136,CUST0016,ACC0016,2024-04-02,16116.5,Debit,MERCH091,LOC018,DEV104,NetBanking,Success,0
TXN02137,CUST0222,ACC0222,2024-03-28,7456.08,Debit,MERCH035,LOC042,DEV185,UPI,Success,0
TXN02138,CUST0009,ACC0009,2023-05-23,35331.68,Debit,MERCH084,LOC015,DEV132,NetBanking,Success,0
TXN02139,CUST0229,ACC0229,2024-09-02,46126.0,Debit,MERCH051,LOC010,DEV009,Card,Success,0
TXN02140,CUST0272,ACC0272,2023-12-21,25064.82,Credit,MERCH018,LOC030,DEV059,UPI,Success,0
TXN02141,CUST0405,ACC0405,2024-01-03,31876.82,Credit,MERCH029,LOC023,DEV117,UPI,Success,0
TXN02142,CUST0009,ACC0009,2023-01-09,14768.23,Debit,MERCH043,LOC007,DEV141,UPI,Success,0
TXN02143,CUST0060,ACC0060,2024-12-04,20962.71,Debit,MERCH003,LOC019,DEV171,UPI,Success,0
TXN02144,CUST0444,ACC0444,2024-02-12,5765.39,Debit,MERCH078,LOC012,DEV057,UPI,Failed,0
TXN02145,CUST0029,ACC0029,2023-09-28,21352.2,Debit,MERCH032,LOC034,DEV037,UPI,Success,0
TXN02146,CUST0235,ACC0235,2023-03-30,1529.75,Debit,MERCH081,LOC028,DEV018,UPI,Success,0
TXN02147,CUST0180,ACC0180,2023-04-02,6298.42,Debit,MERCH055,LOC028,DEV193,Card,Success,0
TXN02148,CUST0167,ACC0167,2023-08-18,47788.23,Debit,MERCH093,LOC003,DEV079,Card,Failed,0
TXN02149,CUST0336,ACC0336,2023-07-01,44696.99,Credit,MERCH039,LOC025,DEV007,Card,Success,0
TXN02150,CUST0055,ACC0055,2024-09-28,4451.22,Debit,MERCH096,LOC041,DEV053,UPI,Success,0
TXN02151,CUST0494,ACC0494,2023-11-13,24616.31,Debit,MERCH054,LOC006,DEV126,UPI,Success,0
TXN02152,CUST0210,ACC0210,2024-07-01,8495.39,Debit,MERCH086,LOC012,DEV101,Card,Success,0
TXN02153,CUST0232,ACC0232,2023-01-04,25493.93,Credit,MERCH052,LOC010,DEV034,Card,Success,0
TXN02154,CUST0142,ACC0142,2023-03-20,47821.81,Credit,MERCH070,LOC029,DEV131,NetBanking,Failed,0
TXN02155,CUST0439,ACC0439,2023-10-04,39515.84,Credit,MERCH011,LOC043,DEV041,Card,Failed,0
TXN02156,CUST0297,ACC0297,2023-03-03,31973.64,Debit,MERCH014,LOC033,DEV078,Card,Success,0
TXN02157,CUST0257,ACC0257,2024-08-02,24194.46,Debit,MERCH035,LOC014,DEV079,Card,Success,0
TXN02158,CUST0028,ACC0028,2023-11-11,36316.61,Debit,MERCH044,LOC041,DEV111,Card,Success,0
TXN02159,CUST0432,ACC0432,2023-09-16,30249.83,Debit,MERCH023,LOC002,DEV103,Card,Success,0
TXN02160,CUST0338,ACC0338,2024-12-08,13856.79,Debit,MERCH091,LOC040,DEV127,Card,Success,0
TXN02161,CUST0397,ACC0397,2023-07-20,27357.76,Debit,MERCH032,LOC001,DEV172,UPI,Failed,0
TXN02162,CUST0220,ACC0220,2023-08-28,15370.81,Debit,MERCH068,LOC034,DEV071,Card,Success,0
TXN02163,CUST0301,ACC0301,2024-03-05,26865.18,Credit,MERCH003,LOC023,DEV026,Card,Success,0
TXN02164,CUST0419,ACC0419,2023-04-14,49648.52,Debit,MERCH048,LOC020,DEV051,UPI,Success,0
TXN02165,CUST0337,ACC0337,2023-10-13,4158.97,Debit,MERCH052,LOC004,DEV080,UPI,Success,0
TXN02166,CUST0313,ACC0313,2024-06-24,21223.0,Credit,MERCH094,LOC042,DEV130,UPI,Success,0
TXN02167,CUST0198,ACC0198,2023-02-24,49373.34,Debit,MERCH026,LOC007,DEV153,UPI,Success,0
TXN02168,CUST0229,ACC0229,2024-07-17,41412.19,Debit,MERCH036,LOC003,DEV004,NetBanking,Success,0
TXN02169,CUST0108,ACC0108,2023-11-01,45953.23,Debit,MERCH089,LOC032,DEV192,Card,Success,0
TXN02170,CUST0051,ACC0051,2024-08-26,41140.65,Credit,MERCH014,LOC041,DEV194,NetBanking,Success,0
TXN02171,CUST0199,ACC0199,2023-06-09,38039.95,Debit,MERCH083,LOC019,DEV163,Card,Success,0
TXN02172,CUST0239,ACC0239,2024-06-20,16466.4,Debit,MERCH057,LOC022,DEV058,Card,Success,0
TXN02173,CUST0173,ACC0173,2024-06-26,8324.14,Debit,MERCH022,LOC036,DEV136,UPI,Failed,0
TXN02174,CUST0347,ACC0347,2024-03-30,26153.18,Credit,MERCH077,LOC049,DEV015,UPI,Success,0
TXN02175,CUST0367,ACC0367,2023-08-21,23424.02,Debit,MERCH004,LOC036,DEV177,Card,Failed,0
TXN02176,CUST0263,ACC0263,2023-04-24,38970.9,Debit,MERCH087,LOC039,DEV195,Card,Success,0
TXN02177,CUST0302,ACC0302,2024-10-10,49392.81,Credit,MERCH100,LOC008,DEV138,Card,Failed,0
TXN02178,CUST0102,ACC0102,2024-05-11,16975.46,Debit,MERCH054,LOC036,DEV028,UPI,Failed,0
TXN02179,CUST0461,ACC0461,2023-01-08,9143.96,Debit,MERCH060,LOC033,DEV009,Card,Success,0
TXN02180,CUST0008,ACC0008,2023-06-23,32584.03,Debit,MERCH051,LOC012,DEV042,Card,Success,0
TXN02181,CUST0497,ACC0497,2023-05-05,19565.62,Credit,MERCH071,LOC023,DEV117,UPI,Failed,0
TXN02182,CUST0133,ACC0133,2024-02-12,33335.77,Credit,MERCH088,LOC044,DEV092,UPI,Failed,0
TXN02183,CUST0034,ACC0034,2024-03-23,31006.2,Debit,MERCH019,LOC006,DEV083,UPI,Success,0
TXN02184,CUST0029,ACC0029,2023-04-29,41944.54,Debit,MERCH010,LOC001,DEV123,Card,Failed,0
TXN02185,CUST0476,ACC0476,2023-01-10,10918.4,Debit,MERCH021,LOC019,DEV055,Card,Success,0
TXN02186,CUST0360,ACC0360,2024-12-12,5669.69,Debit,MERCH038,LOC033,DEV017,NetBanking,Success,0
TXN02187,CUST0113,ACC0113,2023-01-25,560.43,Credit,MERCH041,LOC015,DEV012,UPI,Success,0
TXN02188,CUST0076,ACC0076,2023-04-14,18446.63,Credit,MERCH093,LOC024,DEV196,UPI,Failed,0
TXN02189,CUST0414,ACC0414,2024-07-17,49458.63,Credit,MERCH079,LOC022,DEV060,Card,Success,0
TXN02190,CUST0159,ACC0159,2024-07-17,4581.23,Debit,MERCH098,LOC018,DEV128,UPI,Success,0
TXN02191,CUST0216,ACC0216,2023-09-23,38446.94,Credit,MERCH016,LOC021,DEV121,UPI,Failed,0
TXN02192,CUST0127,ACC0127,2024-07-19,16881.15,Debit,MERCH064,LOC022,DEV026,UPI,Success,0
TXN02193,CUST0069,ACC0069,2023-08-28,29634.15,Credit,MERCH034,LOC010,DEV097,NetBanking,Success,0
TXN02194,CUST0438,ACC0438,2024-10-16,2328.44,Credit,MERCH050,LOC002,DEV040,NetBanking,Success,0
TXN02195,CUST0152,ACC0152,2023-10-27,21784.83,Debit,MERCH099,LOC030,DEV120,Card,Failed,0
TXN02196,CUST0073,ACC0073,2023-02-07,17937.25,Debit,MERCH008,LOC033,DEV119,Card,Success,0
TXN02197,CUST0063,ACC0063,2024-01-06,19244.49,Credit,MERCH093,LOC004,DEV056,Card,Success,0
TXN02198,CUST0051,ACC0051,2024-05-13,15936.61,Debit,MERCH038,LOC005,DEV078,UPI,Success,0
TXN02199,CUST0258,ACC0258,2023-11-29,35298.61,Credit,MERCH023,LOC022,DEV067,UPI,Success,0
TXN02200,CUST0395,ACC0395,2024-02-08,34278.3,Debit,MERCH024,LOC036,DEV133,Card,Failed,0
TXN02201,CUST0427,ACC0427,2023-11-04,49851.73,Credit,MERCH033,LOC009,DEV003,Card,Failed,0
TXN02202,CUST0229,ACC0229,2024-10-30,44623.78,Debit,MERCH009,LOC046,DEV053,UPI,Failed,0
TXN02203,CUST0483,ACC0483,2023-12-13,10451.88,Credit,MERCH054,LOC045,DEV036,NetBanking,Failed,0
TXN02204,CUST0184,ACC0184,2024-09-10,6312.75,Credit,MERCH078,LOC004,DEV105,NetBanking,Failed,0
TXN02205,CUST0459,ACC0459,2024-11-18,34719.43,Credit,MERCH089,LOC022,DEV200,Card,Success,0
TXN02206,CUST0190,ACC0190,2023-08-29,13022.43,Debit,MERCH074,LOC027,DEV191,Card,Success,0
TXN02207,CUST0043,ACC0043,2023-12-02,29829.25,Credit,MERCH041,LOC013,DEV175,Card,Success,0
TXN02208,CUST0336,ACC0336,2023-11-26,20604.12,Credit,MERCH064,LOC046,DEV087,UPI,Failed,0
TXN02209,CUST0177,ACC0177,2023-09-18,7981.32,Debit,MERCH068,LOC017,DEV038,UPI,Success,0
TXN02210,CUST0433,ACC0433,2023-07-05,23869.0,Debit,MERCH094,LOC014,DEV047,Card,Failed,0
TXN02211,CUST0031,ACC0031,2024-12-24,8844.38,Credit,MERCH010,LOC030,DEV095,UPI,Success,0
TXN02212,CUST0334,ACC0334,2024-05-16,21325.02,Credit,MERCH008,LOC050,DEV076,UPI,Success,0
TXN02213,CUST0081,ACC0081,2024-09-23,44157.89,Debit,MERCH071,LOC026,DEV148,Card,Success,0
TXN02214,CUST0284,ACC0284,2023-08-27,1667.48,Debit,MERCH075,LOC001,DEV054,UPI,Failed,0
TXN02215,CUST0300,ACC0300,2023-07-03,9399.66,Credit,MERCH035,LOC012,DEV174,UPI,Success,0
TXN02216,CUST0204,ACC0204,2023-10-03,24798.01,Debit,MERCH070,LOC002,DEV019,UPI,Failed,0
TXN02217,CUST0231,ACC0231,2024-04-20,44182.73,Debit,MERCH025,LOC029,DEV200,UPI,Success,0
TXN02218,CUST0021,ACC0021,2023-12-17,34278.28,Debit,MERCH053,LOC030,DEV047,UPI,Success,0
TXN02219,CUST0130,ACC0130,2023-10-14,18867.92,Debit,MERCH021,LOC037,DEV072,UPI,Failed,0
TXN02220,CUST0401,ACC0401,2024-03-30,21689.9,Debit,MERCH005,LOC048,DEV102,UPI,Success,0
TXN02221,CUST0388,ACC0388,2023-11-29,13042.47,Debit,MERCH078,LOC015,DEV189,UPI,Success,0
TXN02222,CUST0310,ACC0310,2023-08-19,6404.67,Credit,MERCH012,LOC011,DEV147,UPI,Success,0
TXN02223,CUST0061,ACC0061,2024-02-01,11149.32,Debit,MERCH008,LOC009,DEV111,UPI,Failed,0
TXN02224,CUST0368,ACC0368,2024-03-05,22655.5,Debit,MERCH022,LOC036,DEV165,Card,Failed,0
TXN02225,CUST0156,ACC0156,2023-12-31,48862.66,Credit,MERCH081,LOC038,DEV096,NetBanking,Success,0
TXN02226,CUST0012,ACC0012,2024-04-08,36153.16,Credit,MERCH054,LOC048,DEV127,NetBanking,Success,0
TXN02227,CUST0187,ACC0187,2024-02-27,42332.05,Debit,MERCH086,LOC046,DEV027,UPI,Success,0
TXN02228,CUST0290,ACC0290,2023-06-25,29771.34,Debit,MERCH100,LOC020,DEV061,UPI,Success,0
TXN02229,CUST0318,ACC0318,2023-02-03,14010.67,Debit,MERCH021,LOC023,DEV050,NetBanking,Success,0
TXN02230,CUST0127,ACC0127,2023-07-31,8706.99,Debit,MERCH020,LOC024,DEV167,UPI,Success,0
TXN02231,CUST0413,ACC0413,2023-12-06,17235.42,Debit,MERCH037,LOC022,DEV184,UPI,Success,0
TXN02232,CUST0350,ACC0350,2023-02-04,11340.51,Debit,MERCH097,LOC050,DEV063,Card,Success,0
TXN02233,CUST0099,ACC0099,2023-06-16,14762.44,Credit,MERCH017,LOC001,DEV138,UPI,Success,0
TXN02234,CUST0014,ACC0014,2023-12-22,28238.32,Debit,MERCH035,LOC049,DEV070,NetBanking,Success,0
TXN02235,CUST0047,ACC0047,2023-06-15,43991.21,Credit,MERCH051,LOC021,DEV157,UPI,Success,0
TXN02236,CUST0308,ACC0308,2024-09-21,6738.17,Debit,MERCH064,LOC026,DEV051,UPI,Success,0
TXN02237,CUST0039,ACC0039,2024-05-07,23016.3,Debit,MERCH002,LOC025,DEV047,NetBanking,Success,0
TXN02238,CUST0305,ACC0305,2023-10-02,32063.82,Debit,MERCH044,LOC040,DEV026,NetBanking,Failed,0
TXN02239,CUST0301,ACC0301,2023-05-16,9081.53,Debit,MERCH048,LOC015,DEV185,Card,Success,0
TXN02240,CUST0206,ACC0206,2023-05-12,47210.5,Credit,MERCH066,LOC041,DEV103,Card,Success,0
TXN02241,CUST0129,ACC0129,2024-01-28,5189.14,Debit,MERCH016,LOC029,DEV197,UPI,Failed,0
TXN02242,CUST0118,ACC0118,2023-01-28,275.25,Debit,MERCH018,LOC018,DEV016,NetBanking,Success,0
TXN02243,CUST0098,ACC0098,2023-06-20,35272.27,Debit,MERCH046,LOC001,DEV082,UPI,Success,0
TXN02244,CUST0049,ACC0049,2023-10-05,10533.69,Debit,MERCH086,LOC004,DEV133,UPI,Success,0
TXN02245,CUST0436,ACC0436,2024-03-28,24281.47,Credit,MERCH078,LOC009,DEV096,NetBanking,Success,0
TXN02246,CUST0355,ACC0355,2023-09-15,43005.48,Debit,MERCH033,LOC041,DEV173,UPI,Success,0
TXN02247,CUST0165,ACC0165,2024-12-18,46591.95,Debit,MERCH070,LOC031,DEV127,UPI,Success,0
TXN02248,CUST0022,ACC0022,2024-03-17,24660.83,Debit,MERCH097,LOC011,DEV151,Card,Success,0
TXN02249,CUST0302,ACC0302,2024-07-25,21528.42,Debit,MERCH060,LOC046,DEV139,UPI,Success,0
TXN02250,CUST0341,ACC0341,2023-10-24,48003.75,Debit,MERCH046,LOC048,DEV135,Card,Success,0
TXN02251,CUST0272,ACC0272,2023-07-16,41485.64,Debit,MERCH091,LOC031,DEV035,NetBanking,Success,0
TXN02252,CUST0208,ACC0208,2023-06-26,948.57,Debit,MERCH062,LOC009,DEV169,NetBanking,Failed,0
TXN02253,CUST0300,ACC0300,2023-06-22,18152.51,Debit,MERCH075,LOC026,DEV044,UPI,Success,0
TXN02254,CUST0285,ACC0285,2023-06-12,8672.04,Debit,MERCH046,LOC047,DEV170,Card,Success,0
TXN02255,CUST0479,ACC0479,2024-10-12,20316.46,Credit,MERCH025,LOC038,DEV195,Card,Success,0
TXN02256,CUST0129,ACC0129,2023-07-04,32323.65,Debit,MERCH036,LOC006,DEV074,UPI,Success,0
TXN02257,CUST0292,ACC0292,2024-08-10,8791.41,Debit,MERCH051,LOC011,DEV178,UPI,Failed,0
TXN02258,CUST0228,ACC0228,2023-02-10,6762.22,Debit,MERCH044,LOC004,DEV149,Card,Success,0
TXN02259,CUST0185,ACC0185,2024-03-16,9750.56,Credit,MERCH003,LOC046,DEV060,UPI,Success,0
TXN02260,CUST0315,ACC0315,2023-03-18,2542.62,Debit,MERCH026,LOC035,DEV159,UPI,Success,0
TXN02261,CUST0091,ACC0091,2023-05-18,8058.09,Debit,MERCH029,LOC025,DEV002,Card,Success,0
TXN02262,CUST0356,ACC0356,2023-02-17,21022.61,Debit,MERCH063,LOC043,DEV010,UPI,Failed,0
TXN02263,CUST0165,ACC0165,2024-02-14,14085.28,Credit,MERCH056,LOC009,DEV101,UPI,Success,0
TXN02264,CUST0145,ACC0145,2023-08-12,35450.14,Debit,MERCH030,LOC030,DEV045,Card,Success,0
TXN02265,CUST0103,ACC0103,2023-10-05,21211.78,Credit,MERCH087,LOC008,DEV053,Card,Success,0
TXN02266,CUST0445,ACC0445,2023-07-22,39335.71,Debit,MERCH012,LOC028,DEV077,UPI,Success,0
TXN02267,CUST0071,ACC0071,2023-07-24,35785.04,Debit,MERCH037,LOC008,DEV192,Card,Success,0
TXN02268,CUST0101,ACC0101,2024-04-15,8974.92,Credit,MERCH054,LOC049,DEV009,Card,Success,0
TXN02269,CUST0217,ACC0217,2024-12-10,10460.99,Debit,MERCH006,LOC018,DEV110,Card,Success,0
TXN02270,CUST0415,ACC0415,2023-03-13,23695.4,Debit,MERCH003,LOC006,DEV127,Card,Failed,0
TXN02271,CUST0318,ACC0318,2024-09-22,28253.37,Debit,MERCH022,LOC019,DEV144,UPI,Success,0
TXN02272,CUST0113,ACC0113,2024-03-31,15417.24,Debit,MERCH022,LOC015,DEV069,Card,Failed,0
TXN02273,CUST0177,ACC0177,2024-03-14,39056.19,Credit,MERCH098,LOC001,DEV043,UPI,Success,0
TXN02274,CUST0184,ACC0184,2023-10-28,38646.91,Debit,MERCH098,LOC009,DEV108,Card,Failed,0
TXN02275,CUST0287,ACC0287,2024-08-04,2121.05,Debit,MERCH094,LOC046,DEV069,Card,Success,0
TXN02276,CUST0033,ACC0033,2024-10-30,653.79,Debit,MERCH044,LOC041,DEV081,UPI,Success,0
TXN02277,CUST0247,ACC0247,2023-10-02,8760.33,Debit,MERCH076,LOC039,DEV005,Card,Success,0
TXN02278,CUST0428,ACC0428,2023-02-03,29098.47,Credit,MERCH055,LOC004,DEV079,UPI,Success,0
TXN02279,CUST0251,ACC0251,2024-10-25,31772.8,Debit,MERCH067,LOC017,DEV071,UPI,Success,0
TXN02280,CUST0109,ACC0109,2024-04-13,2608.91,Debit,MERCH084,LOC023,DEV107,Card,Failed,0
TXN02281,CUST0132,ACC0132,2024-02-29,42461.53,Credit,MERCH009,LOC024,DEV169,UPI,Success,0
TXN02282,CUST0153,ACC0153,2024-12-11,4402.04,Debit,MERCH061,LOC045,DEV043,Card,Success,0
TXN02283,CUST0296,ACC0296,2023-04-23,604.09,Debit,MERCH059,LOC042,DEV144,NetBanking,Success,0
TXN02284,CUST0198,ACC0198,2023-01-21,14538.29,Debit,MERCH097,LOC028,DEV009,UPI,Failed,0
TXN02285,CUST0173,ACC0173,2023-02-07,11433.29,Credit,MERCH076,LOC033,DEV063,UPI,Success,0
TXN02286,CUST0109,ACC0109,2023-01-28,19848.08,Debit,MERCH061,LOC045,DEV031,Card,Success,0
TXN02287,CUST0281,ACC0281,2023-05-19,9192.67,Credit,MERCH061,LOC037,DEV165,UPI,Failed,0
TXN02288,CUST0144,ACC0144,2023-03-25,30734.7,Credit,MERCH043,LOC014,DEV129,NetBanking,Failed,0
TXN02289,CUST0390,ACC0390,2023-12-04,33828.83,Credit,MERCH097,LOC014,DEV147,UPI,Failed,0
TXN02290,CUST0213,ACC0213,2023-07-29,15268.76,Credit,MERCH004,LOC048,DEV081,UPI,Failed,0
TXN02291,CUST0409,ACC0409,2024-10-14,16166.51,Debit,MERCH016,LOC045,DEV117,UPI,Success,0
TXN02292,CUST0031,ACC0031,2023-09-26,32413.19,Credit,MERCH052,LOC044,DEV186,NetBanking,Success,0
TXN02293,CUST0227,ACC0227,2023-01-31,20386.39,Debit,MERCH052,LOC049,DEV042,UPI,Success,0
TXN02294,CUST0296,ACC0296,2024-11-23,44820.86,Credit,MERCH075,LOC038,DEV046,UPI,Success,0
TXN02295,CUST0393,ACC0393,2024-06-05,41973.31,Debit,MERCH016,LOC036,DEV040,UPI,Failed,0
TXN02296,CUST0215,ACC0215,2024-12-20,16176.77,Debit,MERCH012,LOC030,DEV189,UPI,Failed,0
TXN02297,CUST0469,ACC0469,2023-01-07,26717.98,Debit,MERCH038,LOC011,DEV008,Card,Success,0
TXN02298,CUST0106,ACC0106,2024-12-13,29588.35,Debit,MERCH039,LOC044,DEV164,UPI,Success,0
TXN02299,CUST0308,ACC0308,2024-12-09,1012.92,Debit,MERCH058,LOC002,DEV098,Card,Failed,0
TXN02300,CUST0307,ACC0307,2023-07-03,3222.29,Credit,MERCH034,LOC039,DEV136,Card,Success,1
TXN02301,CUST0084,ACC0084,2023-10-06,11638.41,Debit,MERCH090,LOC010,DEV178,NetBanking,Success,0
TXN02302,CUST0348,ACC0348,2023-03-19,23322.13,Debit,MERCH061,LOC033,DEV002,NetBanking,Failed,0
TXN02303,CUST0198,ACC0198,2024-10-11,18876.41,Debit,MERCH083,LOC034,DEV149,Card,Success,0
TXN02304,CUST0443,ACC0443,2023-02-23,5192.66,Debit,MERCH026,LOC029,DEV199,Card,Success,0
TXN02305,CUST0024,ACC0024,2023-04-28,23823.9,Debit,MERCH081,LOC020,DEV011,NetBanking,Failed,0
TXN02306,CUST0229,ACC0229,2023-02-19,10219.17,Debit,MERCH052,LOC010,DEV136,NetBanking,Success,0
TXN02307,CUST0085,ACC0085,2024-09-07,47296.17,Debit,MERCH068,LOC021,DEV193,NetBanking,Success,0
TXN02308,CUST0485,ACC0485,2023-01-31,33042.64,Credit,MERCH085,LOC038,DEV087,UPI,Success,0
TXN02309,CUST0488,ACC0488,2024-08-01,9233.34,Debit,MERCH070,LOC001,DEV109,Card,Success,0
TXN02310,CUST0480,ACC0480,2024-08-29,34286.88,Credit,MERCH061,LOC026,DEV101,NetBanking,Success,0
TXN02311,CUST0068,ACC0068,2023-01-16,27895.59,Debit,MERCH016,LOC030,DEV015,NetBanking,Success,0
TXN02312,CUST0326,ACC0326,2023-06-29,49713.56,Debit,MERCH028,LOC021,DEV153,Card,Success,0
TXN02313,CUST0196,ACC0196,2024-10-07,32565.49,Debit,MERCH001,LOC006,DEV046,Card,Failed,0
TXN02314,CUST0006,ACC0006,2023-10-30,40534.8,Debit,MERCH048,LOC014,DEV105,UPI,Success,0
TXN02315,CUST0306,ACC0306,2023-01-20,29299.07,Debit,MERCH047,LOC016,DEV003,UPI,Failed,0
TXN02316,CUST0094,ACC0094,2024-07-18,45478.16,Credit,MERCH091,LOC004,DEV064,NetBanking,Failed,0
TXN02317,CUST0313,ACC0313,2024-01-21,32468.81,Debit,MERCH038,LOC016,DEV097,Card,Success,0
TXN02318,CUST0163,ACC0163,2023-05-17,42230.86,Debit,MERCH090,LOC049,DEV109,Card,Success,0
TXN02319,CUST0131,ACC0131,2024-05-28,37707.27,Credit,MERCH036,LOC044,DEV005,NetBanking,Success,0
TXN02320,CUST0498,ACC0498,2023-09-06,43691.51,Debit,MERCH092,LOC037,DEV116,Card,Success,0
TXN02321,CUST0256,ACC0256,2023-09-12,25912.65,Credit,MERCH020,LOC013,DEV033,Card,Failed,0
TXN02322,CUST0119,ACC0119,2024-03-14,1970.1,Credit,MERCH037,LOC038,DEV019,Card,Failed,0
TXN02323,CUST0067,ACC0067,2024-01-17,29094.77,Credit,MERCH007,LOC017,DEV048,NetBanking,Success,0
TXN02324,CUST0310,ACC0310,2024-06-21,19378.23,Credit,MERCH054,LOC026,DEV019,UPI,Success,1
TXN02325,CUST0495,ACC0495,2024-04-09,47433.95,Credit,MERCH045,LOC025,DEV157,NetBanking,Success,0
TXN02326,CUST0303,ACC0303,2024-09-07,32882.35,Debit,MERCH071,LOC048,DEV123,UPI,Success,0
TXN02327,CUST0443,ACC0443,2024-02-14,27821.1,Credit,MERCH079,LOC012,DEV096,Card,Failed,0
TXN02328,CUST0470,ACC0470,2024-03-20,667.25,Debit,MERCH007,LOC034,DEV065,UPI,Success,0
TXN02329,CUST0459,ACC0459,2024-09-14,40664.27,Debit,MERCH096,LOC013,DEV196,UPI,Success,0
TXN02330,CUST0307,ACC0307,2023-03-28,7780.16,Credit,MERCH009,LOC019,DEV077,UPI,Success,1
TXN02331,CUST0026,ACC0026,2024-10-30,48945.49,Credit,MERCH093,LOC048,DEV018,Card,Success,0
TXN02332,CUST0490,ACC0490,2023-11-09,37072.5,Debit,MERCH073,LOC005,DEV056,UPI,Success,0
TXN02333,CUST0154,ACC0154,2023-05-02,883.3,Credit,MERCH082,LOC035,DEV121,NetBanking,Success,0
TXN02334,CUST0068,ACC0068,2023-02-03,29592.26,Credit,MERCH050,LOC020,DEV041,NetBanking,Success,0
TXN02335,CUST0381,ACC0381,2024-11-14,46994.09,Debit,MERCH091,LOC042,DEV039,UPI,Success,0
TXN02336,CUST0029,ACC0029,2024-06-15,9173.44,Debit,MERCH063,LOC028,DEV110,Card,Success,0
TXN02337,CUST0312,ACC0312,2023-04-15,31138.14,Credit,MERCH073,LOC050,DEV140,Card,Success,0
TXN02338,CUST0472,ACC0472,2023-02-04,32469.3,Credit,MERCH011,LOC031,DEV169,Card,Success,0
TXN02339,CUST0187,ACC0187,2023-09-09,31415.98,Credit,MERCH053,LOC007,DEV135,UPI,Failed,0
TXN02340,CUST0221,ACC0221,2024-08-08,16693.62,Debit,MERCH001,LOC020,DEV064,Card,Success,0
TXN02341,CUST0408,ACC0408,2023-11-11,24563.09,Debit,MERCH010,LOC043,DEV050,UPI,Success,0
TXN02342,CUST0247,ACC0247,2024-11-07,30952.71,Debit,MERCH063,LOC032,DEV051,Card,Success,0
TXN02343,CUST0329,ACC0329,2023-06-23,3710.07,Debit,MERCH097,LOC037,DEV196,Card,Success,0
TXN02344,CUST0340,ACC0340,2023-07-03,48301.61,Debit,MERCH067,LOC031,DEV050,UPI,Success,0
TXN02345,CUST0108,ACC0108,2024-04-15,2063.72,Debit,MERCH040,LOC018,DEV115,Card,Success,0
TXN02346,CUST0147,ACC0147,2024-07-17,30466.24,Credit,MERCH004,LOC029,DEV192,Card,Failed,0
TXN02347,CUST0491,ACC0491,2024-07-01,20828.34,Debit,MERCH001,LOC045,DEV121,UPI,Success,0
TXN02348,CUST0212,ACC0212,2023-11-26,3857.01,Debit,MERCH081,LOC003,DEV177,NetBanking,Failed,0
TXN02349,CUST0286,ACC0286,2024-01-01,4536.93,Debit,MERCH046,LOC025,DEV050,UPI,Success,0
TXN02350,CUST0498,ACC0498,2023-09-19,1900.12,Debit,MERCH070,LOC048,DEV021,UPI,Success,0
TXN02351,CUST0374,ACC0374,2023-04-08,16082.0,Debit,MERCH080,LOC026,DEV172,Card,Success,0
TXN02352,CUST0188,ACC0188,2023-09-12,30133.75,Credit,MERCH061,LOC001,DEV013,UPI,Success,0
TXN02353,CUST0146,ACC0146,2023-01-12,29412.22,Debit,MERCH016,LOC035,DEV071,UPI,Success,0
TXN02354,CUST0010,ACC0010,2023-09-12,30230.14,Debit,MERCH070,LOC002,DEV175,NetBanking,Success,0
TXN02355,CUST0108,ACC0108,2024-08-25,19161.82,Debit,MERCH070,LOC036,DEV103,UPI,Success,0
TXN02356,CUST0351,ACC0351,2023-10-13,31435.68,Credit,MERCH042,LOC011,DEV156,UPI,Success,0
TXN02357,CUST0358,ACC0358,2023-12-13,4572.62,Debit,MERCH091,LOC039,DEV053,Card,Failed,0
TXN02358,CUST0444,ACC0444,2023-07-28,36132.63,Credit,MERCH025,LOC039,DEV120,Card,Success,0
TXN02359,CUST0154,ACC0154,2023-09-27,42507.71,Debit,MERCH063,LOC003,DEV130,NetBanking,Failed,0
TXN02360,CUST0369,ACC0369,2024-09-11,27941.54,Debit,MERCH092,LOC008,DEV154,UPI,Success,0
TXN02361,CUST0359,ACC0359,2024-09-21,4678.19,Debit,MERCH088,LOC010,DEV100,Card,Success,0
TXN02362,CUST0194,ACC0194,2023-04-13,4857.61,Debit,MERCH044,LOC011,DEV103,NetBanking,Success,0
TXN02363,CUST0124,ACC0124,2023-07-10,32924.07,Credit,MERCH059,LOC044,DEV173,UPI,Success,0
TXN02364,CUST0082,ACC0082,2023-05-31,953.57,Credit,MERCH035,LOC024,DEV183,UPI,Success,0
TXN02365,CUST0143,ACC0143,2023-10-31,24038.37,Debit,MERCH097,LOC005,DEV075,UPI,Success,0
TXN02366,CUST0200,ACC0200,2023-03-17,41152.57,Debit,MERCH054,LOC032,DEV100,NetBanking,Success,0
TXN02367,CUST0209,ACC0209,2023-05-16,43645.34,Debit,MERCH074,LOC025,DEV001,UPI,Success,0
TXN02368,CUST0187,ACC0187,2023-08-26,48812.34,Credit,MERCH039,LOC002,DEV034,UPI,Success,0
TXN02369,CUST0192,ACC0192,2024-05-12,40657.08,Debit,MERCH067,LOC026,DEV013,Card,Success,0
TXN02370,CUST0170,ACC0170,2023-02-23,19698.87,Credit,MERCH031,LOC028,DEV003,UPI,Failed,0
TXN02371,CUST0190,ACC0190,2023-02-15,6506.82,Debit,MERCH035,LOC001,DEV160,NetBanking,Failed,0
TXN02372,CUST0280,ACC0280,2024-08-24,6078.12,Debit,MERCH008,LOC048,DEV061,UPI,Success,0
TXN02373,CUST0328,ACC0328,2023-01-30,7200.96,Debit,MERCH089,LOC013,DEV197,UPI,Success,0
TXN02374,CUST0483,ACC0483,2024-04-16,37860.96,Credit,MERCH015,LOC037,DEV167,NetBanking,Success,0
TXN02375,CUST0423,ACC0423,2023-07-11,48460.33,Debit,MERCH006,LOC009,DEV119,UPI,Failed,0
TXN02376,CUST0179,ACC0179,2024-05-19,46725.52,Debit,MERCH076,LOC009,DEV012,Card,Success,0
TXN02377,CUST0164,ACC0164,2023-10-20,37370.97,Debit,MERCH029,LOC033,DEV024,NetBanking,Success,0
TXN02378,CUST0064,ACC0064,2024-07-24,863.68,Debit,MERCH045,LOC041,DEV090,NetBanking,Failed,0
TXN02379,CUST0272,ACC0272,2023-08-05,14205.51,Debit,MERCH052,LOC011,DEV043,Card,Failed,0
TXN02380,CUST0306,ACC0306,2024-12-03,18581.18,Credit,MERCH007,LOC021,DEV180,UPI,Failed,0
TXN02381,CUST0209,ACC0209,2024-01-25,652.98,Debit,MERCH018,LOC020,DEV139,Card,Failed,0
TXN02382,CUST0217,ACC0217,2023-02-01,22409.87,Credit,MERCH052,LOC002,DEV034,Card,Success,0
TXN02383,CUST0101,ACC0101,2023-12-28,39998.86,Debit,MERCH048,LOC013,DEV175,UPI,Success,1
TXN02384,CUST0003,ACC0003,2023-03-11,22088.89,Credit,MERCH013,LOC021,DEV109,UPI,Failed,0
TXN02385,CUST0028,ACC0028,2023-12-22,26351.64,Debit,MERCH033,LOC020,DEV020,NetBanking,Success,0
TXN02386,CUST0108,ACC0108,2023-09-09,29556.99,Credit,MERCH049,LOC017,DEV188,Card,Success,0
TXN02387,CUST0382,ACC0382,2024-01-10,10729.02,Credit,MERCH059,LOC008,DEV147,Card,Success,0
TXN02388,CUST0478,ACC0478,2023-03-23,37935.64,Credit,MERCH096,LOC020,DEV184,NetBanking,Failed,0
TXN02389,CUST0208,ACC0208,2024-08-17,10779.66,Credit,MERCH025,LOC021,DEV183,Card,Success,0
TXN02390,CUST0311,ACC0311,2024-05-21,13228.97,Credit,MERCH071,LOC001,DEV096,NetBanking,Failed,0
TXN02391,CUST0352,ACC0352,2024-04-24,2506.34,Debit,MERCH061,LOC047,DEV023,UPI,Failed,0
TXN02392,CUST0278,ACC0278,2023-09-29,12255.81,Debit,MERCH078,LOC024,DEV111,UPI,Success,0
TXN02393,CUST0251,ACC0251,2023-09-05,10889.84,Credit,MERCH018,LOC014,DEV145,UPI,Success,0
TXN02394,CUST0441,ACC0441,2024-02-19,14490.34,Debit,MERCH098,LOC011,DEV102,UPI,Success,0
TXN02395,CUST0479,ACC0479,2024-04-16,18834.3,Debit,MERCH061,LOC016,DEV160,NetBanking,Success,0
TXN02396,CUST0478,ACC0478,2024-12-27,8014.71,Debit,MERCH031,LOC044,DEV047,NetBanking,Success,0
TXN02397,CUST0012,ACC0012,2024-08-12,4741.34,Debit,MERCH079,LOC013,DEV059,UPI,Failed,0
TXN02398,CUST0390,ACC0390,2023-06-29,25837.47,Debit,MERCH064,LOC043,DEV019,Card,Success,0
TXN02399,CUST0310,ACC0310,2024-08-28,26287.3,Debit,MERCH043,LOC021,DEV022,NetBanking,Failed,0
TXN02400,CUST0169,ACC0169,2023-10-03,34517.68,Credit,MERCH057,LOC021,DEV112,UPI,Success,0
TXN02401,CUST0292,ACC0292,2024-12-07,30487.12,Debit,MERCH001,LOC046,DEV101,UPI,Success,0
TXN02402,CUST0404,ACC0404,2023-10-19,49234.83,Debit,MERCH056,LOC041,DEV186,UPI,Success,0
TXN02403,CUST0399,ACC0399,2023-06-04,45684.87,Credit,MERCH060,LOC014,DEV053,Card,Failed,0
TXN02404,CUST0481,ACC0481,2023-03-19,20737.67,Debit,MERCH052,LOC020,DEV187,NetBanking,Failed,0
TXN02405,CUST0245,ACC0245,2023-01-29,46279.38,Debit,MERCH007,LOC016,DEV097,Card,Success,0
TXN02406,CUST0409,ACC0409,2023-02-05,16786.15,Debit,MERCH037,LOC006,DEV187,Card,Success,0
TXN02407,CUST0422,ACC0422,2023-02-08,32033.64,Debit,MERCH035,LOC002,DEV173,Card,Success,0
TXN02408,CUST0332,ACC0332,2024-03-20,23688.48,Debit,MERCH059,LOC027,DEV036,Card,Failed,0
TXN02409,CUST0191,ACC0191,2024-08-05,46303.89,Debit,MERCH032,LOC046,DEV104,Card,Success,0
TXN02410,CUST0098,ACC0098,2024-06-04,33134.87,Credit,MERCH094,LOC005,DEV073,Card,Success,0
TXN02411,CUST0294,ACC0294,2024-04-03,13399.93,Credit,MERCH028,LOC038,DEV179,NetBanking,Success,0
TXN02412,CUST0395,ACC0395,2024-08-07,33985.59,Debit,MERCH091,LOC033,DEV110,NetBanking,Success,0
TXN02413,CUST0018,ACC0018,2024-08-26,37017.64,Debit,MERCH077,LOC045,DEV170,Card,Success,0
TXN02414,CUST0107,ACC0107,2023-05-27,41186.13,Debit,MERCH096,LOC015,DEV152,Card,Success,0
TXN02415,CUST0132,ACC0132,2024-01-26,5116.39,Debit,MERCH014,LOC022,DEV158,UPI,Success,0
TXN02416,CUST0148,ACC0148,2024-07-29,46642.64,Debit,MERCH010,LOC012,DEV176,UPI,Success,1
TXN02417,CUST0231,ACC0231,2024-03-23,37078.56,Debit,MERCH068,LOC046,DEV078,UPI,Success,0
TXN02418,CUST0481,ACC0481,2024-05-24,15043.55,Debit,MERCH092,LOC030,DEV192,UPI,Failed,0
TXN02419,CUST0259,ACC0259,2024-12-13,24610.17,Debit,MERCH068,LOC042,DEV140,NetBanking,Success,0
TXN02420,CUST0333,ACC0333,2024-05-09,2937.54,Debit,MERCH007,LOC025,DEV179,NetBanking,Success,0
TXN02421,CUST0040,ACC0040,2023-07-24,34910.5,Debit,MERCH040,LOC030,DEV192,Card,Failed,0
TXN02422,CUST0295,ACC0295,2024-09-05,26847.18,Credit,MERCH042,LOC033,DEV110,Card,Success,0
TXN02423,CUST0352,ACC0352,2024-03-30,31195.43,Credit,MERCH070,LOC016,DEV001,NetBanking,Success,0
TXN02424,CUST0439,ACC0439,2024-09-27,42911.1,Debit,MERCH016,LOC004,DEV140,Card,Success,0
TXN02425,CUST0031,ACC0031,2024-08-10,44008.84,Debit,MERCH052,LOC009,DEV002,Card,Failed,0
TXN02426,CUST0051,ACC0051,2024-03-04,16166.44,Credit,MERCH036,LOC022,DEV128,Card,Failed,0
TXN02427,CUST0341,ACC0341,2024-06-19,47353.75,Debit,MERCH046,LOC007,DEV045,Card,Success,0
TXN02428,CUST0131,ACC0131,2024-04-26,21576.12,Debit,MERCH058,LOC022,DEV134,UPI,Success,0
TXN02429,CUST0403,ACC0403,2024-02-29,40427.41,Debit,MERCH054,LOC025,DEV091,UPI,Success,0
TXN02430,CUST0131,ACC0131,2023-11-29,5370.24,Debit,MERCH099,LOC033,DEV151,UPI,Success,0
TXN02431,CUST0314,ACC0314,2024-04-28,46651.02,Debit,MERCH053,LOC035,DEV110,UPI,Success,0
TXN02432,CUST0009,ACC0009,2024-06-08,38787.8,Credit,MERCH058,LOC002,DEV063,Card,Success,0
TXN02433,CUST0210,ACC0210,2023-07-18,2326.81,Debit,MERCH028,LOC033,DEV165,NetBanking,Success,0
TXN02434,CUST0211,ACC0211,2023-03-04,8709.26,Debit,MERCH078,LOC050,DEV072,Card,Success,1
TXN02435,CUST0383,ACC0383,2023-03-12,10668.93,Debit,MERCH082,LOC005,DEV156,NetBanking,Failed,0
TXN02436,CUST0244,ACC0244,2024-09-02,24265.31,Credit,MERCH044,LOC010,DEV143,NetBanking,Success,0
TXN02437,CUST0138,ACC0138,2023-04-23,10526.76,Debit,MERCH006,LOC030,DEV053,Card,Success,0
TXN02438,CUST0182,ACC0182,2024-01-22,37602.01,Debit,MERCH064,LOC041,DEV164,Card,Success,0
TXN02439,CUST0489,ACC0489,2023-08-17,28673.21,Debit,MERCH056,LOC001,DEV044,UPI,Success,0
TXN02440,CUST0368,ACC0368,2024-09-23,12586.18,Debit,MERCH046,LOC034,DEV154,UPI,Success,0
TXN02441,CUST0500,ACC0500,2023-05-24,16639.57,Debit,MERCH025,LOC020,DEV040,Card,Failed,0
TXN02442,CUST0021,ACC0021,2023-08-21,4863.63,Credit,MERCH037,LOC035,DEV112,Card,Failed,0
TXN02443,CUST0236,ACC0236,2024-01-07,30502.64,Debit,MERCH055,LOC048,DEV069,UPI,Success,0
TXN02444,CUST0466,ACC0466,2024-12-04,26157.91,Debit,MERCH097,LOC047,DEV034,UPI,Success,0
TXN02445,CUST0430,ACC0430,2024-09-12,16034.0,Credit,MERCH054,LOC011,DEV063,NetBanking,Success,0
TXN02446,CUST0332,ACC0332,2023-08-14,8457.35,Debit,MERCH049,LOC046,DEV160,Card,Success,0
TXN02447,CUST0388,ACC0388,2023-10-14,8329.03,Credit,MERCH027,LOC007,DEV114,Card,Success,0
TXN02448,CUST0099,ACC0099,2024-12-17,174.27,Debit,MERCH083,LOC044,DEV023,Card,Success,0
TXN02449,CUST0191,ACC0191,2023-04-05,49087.21,Debit,MERCH070,LOC033,DEV039,NetBanking,Failed,0
TXN02450,CUST0151,ACC0151,2023-05-31,44323.38,Debit,MERCH071,LOC038,DEV006,Card,Success,0
TXN02451,CUST0478,ACC0478,2024-03-06,46396.16,Debit,MERCH093,LOC010,DEV057,UPI,Failed,0
TXN02452,CUST0335,ACC0335,2024-04-30,5996.4,Debit,MERCH030,LOC031,DEV174,NetBanking,Success,0
TXN02453,CUST0424,ACC0424,2024-08-09,2877.87,Debit,MERCH092,LOC035,DEV161,Card,Success,0
TXN02454,CUST0327,ACC0327,2024-04-03,2828.66,Debit,MERCH058,LOC038,DEV083,NetBanking,Failed,0
TXN02455,CUST0361,ACC0361,2023-09-23,3576.54,Credit,MERCH041,LOC021,DEV052,Card,Failed,0
TXN02456,CUST0304,ACC0304,2024-06-21,3915.83,Debit,MERCH096,LOC014,DEV119,NetBanking,Failed,0
TXN02457,CUST0264,ACC0264,2023-03-09,17669.48,Debit,MERCH078,LOC004,DEV143,UPI,Failed,0
TXN02458,CUST0298,ACC0298,2023-11-06,18511.21,Credit,MERCH071,LOC014,DEV130,NetBanking,Success,0
TXN02459,CUST0135,ACC0135,2024-07-17,25610.74,Debit,MERCH003,LOC044,DEV123,Card,Success,0
TXN02460,CUST0205,ACC0205,2023-03-23,7589.34,Credit,MERCH081,LOC043,DEV155,NetBanking,Success,0
TXN02461,CUST0015,ACC0015,2024-10-09,42493.74,Debit,MERCH083,LOC035,DEV134,UPI,Success,0
TXN02462,CUST0330,ACC0330,2024-02-01,42374.36,Debit,MERCH063,LOC001,DEV103,UPI,Success,0
TXN02463,CUST0199,ACC0199,2024-09-02,1880.56,Debit,MERCH076,LOC009,DEV057,UPI,Failed,0
TXN02464,CUST0247,ACC0247,2023-05-31,29494.51,Credit,MERCH091,LOC033,DEV170,UPI,Success,0
TXN02465,CUST0477,ACC0477,2024-03-23,33084.58,Credit,MERCH041,LOC003,DEV108,NetBanking,Success,0
TXN02466,CUST0252,ACC0252,2023-12-02,23039.07,Credit,MERCH025,LOC022,DEV091,NetBanking,Success,0
TXN02467,CUST0354,ACC0354,2024-04-01,712.82,Credit,MERCH099,LOC011,DEV169,Card,Success,0
TXN02468,CUST0461,ACC0461,2023-08-12,5052.49,Debit,MERCH099,LOC021,DEV113,Card,Success,0
TXN02469,CUST0347,ACC0347,2023-02-03,17905.95,Credit,MERCH091,LOC018,DEV068,UPI,Success,0
TXN02470,CUST0023,ACC0023,2023-11-15,18413.84,Debit,MERCH040,LOC005,DEV079,NetBanking,Success,0
TXN02471,CUST0455,ACC0455,2024-05-09,47551.14,Debit,MERCH042,LOC004,DEV051,UPI,Success,0
TXN02472,CUST0206,ACC0206,2024-07-02,49524.48,Debit,MERCH100,LOC035,DEV155,UPI,Failed,0
TXN02473,CUST0039,ACC0039,2023-02-08,29159.83,Credit,MERCH069,LOC004,DEV037,Card,Failed,0
TXN02474,CUST0119,ACC0119,2024-10-16,48677.46,Debit,MERCH066,LOC019,DEV068,Card,Failed,0
TXN02475,CUST0211,ACC0211,2024-04-29,28746.52,Debit,MERCH055,LOC047,DEV110,Card,Success,0
TXN02476,CUST0489,ACC0489,2023-11-02,40729.46,Credit,MERCH079,LOC021,DEV123,UPI,Success,0
TXN02477,CUST0112,ACC0112,2024-05-25,25326.29,Debit,MERCH064,LOC024,DEV116,UPI,Success,0
TXN02478,CUST0362,ACC0362,2023-06-14,30090.93,Credit,MERCH051,LOC036,DEV199,UPI,Success,0
TXN02479,CUST0381,ACC0381,2023-08-02,35547.98,Debit,MERCH091,LOC043,DEV078,UPI,Success,0
TXN02480,CUST0329,ACC0329,2023-06-17,49796.69,Debit,MERCH049,LOC048,DEV096,UPI,Success,0
TXN02481,CUST0036,ACC0036,2024-07-17,17380.63,Debit,MERCH050,LOC002,DEV120,Card,Failed,0
TXN02482,CUST0467,ACC0467,2023-08-01,15029.56,Credit,MERCH094,LOC008,DEV089,Card,Success,0
TXN02483,CUST0381,ACC0381,2024-10-09,28636.48,Debit,MERCH063,LOC018,DEV190,NetBanking,Success,0
TXN02484,CUST0478,ACC0478,2024-09-16,5789.48,Credit,MERCH021,LOC011,DEV020,UPI,Success,0
TXN02485,CUST0263,ACC0263,2024-11-11,4747.46,Debit,MERCH013,LOC015,DEV196,NetBanking,Success,0
TXN02486,CUST0154,ACC0154,2023-10-08,33398.93,Debit,MERCH027,LOC045,DEV125,Card,Success,0
TXN02487,CUST0416,ACC0416,2024-04-05,14425.69,Debit,MERCH037,LOC043,DEV164,UPI,Failed,0
TXN02488,CUST0124,ACC0124,2023-07-26,38543.99,Debit,MERCH082,LOC023,DEV192,UPI,Failed,0
TXN02489,CUST0016,ACC0016,2024-08-11,36314.15,Credit,MERCH025,LOC027,DEV097,NetBanking,Success,0
TXN02490,CUST0232,ACC0232,2024-04-15,6199.56,Credit,MERCH056,LOC005,DEV001,Card,Failed,0
TXN02491,CUST0072,ACC0072,2023-11-17,37342.94,Debit,MERCH005,LOC009,DEV033,UPI,Success,0
TXN02492,CUST0069,ACC0069,2024-11-27,34962.47,Debit,MERCH027,LOC047,DEV113,UPI,Success,0
TXN02493,CUST0498,ACC0498,2024-03-09,27708.65,Credit,MERCH003,LOC007,DEV122,Card,Success,0
TXN02494,CUST0443,ACC0443,2024-04-08,30732.7,Debit,MERCH052,LOC008,DEV071,Card,Success,0
TXN02495,CUST0151,ACC0151,2023-01-28,30858.23,Debit,MERCH039,LOC026,DEV093,UPI,Success,0
TXN02496,CUST0223,ACC0223,2023-11-11,7048.62,Debit,MERCH032,LOC032,DEV193,Card,Success,0
TXN02497,CUST0066,ACC0066,2024-01-24,10948.35,Debit,MERCH079,LOC041,DEV086,NetBanking,Failed,0
TXN02498,CUST0183,ACC0183,2024-08-19,37908.78,Credit,MERCH049,LOC017,DEV024,UPI,Failed,0
TXN02499,CUST0153,ACC0153,2024-09-14,2296.81,Debit,MERCH096,LOC022,DEV088,UPI,Success,0
TXN02500,CUST0033,ACC0033,2023-08-02,41595.59,Debit,MERCH052,LOC031,DEV037,Card,Success,0
TXN02501,CUST0093,ACC0093,2024-06-30,45534.72,Debit,MERCH031,LOC015,DEV017,UPI,Success,0
TXN02502,CUST0130,ACC0130,2024-01-05,13835.87,Debit,MERCH038,LOC038,DEV051,UPI,Failed,0
TXN02503,CUST0077,ACC0077,2024-01-02,4685.11,Credit,MERCH076,LOC021,DEV055,Card,Failed,0
TXN02504,CUST0033,ACC0033,2023-05-18,43748.69,Debit,MERCH037,LOC016,DEV113,UPI,Success,0
TXN02505,CUST0254,ACC0254,2024-10-28,21800.56,Debit,MERCH048,LOC033,DEV014,UPI,Success,0
TXN02506,CUST0031,ACC0031,2023-04-13,36168.18,Credit,MERCH027,LOC038,DEV022,NetBanking,Success,0
TXN02507,CUST0167,ACC0167,2023-04-05,46919.02,Debit,MERCH062,LOC035,DEV106,Card,Failed,0
TXN02508,CUST0088,ACC0088,2024-10-08,5239.04,Credit,MERCH013,LOC003,DEV158,UPI,Success,0
TXN02509,CUST0344,ACC0344,2024-02-20,31561.55,Credit,MERCH098,LOC030,DEV014,Card,Success,0
TXN02510,CUST0209,ACC0209,2024-10-19,27418.4,Debit,MERCH075,LOC043,DEV051,UPI,Failed,0
TXN02511,CUST0126,ACC0126,2023-03-15,18645.77,Debit,MERCH005,LOC004,DEV048,Card,Success,1
TXN02512,CUST0100,ACC0100,2023-02-25,9291.72,Credit,MERCH089,LOC022,DEV179,NetBanking,Success,0
TXN02513,CUST0010,ACC0010,2024-11-22,16355.72,Debit,MERCH013,LOC019,DEV040,UPI,Success,0
TXN02514,CUST0014,ACC0014,2024-02-18,20472.44,Debit,MERCH041,LOC048,DEV151,UPI,Success,0
TXN02515,CUST0290,ACC0290,2023-05-26,1003.71,Credit,MERCH095,LOC034,DEV037,Card,Success,0
TXN02516,CUST0066,ACC0066,2023-05-19,42651.38,Debit,MERCH030,LOC038,DEV034,Card,Success,0
TXN02517,CUST0095,ACC0095,2024-11-11,8846.23,Credit,MERCH013,LOC043,DEV190,Card,Success,0
TXN02518,CUST0315,ACC0315,2023-02-17,42524.3,Debit,MERCH027,LOC015,DEV148,UPI,Success,0
TXN02519,CUST0052,ACC0052,2023-07-17,11429.85,Debit,MERCH015,LOC014,DEV041,UPI,Success,0
TXN02520,CUST0125,ACC0125,2024-09-04,12745.44,Debit,MERCH039,LOC012,DEV129,Card,Success,0
TXN02521,CUST0205,ACC0205,2023-11-02,38637.13,Credit,MERCH001,LOC012,DEV068,Card,Failed,0
TXN02522,CUST0299,ACC0299,2024-06-08,21530.92,Debit,MERCH094,LOC038,DEV092,UPI,Success,0
TXN02523,CUST0127,ACC0127,2024-03-23,37530.19,Debit,MERCH071,LOC041,DEV161,Card,Success,0
TXN02524,CUST0185,ACC0185,2023-07-01,31110.43,Debit,MERCH100,LOC006,DEV086,UPI,Failed,0
TXN02525,CUST0353,ACC0353,2023-07-01,49864.08,Debit,MERCH009,LOC018,DEV125,Card,Success,0
TXN02526,CUST0392,ACC0392,2024-02-04,48024.04,Debit,MERCH054,LOC027,DEV077,Card,Success,0
TXN02527,CUST0054,ACC0054,2023-09-30,23662.99,Debit,MERCH075,LOC045,DEV095,Card,Success,0
TXN02528,CUST0082,ACC0082,2023-10-23,43913.94,Credit,MERCH093,LOC021,DEV171,Card,Failed,0
TXN02529,CUST0120,ACC0120,2023-12-13,10458.5,Credit,MERCH099,LOC037,DEV142,NetBanking,Success,0
TXN02530,CUST0455,ACC0455,2023-12-14,37409.49,Debit,MERCH091,LOC049,DEV100,UPI,Success,0
TXN02531,CUST0253,ACC0253,2024-08-29,7579.19,Debit,MERCH011,LOC011,DEV165,UPI,Failed,0
TXN02532,CUST0235,ACC0235,2024-10-22,34907.22,Debit,MERCH028,LOC043,DEV074,Card,Success,0
TXN02533,CUST0211,ACC0211,2024-07-15,16459.75,Debit,MERCH013,LOC026,DEV188,Card,Success,0
TXN02534,CUST0276,ACC0276,2023-05-31,14836.95,Debit,MERCH046,LOC015,DEV173,Card,Success,0
TXN02535,CUST0485,ACC0485,2024-05-27,4210.96,Debit,MERCH012,LOC002,DEV063,Card,Failed,0
TXN02536,CUST0012,ACC0012,2024-05-24,40329.83,Debit,MERCH008,LOC031,DEV177,Card,Failed,0
TXN02537,CUST0086,ACC0086,2023-01-05,47152.09,Credit,MERCH071,LOC046,DEV005,Card,Failed,0
TXN02538,CUST0285,ACC0285,2023-05-24,19360.54,Debit,MERCH016,LOC019,DEV102,Card,Success,0
TXN02539,CUST0402,ACC0402,2023-07-21,29628.06,Credit,MERCH024,LOC021,DEV165,Card,Failed,0
TXN02540,CUST0143,ACC0143,2023-05-28,37445.83,Credit,MERCH052,LOC014,DEV049,UPI,Success,0
TXN02541,CUST0307,ACC0307,2023-04-22,23027.47,Debit,MERCH074,LOC017,DEV130,NetBanking,Success,0
TXN02542,CUST0434,ACC0434,2024-11-11,4042.2,Debit,MERCH090,LOC025,DEV184,UPI,Failed,0
TXN02543,CUST0150,ACC0150,2024-08-03,23035.22,Credit,MERCH087,LOC002,DEV106,NetBanking,Failed,0
TXN02544,CUST0350,ACC0350,2024-07-17,11248.61,Debit,MERCH050,LOC007,DEV044,Card,Success,1
TXN02545,CUST0180,ACC0180,2024-08-07,1425.62,Debit,MERCH005,LOC049,DEV194,Card,Success,0
TXN02546,CUST0042,ACC0042,2023-07-19,11359.75,Debit,MERCH086,LOC027,DEV124,Card,Success,0
TXN02547,CUST0337,ACC0337,2023-07-30,47852.02,Debit,MERCH073,LOC035,DEV177,Card,Success,0
TXN02548,CUST0136,ACC0136,2023-04-01,36432.1,Credit,MERCH077,LOC014,DEV010,UPI,Failed,0
TXN02549,CUST0038,ACC0038,2023-09-15,45440.05,Debit,MERCH002,LOC019,DEV149,UPI,Failed,0
TXN02550,CUST0336,ACC0336,2024-12-28,29536.23,Debit,MERCH084,LOC011,DEV010,UPI,Success,0
TXN02551,CUST0078,ACC0078,2024-06-26,28112.97,Credit,MERCH070,LOC003,DEV192,Card,Success,0
TXN02552,CUST0494,ACC0494,2023-03-16,43814.74,Debit,MERCH016,LOC050,DEV052,NetBanking,Success,0
TXN02553,CUST0133,ACC0133,2024-05-28,44771.17,Debit,MERCH008,LOC014,DEV082,Card,Success,0
TXN02554,CUST0102,ACC0102,2023-03-18,21302.08,Debit,MERCH076,LOC007,DEV053,Card,Failed,0
TXN02555,CUST0472,ACC0472,2024-07-10,19138.77,Debit,MERCH013,LOC045,DEV023,UPI,Failed,0
TXN02556,CUST0405,ACC0405,2024-05-22,5844.51,Debit,MERCH003,LOC009,DEV078,UPI,Success,0
TXN02557,CUST0464,ACC0464,2024-04-20,33466.89,Debit,MERCH016,LOC009,DEV137,UPI,Success,0
TXN02558,CUST0236,ACC0236,2024-10-09,14988.74,Credit,MERCH078,LOC014,DEV112,UPI,Success,0
TXN02559,CUST0244,ACC0244,2024-06-06,18456.69,Debit,MERCH025,LOC039,DEV019,Card,Failed,0
TXN02560,CUST0123,ACC0123,2024-07-21,39441.47,Debit,MERCH039,LOC040,DEV029,UPI,Failed,0
TXN02561,CUST0337,ACC0337,2024-01-24,6149.61,Debit,MERCH020,LOC008,DEV090,NetBanking,Success,0
TXN02562,CUST0146,ACC0146,2023-02-19,3852.95,Debit,MERCH007,LOC027,DEV153,UPI,Success,0
TXN02563,CUST0340,ACC0340,2024-03-19,48292.3,Credit,MERCH033,LOC023,DEV087,UPI,Success,0
TXN02564,CUST0086,ACC0086,2023-11-27,8816.24,Debit,MERCH082,LOC024,DEV073,Card,Success,1
TXN02565,CUST0250,ACC0250,2023-03-08,46715.15,Debit,MERCH078,LOC019,DEV130,Card,Success,0
TXN02566,CUST0292,ACC0292,2024-09-04,11084.24,Debit,MERCH081,LOC045,DEV188,UPI,Success,0
TXN02567,CUST0175,ACC0175,2024-03-19,22598.31,Debit,MERCH065,LOC019,DEV038,Card,Success,0
TXN02568,CUST0437,ACC0437,2023-07-08,22440.33,Credit,MERCH018,LOC049,DEV168,UPI,Success,0
TXN02569,CUST0186,ACC0186,2024-02-19,18379.57,Credit,MERCH085,LOC003,DEV022,Card,Success,0
TXN02570,CUST0151,ACC0151,2024-10-31,46053.02,Debit,MERCH049,LOC033,DEV166,UPI,Success,0
TXN02571,CUST0490,ACC0490,2024-03-07,43064.24,Debit,MERCH100,LOC007,DEV002,Card,Failed,0
TXN02572,CUST0002,ACC0002,2024-10-15,49024.25,Credit,MERCH098,LOC007,DEV125,Card,Success,0
TXN02573,CUST0070,ACC0070,2024-07-03,7078.89,Credit,MERCH093,LOC008,DEV032,Card,Success,0
TXN02574,CUST0180,ACC0180,2024-11-06,8108.82,Debit,MERCH072,LOC010,DEV073,UPI,Success,0
TXN02575,CUST0007,ACC0007,2024-07-02,13922.01,Debit,MERCH078,LOC038,DEV153,Card,Success,0
TXN02576,CUST0153,ACC0153,2023-02-02,114.38,Debit,MERCH015,LOC015,DEV096,UPI,Success,0
TXN02577,CUST0456,ACC0456,2023-04-15,35241.33,Debit,MERCH100,LOC021,DEV050,UPI,Success,0
TXN02578,CUST0164,ACC0164,2024-03-29,46385.9,Debit,MERCH056,LOC019,DEV031,UPI,Success,0
TXN02579,CUST0328,ACC0328,2024-12-18,46803.61,Credit,MERCH060,LOC034,DEV062,Card,Success,0
TXN02580,CUST0015,ACC0015,2023-05-11,46335.38,Debit,MERCH014,LOC040,DEV074,UPI,Success,0
TXN02581,CUST0466,ACC0466,2024-12-30,47163.95,Debit,MERCH098,LOC009,DEV196,UPI,Success,0
TXN02582,CUST0262,ACC0262,2023-04-08,46495.25,Debit,MERCH072,LOC027,DEV117,Card,Failed,0
TXN02583,CUST0148,ACC0148,2024-10-05,6488.2,Debit,MERCH087,LOC036,DEV157,UPI,Success,0
TXN02584,CUST0115,ACC0115,2023-01-24,19307.02,Credit,MERCH030,LOC030,DEV143,Card,Success,0
TXN02585,CUST0300,ACC0300,2023-04-29,33398.34,Debit,MERCH033,LOC016,DEV185,UPI,Failed,0
TXN02586,CUST0207,ACC0207,2024-09-02,28806.66,Debit,MERCH064,LOC024,DEV152,Card,Success,0
TXN02587,CUST0293,ACC0293,2023-11-10,34908.74,Debit,MERCH095,LOC001,DEV108,UPI,Success,0
TXN02588,CUST0309,ACC0309,2024-03-16,28343.61,Debit,MERCH067,LOC039,DEV140,UPI,Success,0
TXN02589,CUST0220,ACC0220,2023-01-16,18894.25,Credit,MERCH031,LOC015,DEV116,UPI,Success,0
TXN02590,CUST0388,ACC0388,2023-10-07,18594.17,Debit,MERCH041,LOC010,DEV114,UPI,Failed,0
TXN02591,CUST0213,ACC0213,2023-04-06,46325.85,Debit,MERCH071,LOC004,DEV036,Card,Success,0
TXN02592,CUST0184,ACC0184,2023-08-14,31769.16,Debit,MERCH052,LOC040,DEV158,NetBanking,Success,0
TXN02593,CUST0083,ACC0083,2024-10-17,30662.84,Debit,MERCH100,LOC032,DEV047,Card,Success,0
TXN02594,CUST0166,ACC0166,2023-01-10,26598.61,Debit,MERCH023,LOC014,DEV078,UPI,Success,0
TXN02595,CUST0263,ACC0263,2023-01-05,38351.28,Debit,MERCH091,LOC009,DEV079,Card,Failed,0
TXN02596,CUST0057,ACC0057,2023-12-05,17133.3,Debit,MERCH041,LOC030,DEV073,Card,Success,0
TXN02597,CUST0434,ACC0434,2024-08-21,46411.92,Debit,MERCH073,LOC025,DEV004,Card,Failed,0
TXN02598,CUST0084,ACC0084,2023-10-12,8268.88,Debit,MERCH028,LOC015,DEV169,Card,Success,0
TXN02599,CUST0074,ACC0074,2024-09-27,39751.67,Debit,MERCH029,LOC006,DEV083,NetBanking,Success,0
TXN02600,CUST0328,ACC0328,2024-07-04,46085.05,Credit,MERCH003,LOC009,DEV155,UPI,Success,0
TXN02601,CUST0223,ACC0223,2024-02-06,9231.86,Debit,MERCH021,LOC007,DEV125,NetBanking,Failed,0
TXN02602,CUST0152,ACC0152,2023-06-10,30031.93,Debit,MERCH060,LOC035,DEV197,UPI,Success,0
TXN02603,CUST0091,ACC0091,2023-05-03,17991.17,Debit,MERCH049,LOC039,DEV054,UPI,Failed,0
TXN02604,CUST0244,ACC0244,2023-01-06,19840.94,Debit,MERCH016,LOC015,DEV151,UPI,Success,0
TXN02605,CUST0081,ACC0081,2024-05-27,2305.63,Debit,MERCH006,LOC027,DEV025,NetBanking,Success,0
TXN02606,CUST0344,ACC0344,2024-08-22,2485.01,Debit,MERCH080,LOC015,DEV126,NetBanking,Success,0
TXN02607,CUST0310,ACC0310,2024-05-13,4283.39,Debit,MERCH024,LOC046,DEV149,UPI,Success,0
TXN02608,CUST0332,ACC0332,2023-12-16,21542.83,Debit,MERCH049,LOC046,DEV184,Card,Success,0
TXN02609,CUST0347,ACC0347,2023-10-15,35015.69,Debit,MERCH040,LOC001,DEV187,UPI,Success,0
TXN02610,CUST0231,ACC0231,2024-08-16,49875.17,Debit,MERCH100,LOC023,DEV187,UPI,Success,0
TXN02611,CUST0412,ACC0412,2023-08-11,6878.99,Debit,MERCH084,LOC041,DEV120,UPI,Failed,0
TXN02612,CUST0239,ACC0239,2024-07-01,38430.56,Debit,MERCH038,LOC029,DEV188,Card,Failed,0
TXN02613,CUST0148,ACC0148,2023-09-08,22224.7,Debit,MERCH079,LOC045,DEV027,UPI,Success,0
TXN02614,CUST0472,ACC0472,2023-03-24,33520.5,Credit,MERCH092,LOC028,DEV088,Card,Failed,0
TXN02615,CUST0030,ACC0030,2023-12-19,8880.92,Credit,MERCH074,LOC011,DEV142,Card,Success,0
TXN02616,CUST0045,ACC0045,2024-12-18,32417.75,Debit,MERCH085,LOC005,DEV185,Card,Failed,0
TXN02617,CUST0320,ACC0320,2023-03-03,7836.19,Debit,MERCH081,LOC036,DEV175,UPI,Success,0
TXN02618,CUST0475,ACC0475,2024-03-28,1250.82,Credit,MERCH018,LOC010,DEV051,Card,Success,0
TXN02619,CUST0351,ACC0351,2024-05-12,6199.05,Debit,MERCH049,LOC041,DEV133,Card,Success,0
TXN02620,CUST0369,ACC0369,2023-10-19,32373.72,Credit,MERCH011,LOC006,DEV074,Card,Success,0
TXN02621,CUST0434,ACC0434,2023-06-05,30333.39,Debit,MERCH096,LOC016,DEV117,UPI,Success,1
TXN02622,CUST0426,ACC0426,2023-12-11,38656.81,Debit,MERCH010,LOC014,DEV037,UPI,Success,0
TXN02623,CUST0133,ACC0133,2024-03-23,17261.75,Credit,MERCH079,LOC014,DEV033,NetBanking,Failed,0
TXN02624,CUST0498,ACC0498,2024-05-05,37760.54,Debit,MERCH071,LOC013,DEV175,NetBanking,Success,0
TXN02625,CUST0255,ACC0255,2024-02-27,17157.8,Debit,MERCH018,LOC003,DEV025,UPI,Success,0
TXN02626,CUST0051,ACC0051,2023-10-09,33381.58,Credit,MERCH055,LOC026,DEV075,UPI,Success,0
TXN02627,CUST0095,ACC0095,2024-03-17,22283.57,Debit,MERCH063,LOC012,DEV072,UPI,Success,0
TXN02628,CUST0162,ACC0162,2023-12-20,11069.34,Credit,MERCH041,LOC049,DEV099,UPI,Success,0
TXN02629,CUST0315,ACC0315,2024-04-25,48872.52,Credit,MERCH021,LOC011,DEV072,Card,Success,0
TXN02630,CUST0417,ACC0417,2024-08-14,14434.55,Debit,MERCH081,LOC009,DEV081,Card,Success,0
TXN02631,CUST0003,ACC0003,2024-02-28,28950.79,Credit,MERCH043,LOC008,DEV037,NetBanking,Success,0
TXN02632,CUST0420,ACC0420,2024-11-19,2759.12,Debit,MERCH054,LOC046,DEV127,Card,Failed,0
TXN02633,CUST0092,ACC0092,2024-09-03,47235.66,Debit,MERCH075,LOC050,DEV056,Card,Failed,0
TXN02634,CUST0132,ACC0132,2024-12-02,43872.92,Debit,MERCH039,LOC028,DEV169,UPI,Success,0
TXN02635,CUST0191,ACC0191,2023-01-05,9343.02,Debit,MERCH060,LOC036,DEV177,UPI,Failed,0
TXN02636,CUST0479,ACC0479,2024-12-17,33423.1,Debit,MERCH093,LOC037,DEV119,UPI,Success,0
TXN02637,CUST0440,ACC0440,2023-05-21,18710.34,Debit,MERCH027,LOC015,DEV167,NetBanking,Success,0
TXN02638,CUST0313,ACC0313,2024-06-26,6741.02,Credit,MERCH025,LOC029,DEV166,Card,Success,0
TXN02639,CUST0375,ACC0375,2023-06-09,34686.11,Debit,MERCH051,LOC032,DEV103,NetBanking,Success,0
TXN02640,CUST0393,ACC0393,2024-03-31,636.95,Credit,MERCH067,LOC028,DEV052,UPI,Success,0
TXN02641,CUST0003,ACC0003,2023-04-26,3414.81,Debit,MERCH007,LOC047,DEV174,UPI,Success,0
TXN02642,CUST0266,ACC0266,2023-10-27,25193.82,Debit,MERCH033,LOC050,DEV140,Card,Failed,0
TXN02643,CUST0105,ACC0105,2023-07-29,49642.92,Credit,MERCH087,LOC037,DEV098,UPI,Failed,0
TXN02644,CUST0012,ACC0012,2024-06-05,8360.96,Credit,MERCH093,LOC048,DEV164,NetBanking,Failed,0
TXN02645,CUST0044,ACC0044,2024-12-15,10381.93,Debit,MERCH037,LOC028,DEV154,UPI,Success,0
TXN02646,CUST0069,ACC0069,2023-01-25,28136.45,Credit,MERCH007,LOC008,DEV049,Card,Success,0
TXN02647,CUST0075,ACC0075,2023-09-25,31100.5,Debit,MERCH084,LOC001,DEV020,UPI,Success,0
TXN02648,CUST0056,ACC0056,2023-12-06,14624.09,Credit,MERCH068,LOC046,DEV177,UPI,Success,0
TXN02649,CUST0459,ACC0459,2024-12-26,32131.98,Debit,MERCH094,LOC033,DEV148,NetBanking,Success,0
TXN02650,CUST0328,ACC0328,2023-02-06,14327.77,Debit,MERCH031,LOC005,DEV090,UPI,Success,0
TXN02651,CUST0208,ACC0208,2024-01-30,44686.56,Debit,MERCH025,LOC034,DEV163,Card,Success,0
TXN02652,CUST0336,ACC0336,2023-04-16,13758.3,Credit,MERCH046,LOC033,DEV013,UPI,Success,0
TXN02653,CUST0101,ACC0101,2023-02-13,31242.05,Debit,MERCH067,LOC021,DEV098,UPI,Failed,0
TXN02654,CUST0145,ACC0145,2024-04-03,5543.99,Debit,MERCH078,LOC003,DEV040,Card,Success,0
TXN02655,CUST0455,ACC0455,2024-04-18,39525.98,Credit,MERCH014,LOC028,DEV024,UPI,Success,0
TXN02656,CUST0055,ACC0055,2024-01-10,25822.05,Credit,MERCH015,LOC006,DEV146,Card,Failed,0
TXN02657,CUST0293,ACC0293,2024-04-26,41338.76,Credit,MERCH092,LOC034,DEV052,Card,Success,0
TXN02658,CUST0340,ACC0340,2023-07-23,8033.58,Credit,MERCH004,LOC022,DEV138,UPI,Success,0
TXN02659,CUST0107,ACC0107,2024-01-19,9520.09,Debit,MERCH057,LOC046,DEV039,Card,Success,0
TXN02660,CUST0280,ACC0280,2024-01-14,12383.34,Debit,MERCH050,LOC026,DEV169,UPI,Success,0
TXN02661,CUST0073,ACC0073,2023-04-07,23432.82,Debit,MERCH043,LOC035,DEV069,Card,Success,0
TXN02662,CUST0476,ACC0476,2024-03-11,21416.46,Debit,MERCH100,LOC013,DEV002,Card,Success,0
TXN02663,CUST0078,ACC0078,2024-06-11,17081.57,Credit,MERCH050,LOC028,DEV152,UPI,Success,0
TXN02664,CUST0287,ACC0287,2024-10-24,11137.83,Debit,MERCH091,LOC004,DEV043,Card,Success,0
TXN02665,CUST0164,ACC0164,2023-05-09,43745.65,Debit,MERCH014,LOC016,DEV002,Card,Failed,0
TXN02666,CUST0412,ACC0412,2024-07-11,23382.43,Debit,MERCH017,LOC047,DEV003,UPI,Failed,0
TXN02667,CUST0328,ACC0328,2024-04-12,38288.01,Debit,MERCH061,LOC031,DEV117,UPI,Failed,0
TXN02668,CUST0471,ACC0471,2023-04-29,6087.49,Debit,MERCH089,LOC047,DEV124,NetBanking,Success,0
TXN02669,CUST0335,ACC0335,2024-05-31,46081.01,Debit,MERCH011,LOC010,DEV019,UPI,Success,1
TXN02670,CUST0025,ACC0025,2023-05-25,35830.58,Debit,MERCH038,LOC032,DEV056,Card,Success,0
TXN02671,CUST0455,ACC0455,2024-11-25,48217.38,Credit,MERCH061,LOC007,DEV194,Card,Failed,0
TXN02672,CUST0317,ACC0317,2024-12-29,45169.39,Credit,MERCH091,LOC040,DEV112,UPI,Success,0
TXN02673,CUST0180,ACC0180,2024-02-13,20161.66,Credit,MERCH079,LOC047,DEV175,Card,Success,0
TXN02674,CUST0194,ACC0194,2024-06-20,42741.99,Debit,MERCH079,LOC046,DEV094,UPI,Success,1
TXN02675,CUST0078,ACC0078,2023-06-15,46811.65,Debit,MERCH088,LOC046,DEV094,Card,Failed,0
TXN02676,CUST0101,ACC0101,2024-04-14,31225.94,Debit,MERCH098,LOC017,DEV063,UPI,Success,0
TXN02677,CUST0320,ACC0320,2024-12-21,713.6,Debit,MERCH032,LOC027,DEV013,UPI,Success,0
TXN02678,CUST0391,ACC0391,2023-04-27,16762.02,Debit,MERCH043,LOC003,DEV191,NetBanking,Success,0
TXN02679,CUST0360,ACC0360,2023-04-09,2240.62,Debit,MERCH002,LOC002,DEV130,Card,Failed,0
TXN02680,CUST0017,ACC0017,2023-05-18,20096.22,Debit,MERCH044,LOC039,DEV117,NetBanking,Success,0
TXN02681,CUST0443,ACC0443,2024-07-23,45929.77,Debit,MERCH065,LOC046,DEV053,UPI,Success,0
TXN02682,CUST0184,ACC0184,2024-05-18,44726.82,Debit,MERCH052,LOC031,DEV146,NetBanking,Success,0
TXN02683,CUST0047,ACC0047,2023-09-16,19250.97,Credit,MERCH037,LOC044,DEV062,NetBanking,Failed,0
TXN02684,CUST0416,ACC0416,2023-06-09,1196.14,Debit,MERCH089,LOC009,DEV169,UPI,Failed,0
TXN02685,CUST0209,ACC0209,2024-03-09,18275.11,Debit,MERCH043,LOC017,DEV152,NetBanking,Success,0
TXN02686,CUST0462,ACC0462,2023-06-20,49425.64,Debit,MERCH005,LOC045,DEV189,Card,Success,1
TXN02687,CUST0346,ACC0346,2024-11-04,7105.45,Credit,MERCH086,LOC048,DEV097,NetBanking,Success,0
TXN02688,CUST0405,ACC0405,2023-01-18,16015.5,Debit,MERCH019,LOC032,DEV030,NetBanking,Success,0
TXN02689,CUST0206,ACC0206,2024-10-29,10185.76,Debit,MERCH054,LOC042,DEV056,UPI,Success,0
TXN02690,CUST0196,ACC0196,2024-09-04,35652.78,Debit,MERCH008,LOC047,DEV010,UPI,Success,0
TXN02691,CUST0302,ACC0302,2023-02-23,26339.85,Debit,MERCH067,LOC008,DEV187,NetBanking,Success,0
TXN02692,CUST0002,ACC0002,2023-11-14,42687.71,Debit,MERCH030,LOC022,DEV179,NetBanking,Success,0
TXN02693,CUST0488,ACC0488,2023-10-13,3270.22,Debit,MERCH030,LOC004,DEV068,NetBanking,Success,0
TXN02694,CUST0362,ACC0362,2023-08-14,31686.19,Credit,MERCH054,LOC026,DEV044,Card,Success,0
TXN02695,CUST0274,ACC0274,2024-10-20,1285.39,Debit,MERCH055,LOC034,DEV018,UPI,Success,0
TXN02696,CUST0179,ACC0179,2024-08-08,15189.84,Debit,MERCH001,LOC023,DEV184,Card,Failed,0
TXN02697,CUST0113,ACC0113,2023-03-17,49675.73,Debit,MERCH028,LOC044,DEV200,UPI,Success,0
TXN02698,CUST0380,ACC0380,2023-09-08,467.93,Credit,MERCH026,LOC039,DEV115,NetBanking,Failed,0
TXN02699,CUST0317,ACC0317,2024-05-30,14546.29,Debit,MERCH018,LOC043,DEV109,UPI,Success,0
TXN02700,CUST0311,ACC0311,2023-08-27,23744.82,Debit,MERCH014,LOC026,DEV125,Card,Success,0
TXN02701,CUST0219,ACC0219,2024-05-05,34519.45,Credit,MERCH051,LOC009,DEV169,UPI,Failed,0
TXN02702,CUST0272,ACC0272,2024-07-09,40534.04,Credit,MERCH068,LOC043,DEV171,UPI,Success,0
TXN02703,CUST0184,ACC0184,2023-01-26,4434.69,Debit,MERCH052,LOC012,DEV152,Card,Failed,0
TXN02704,CUST0082,ACC0082,2023-07-08,21284.46,Credit,MERCH089,LOC013,DEV115,Card,Success,0
TXN02705,CUST0330,ACC0330,2024-02-11,4326.98,Debit,MERCH083,LOC039,DEV174,Card,Success,0
TXN02706,CUST0457,ACC0457,2024-07-04,48374.42,Credit,MERCH031,LOC021,DEV145,UPI,Success,0
TXN02707,CUST0275,ACC0275,2023-04-19,6822.17,Credit,MERCH060,LOC010,DEV112,Card,Failed,0
TXN02708,CUST0166,ACC0166,2024-09-09,41805.5,Debit,MERCH025,LOC036,DEV095,Card,Success,0
TXN02709,CUST0492,ACC0492,2024-06-28,1280.61,Debit,MERCH057,LOC007,DEV200,UPI,Success,0
TXN02710,CUST0199,ACC0199,2023-12-04,24168.15,Debit,MERCH018,LOC038,DEV091,NetBanking,Success,0
TXN02711,CUST0445,ACC0445,2024-02-10,17578.4,Credit,MERCH040,LOC034,DEV110,UPI,Success,0
TXN02712,CUST0021,ACC0021,2023-02-27,43658.22,Debit,MERCH024,LOC017,DEV070,Card,Success,0
TXN02713,CUST0305,ACC0305,2024-12-21,31947.92,Credit,MERCH045,LOC041,DEV119,NetBanking,Failed,0
TXN02714,CUST0026,ACC0026,2024-10-03,11684.08,Debit,MERCH014,LOC047,DEV039,UPI,Success,1
TXN02715,CUST0175,ACC0175,2024-10-10,708.98,Credit,MERCH022,LOC037,DEV194,NetBanking,Success,0
TXN02716,CUST0497,ACC0497,2023-01-24,20104.93,Debit,MERCH021,LOC015,DEV049,NetBanking,Success,0
TXN02717,CUST0209,ACC0209,2024-09-11,10580.49,Debit,MERCH022,LOC003,DEV004,UPI,Failed,0
TXN02718,CUST0401,ACC0401,2024-05-25,31964.99,Debit,MERCH050,LOC042,DEV182,UPI,Success,0
TXN02719,CUST0217,ACC0217,2023-05-23,13015.14,Credit,MERCH095,LOC041,DEV074,NetBanking,Success,0
TXN02720,CUST0013,ACC0013,2024-12-15,40458.17,Debit,MERCH085,LOC039,DEV095,Card,Success,0
TXN02721,CUST0462,ACC0462,2024-02-22,33930.55,Debit,MERCH070,LOC032,DEV054,Card,Success,0
TXN02722,CUST0186,ACC0186,2024-10-23,15231.25,Debit,MERCH009,LOC018,DEV098,Card,Success,0
TXN02723,CUST0336,ACC0336,2024-03-15,44821.36,Credit,MERCH066,LOC013,DEV171,NetBanking,Success,0
TXN02724,CUST0383,ACC0383,2023-10-02,25358.49,Debit,MERCH055,LOC041,DEV041,Card,Success,0
TXN02725,CUST0438,ACC0438,2024-03-02,41614.64,Credit,MERCH039,LOC034,DEV081,UPI,Failed,0
TXN02726,CUST0124,ACC0124,2023-06-07,1513.46,Credit,MERCH001,LOC033,DEV156,Card,Success,0
TXN02727,CUST0149,ACC0149,2023-09-07,7995.45,Debit,MERCH094,LOC028,DEV153,Card,Success,0
TXN02728,CUST0354,ACC0354,2023-12-12,43332.7,Debit,MERCH040,LOC021,DEV016,UPI,Success,0
TXN02729,CUST0185,ACC0185,2023-02-02,29814.24,Debit,MERCH060,LOC011,DEV188,NetBanking,Failed,0
TXN02730,CUST0422,ACC0422,2023-01-09,2604.27,Debit,MERCH098,LOC039,DEV195,UPI,Success,0
TXN02731,CUST0101,ACC0101,2024-08-03,2331.64,Credit,MERCH063,LOC010,DEV152,Card,Success,0
TXN02732,CUST0162,ACC0162,2023-10-04,31765.06,Debit,MERCH004,LOC005,DEV108,Card,Success,0
TXN02733,CUST0071,ACC0071,2023-12-10,27976.78,Debit,MERCH017,LOC045,DEV179,Card,Success,1
TXN02734,CUST0326,ACC0326,2023-01-05,15029.87,Debit,MERCH013,LOC020,DEV054,Card,Success,0
TXN02735,CUST0176,ACC0176,2023-08-21,44241.68,Credit,MERCH088,LOC044,DEV176,UPI,Success,0
TXN02736,CUST0120,ACC0120,2023-08-18,37542.31,Debit,MERCH093,LOC047,DEV026,NetBanking,Success,0
TXN02737,CUST0058,ACC0058,2023-05-26,11988.08,Debit,MERCH022,LOC026,DEV092,Card,Success,0
TXN02738,CUST0095,ACC0095,2024-04-16,40864.9,Credit,MERCH024,LOC043,DEV089,UPI,Failed,0
TXN02739,CUST0057,ACC0057,2024-12-09,2603.07,Credit,MERCH071,LOC046,DEV174,Card,Success,0
TXN02740,CUST0180,ACC0180,2023-12-23,14663.15,Debit,MERCH006,LOC039,DEV161,UPI,Failed,0
TXN02741,CUST0042,ACC0042,2024-08-21,11645.91,Debit,MERCH086,LOC020,DEV089,UPI,Failed,0
TXN02742,CUST0425,ACC0425,2024-01-02,15667.59,Credit,MERCH054,LOC009,DEV122,UPI,Success,0
TXN02743,CUST0096,ACC0096,2024-07-10,42267.79,Credit,MERCH033,LOC025,DEV025,Card,Success,0
TXN02744,CUST0432,ACC0432,2023-05-24,42300.51,Credit,MERCH093,LOC047,DEV196,Card,Success,0
TXN02745,CUST0446,ACC0446,2023-06-20,38064.47,Debit,MERCH004,LOC033,DEV066,Card,Success,0
TXN02746,CUST0270,ACC0270,2023-05-02,25582.64,Credit,MERCH080,LOC004,DEV109,Card,Success,1
TXN02747,CUST0293,ACC0293,2023-08-28,4237.62,Debit,MERCH031,LOC040,DEV154,Card,Success,0
TXN02748,CUST0173,ACC0173,2023-03-17,21819.54,Debit,MERCH092,LOC022,DEV185,Card,Success,0
TXN02749,CUST0316,ACC0316,2024-08-27,27015.65,Credit,MERCH030,LOC044,DEV026,UPI,Failed,0
TXN02750,CUST0486,ACC0486,2023-06-27,47615.8,Debit,MERCH068,LOC036,DEV136,UPI,Success,0
TXN02751,CUST0491,ACC0491,2023-02-09,15463.39,Debit,MERCH008,LOC010,DEV095,Card,Success,0
TXN02752,CUST0312,ACC0312,2023-09-06,20066.86,Debit,MERCH093,LOC016,DEV028,Card,Success,0
TXN02753,CUST0127,ACC0127,2023-09-19,6669.11,Debit,MERCH049,LOC030,DEV048,Card,Failed,0
TXN02754,CUST0311,ACC0311,2024-09-16,3242.97,Debit,MERCH081,LOC017,DEV050,Card,Success,0
TXN02755,CUST0459,ACC0459,2023-03-29,26090.8,Debit,MERCH079,LOC024,DEV058,UPI,Success,0
TXN02756,CUST0469,ACC0469,2023-03-28,44335.6,Credit,MERCH016,LOC044,DEV165,UPI,Failed,0
TXN02757,CUST0055,ACC0055,2023-11-25,839.19,Debit,MERCH078,LOC009,DEV100,UPI,Failed,0
TXN02758,CUST0463,ACC0463,2023-12-14,40454.45,Debit,MERCH055,LOC010,DEV176,Card,Success,0
TXN02759,CUST0315,ACC0315,2023-03-27,37194.78,Credit,MERCH020,LOC011,DEV026,NetBanking,Success,0
TXN02760,CUST0304,ACC0304,2024-07-17,12346.97,Debit,MERCH087,LOC030,DEV112,NetBanking,Success,0
TXN02761,CUST0399,ACC0399,2024-05-10,5739.72,Debit,MERCH088,LOC029,DEV125,UPI,Success,0
TXN02762,CUST0001,ACC0001,2024-03-28,32191.29,Debit,MERCH008,LOC017,DEV071,Card,Success,0
TXN02763,CUST0163,ACC0163,2023-02-22,567.1,Debit,MERCH049,LOC048,DEV134,UPI,Success,0
TXN02764,CUST0125,ACC0125,2024-07-27,24743.64,Debit,MERCH040,LOC041,DEV089,NetBanking,Success,0
TXN02765,CUST0451,ACC0451,2023-02-26,8546.55,Credit,MERCH098,LOC026,DEV013,Card,Failed,0
TXN02766,CUST0122,ACC0122,2024-10-26,38966.61,Debit,MERCH088,LOC045,DEV118,Card,Success,0
TXN02767,CUST0348,ACC0348,2023-12-23,14914.99,Debit,MERCH070,LOC033,DEV025,UPI,Success,0
TXN02768,CUST0023,ACC0023,2023-03-19,44438.86,Debit,MERCH023,LOC005,DEV013,NetBanking,Failed,0
TXN02769,CUST0447,ACC0447,2023-11-18,5051.43,Debit,MERCH008,LOC007,DEV140,UPI,Failed,0
TXN02770,CUST0159,ACC0159,2023-06-13,7487.42,Debit,MERCH031,LOC012,DEV009,UPI,Success,0
TXN02771,CUST0395,ACC0395,2024-07-17,37024.59,Credit,MERCH082,LOC027,DEV057,UPI,Success,0
TXN02772,CUST0213,ACC0213,2023-01-10,11916.07,Debit,MERCH032,LOC048,DEV098,NetBanking,Failed,0
TXN02773,CUST0308,ACC0308,2023-01-13,23319.54,Debit,MERCH055,LOC031,DEV048,NetBanking,Failed,0
TXN02774,CUST0024,ACC0024,2023-02-13,1205.58,Debit,MERCH013,LOC050,DEV013,UPI,Success,0
TXN02775,CUST0495,ACC0495,2024-04-30,45670.57,Debit,MERCH031,LOC018,DEV144,Card,Failed,0
TXN02776,CUST0187,ACC0187,2023-01-29,39733.07,Debit,MERCH059,LOC001,DEV136,NetBanking,Success,0
TXN02777,CUST0191,ACC0191,2023-03-24,38249.15,Debit,MERCH039,LOC024,DEV067,NetBanking,Success,0
TXN02778,CUST0479,ACC0479,2024-01-08,21044.77,Debit,MERCH045,LOC022,DEV100,Card,Failed,0
TXN02779,CUST0422,ACC0422,2023-04-28,30021.99,Credit,MERCH011,LOC016,DEV113,Card,Failed,0
TXN02780,CUST0229,ACC0229,2024-12-01,40553.51,Credit,MERCH031,LOC038,DEV091,NetBanking,Success,0
TXN02781,CUST0206,ACC0206,2023-04-20,6766.88,Credit,MERCH070,LOC015,DEV007,Card,Failed,0
TXN02782,CUST0191,ACC0191,2024-01-08,24746.22,Debit,MERCH068,LOC031,DEV192,Card,Success,0
TXN02783,CUST0147,ACC0147,2023-02-17,8335.37,Debit,MERCH009,LOC020,DEV077,UPI,Success,0
TXN02784,CUST0404,ACC0404,2024-02-05,44293.03,Credit,MERCH027,LOC047,DEV056,UPI,Failed,0
TXN02785,CUST0001,ACC0001,2023-10-31,47573.83,Debit,MERCH054,LOC050,DEV025,UPI,Failed,0
TXN02786,CUST0351,ACC0351,2023-11-02,8747.08,Debit,MERCH030,LOC008,DEV154,UPI,Success,0
TXN02787,CUST0204,ACC0204,2024-06-28,36869.24,Credit,MERCH033,LOC025,DEV081,UPI,Success,0
TXN02788,CUST0194,ACC0194,2024-07-05,48849.02,Credit,MERCH071,LOC036,DEV200,Card,Success,0
TXN02789,CUST0493,ACC0493,2023-08-25,199.35,Debit,MERCH088,LOC039,DEV165,Card,Failed,0
TXN02790,CUST0117,ACC0117,2024-02-16,36460.38,Debit,MERCH019,LOC050,DEV181,UPI,Success,0
TXN02791,CUST0486,ACC0486,2024-08-31,5725.06,Credit,MERCH077,LOC015,DEV072,UPI,Success,0
TXN02792,CUST0033,ACC0033,2023-02-14,45396.75,Credit,MERCH011,LOC035,DEV116,UPI,Success,0
TXN02793,CUST0088,ACC0088,2023-05-12,25702.47,Credit,MERCH003,LOC006,DEV138,Card,Success,0
TXN02794,CUST0059,ACC0059,2024-04-02,34841.34,Debit,MERCH043,LOC044,DEV115,Card,Failed,0
TXN02795,CUST0270,ACC0270,2024-09-19,36468.46,Debit,MERCH037,LOC038,DEV158,NetBanking,Failed,0
TXN02796,CUST0230,ACC0230,2024-10-01,30033.36,Debit,MERCH016,LOC008,DEV072,Card,Success,0
TXN02797,CUST0280,ACC0280,2024-02-24,39536.85,Debit,MERCH069,LOC043,DEV027,Card,Success,0
TXN02798,CUST0482,ACC0482,2023-01-10,21661.79,Debit,MERCH032,LOC007,DEV105,Card,Success,0
TXN02799,CUST0103,ACC0103,2023-04-07,8449.74,Debit,MERCH023,LOC048,DEV193,Card,Success,0
TXN02800,CUST0213,ACC0213,2023-04-16,20956.69,Credit,MERCH072,LOC033,DEV019,Card,Success,0
TXN02801,CUST0046,ACC0046,2024-08-10,41967.05,Debit,MERCH068,LOC011,DEV179,UPI,Failed,0
TXN02802,CUST0025,ACC0025,2023-04-27,38192.31,Credit,MERCH064,LOC023,DEV049,UPI,Success,0
TXN02803,CUST0408,ACC0408,2024-11-30,34795.59,Credit,MERCH089,LOC013,DEV108,UPI,Success,0
TXN02804,CUST0472,ACC0472,2023-05-04,40126.41,Debit,MERCH079,LOC034,DEV085,UPI,Failed,0
TXN02805,CUST0138,ACC0138,2024-08-15,1879.72,Debit,MERCH087,LOC011,DEV154,UPI,Success,0
TXN02806,CUST0183,ACC0183,2023-10-30,18610.0,Debit,MERCH031,LOC044,DEV154,Card,Success,0
TXN02807,CUST0470,ACC0470,2024-08-23,27430.53,Debit,MERCH036,LOC047,DEV056,UPI,Failed,0
TXN02808,CUST0310,ACC0310,2024-10-09,7748.65,Debit,MERCH035,LOC005,DEV154,Card,Success,0
TXN02809,CUST0359,ACC0359,2023-07-08,16167.43,Debit,MERCH054,LOC012,DEV028,UPI,Failed,0
TXN02810,CUST0420,ACC0420,2024-12-21,49573.31,Credit,MERCH070,LOC026,DEV060,UPI,Success,0
TXN02811,CUST0293,ACC0293,2024-09-04,13092.95,Debit,MERCH072,LOC017,DEV082,Card,Success,0
TXN02812,CUST0120,ACC0120,2023-04-07,15731.87,Debit,MERCH099,LOC031,DEV154,UPI,Success,1
TXN02813,CUST0205,ACC0205,2024-06-17,33090.8,Debit,MERCH090,LOC043,DEV079,Card,Failed,0
TXN02814,CUST0186,ACC0186,2024-08-16,26942.05,Debit,MERCH096,LOC040,DEV155,UPI,Success,0
TXN02815,CUST0444,ACC0444,2023-06-30,35145.78,Credit,MERCH098,LOC006,DEV108,Card,Success,0
TXN02816,CUST0206,ACC0206,2024-06-04,3265.38,Debit,MERCH025,LOC028,DEV116,UPI,Failed,0
TXN02817,CUST0015,ACC0015,2024-05-04,34635.91,Credit,MERCH002,LOC046,DEV047,UPI,Success,0
TXN02818,CUST0157,ACC0157,2023-05-16,32540.29,Debit,MERCH068,LOC047,DEV059,UPI,Success,0
TXN02819,CUST0416,ACC0416,2023-03-04,20619.15,Debit,MERCH040,LOC001,DEV025,UPI,Success,0
TXN02820,CUST0457,ACC0457,2024-07-11,5038.91,Debit,MERCH098,LOC036,DEV070,Card,Success,0
TXN02821,CUST0080,ACC0080,2024-11-16,49263.23,Debit,MERCH097,LOC024,DEV002,UPI,Success,0
TXN02822,CUST0358,ACC0358,2024-09-07,15417.13,Debit,MERCH095,LOC033,DEV110,Card,Success,0
TXN02823,CUST0337,ACC0337,2023-03-08,48994.74,Debit,MERCH074,LOC019,DEV027,Card,Success,0
TXN02824,CUST0159,ACC0159,2024-05-21,17610.07,Debit,MERCH041,LOC020,DEV163,NetBanking,Success,0
TXN02825,CUST0069,ACC0069,2023-11-04,41946.6,Debit,MERCH010,LOC043,DEV200,UPI,Success,0
TXN02826,CUST0037,ACC0037,2023-01-28,32168.06,Credit,MERCH024,LOC048,DEV148,Card,Success,0
TXN02827,CUST0304,ACC0304,2023-06-29,1809.87,Debit,MERCH049,LOC046,DEV098,UPI,Failed,0
TXN02828,CUST0222,ACC0222,2024-08-20,33215.06,Debit,MERCH030,LOC015,DEV138,Card,Success,0
TXN02829,CUST0197,ACC0197,2023-04-06,28455.62,Debit,MERCH003,LOC040,DEV060,UPI,Success,0
TXN02830,CUST0402,ACC0402,2023-11-09,6384.49,Debit,MERCH087,LOC012,DEV132,UPI,Success,0
TXN02831,CUST0382,ACC0382,2023-07-12,13544.44,Debit,MERCH069,LOC039,DEV059,UPI,Success,0
TXN02832,CUST0488,ACC0488,2023-09-01,12904.85,Debit,MERCH095,LOC034,DEV098,Card,Success,0
TXN02833,CUST0224,ACC0224,2024-09-18,12757.37,Credit,MERCH023,LOC019,DEV064,UPI,Success,0
TXN02834,CUST0373,ACC0373,2024-07-29,8870.92,Debit,MERCH058,LOC018,DEV053,NetBanking,Success,0
TXN02835,CUST0175,ACC0175,2023-01-23,28902.01,Debit,MERCH062,LOC041,DEV003,Card,Success,0
TXN02836,CUST0128,ACC0128,2024-08-05,21374.65,Credit,MERCH042,LOC039,DEV025,NetBanking,Success,0
TXN02837,CUST0430,ACC0430,2024-04-26,20272.64,Debit,MERCH016,LOC036,DEV134,UPI,Failed,0
TXN02838,CUST0104,ACC0104,2023-01-05,1929.9,Debit,MERCH066,LOC030,DEV055,NetBanking,Success,0
TXN02839,CUST0479,ACC0479,2023-10-09,49298.46,Credit,MERCH067,LOC028,DEV111,NetBanking,Failed,0
TXN02840,CUST0231,ACC0231,2024-08-26,26967.75,Debit,MERCH003,LOC027,DEV180,NetBanking,Failed,0
TXN02841,CUST0055,ACC0055,2024-04-13,35028.99,Credit,MERCH034,LOC040,DEV113,UPI,Success,0
TXN02842,CUST0465,ACC0465,2023-03-26,4085.64,Debit,MERCH014,LOC022,DEV101,UPI,Failed,0
TXN02843,CUST0246,ACC0246,2024-01-03,20970.62,Debit,MERCH094,LOC033,DEV109,Card,Success,0
TXN02844,CUST0484,ACC0484,2023-01-21,34326.94,Credit,MERCH093,LOC044,DEV047,Card,Success,0
TXN02845,CUST0105,ACC0105,2023-10-18,34730.0,Credit,MERCH036,LOC021,DEV195,Card,Success,1
TXN02846,CUST0466,ACC0466,2023-01-18,32303.36,Credit,MERCH040,LOC003,DEV035,Card,Success,0
TXN02847,CUST0423,ACC0423,2024-12-30,37482.03,Debit,MERCH010,LOC031,DEV180,Card,Failed,0
TXN02848,CUST0275,ACC0275,2024-08-24,8432.54,Credit,MERCH005,LOC009,DEV085,Card,Success,0
TXN02849,CUST0029,ACC0029,2024-11-29,42970.29,Debit,MERCH055,LOC048,DEV045,NetBanking,Failed,0
TXN02850,CUST0387,ACC0387,2024-01-21,43733.49,Debit,MERCH098,LOC049,DEV064,Card,Failed,0
TXN02851,CUST0265,ACC0265,2024-10-24,14411.73,Credit,MERCH026,LOC021,DEV132,UPI,Success,0
TXN02852,CUST0180,ACC0180,2023-08-15,996.32,Debit,MERCH019,LOC029,DEV141,UPI,Success,0
TXN02853,CUST0296,ACC0296,2024-01-22,30074.05,Debit,MERCH083,LOC033,DEV095,UPI,Success,0
TXN02854,CUST0076,ACC0076,2024-12-26,24511.79,Credit,MERCH007,LOC014,DEV100,Card,Failed,0
TXN02855,CUST0168,ACC0168,2024-02-29,7376.72,Credit,MERCH088,LOC019,DEV055,UPI,Success,0
TXN02856,CUST0322,ACC0322,2024-09-01,12945.34,Credit,MERCH069,LOC005,DEV173,NetBanking,Success,0
TXN02857,CUST0494,ACC0494,2023-06-04,9849.0,Credit,MERCH012,LOC031,DEV183,Card,Failed,0
TXN02858,CUST0432,ACC0432,2023-02-18,22452.24,Debit,MERCH039,LOC018,DEV092,UPI,Failed,0
TXN02859,CUST0237,ACC0237,2024-04-17,44312.79,Credit,MERCH051,LOC029,DEV138,UPI,Success,0
TXN02860,CUST0161,ACC0161,2024-12-14,2104.95,Credit,MERCH034,LOC032,DEV198,NetBanking,Failed,0
TXN02861,CUST0440,ACC0440,2024-01-19,30683.12,Debit,MERCH092,LOC022,DEV036,Card,Success,0
TXN02862,CUST0301,ACC0301,2023-12-29,42429.66,Credit,MERCH004,LOC049,DEV062,Card,Success,0
TXN02863,CUST0244,ACC0244,2024-02-03,23313.26,Credit,MERCH020,LOC002,DEV123,NetBanking,Success,1
TXN02864,CUST0216,ACC0216,2024-04-23,17766.84,Credit,MERCH012,LOC005,DEV082,Card,Success,0
TXN02865,CUST0387,ACC0387,2024-04-27,38338.21,Debit,MERCH083,LOC046,DEV012,UPI,Success,0
TXN02866,CUST0293,ACC0293,2023-10-12,36936.82,Debit,MERCH046,LOC047,DEV130,Card,Failed,0
TXN02867,CUST0077,ACC0077,2023-09-05,37256.02,Debit,MERCH043,LOC042,DEV169,Card,Success,0
TXN02868,CUST0217,ACC0217,2024-01-10,12337.79,Debit,MERCH056,LOC003,DEV162,UPI,Success,0
TXN02869,CUST0350,ACC0350,2024-11-18,38146.45,Debit,MERCH004,LOC037,DEV189,UPI,Failed,0
TXN02870,CUST0041,ACC0041,2023-03-13,3043.5,Debit,MERCH010,LOC006,DEV154,UPI,Success,0
TXN02871,CUST0353,ACC0353,2024-09-04,25118.12,Credit,MERCH012,LOC036,DEV027,NetBanking,Success,0
TXN02872,CUST0350,ACC0350,2023-11-22,25144.0,Debit,MERCH055,LOC005,DEV080,Card,Failed,0
TXN02873,CUST0374,ACC0374,2023-11-10,23545.67,Debit,MERCH066,LOC032,DEV172,Card,Failed,0
TXN02874,CUST0001,ACC0001,2023-10-15,36041.33,Credit,MERCH086,LOC042,DEV099,NetBanking,Failed,0
TXN02875,CUST0281,ACC0281,2023-05-31,35423.08,Debit,MERCH044,LOC039,DEV151,UPI,Success,0
TXN02876,CUST0192,ACC0192,2023-01-18,26361.37,Debit,MERCH090,LOC015,DEV178,NetBanking,Success,0
TXN02877,CUST0119,ACC0119,2023-01-04,36513.25,Debit,MERCH055,LOC019,DEV005,NetBanking,Failed,0
TXN02878,CUST0162,ACC0162,2023-10-12,41916.89,Credit,MERCH009,LOC017,DEV015,UPI,Success,0
TXN02879,CUST0182,ACC0182,2023-03-10,10853.26,Credit,MERCH005,LOC020,DEV125,UPI,Failed,0
TXN02880,CUST0158,ACC0158,2024-04-06,43387.36,Debit,MERCH095,LOC033,DEV087,UPI,Success,0
TXN02881,CUST0086,ACC0086,2023-09-25,22787.6,Debit,MERCH078,LOC017,DEV073,Card,Success,0
TXN02882,CUST0053,ACC0053,2023-01-18,46504.65,Debit,MERCH083,LOC015,DEV092,UPI,Failed,0
TXN02883,CUST0043,ACC0043,2024-07-04,45793.05,Credit,MERCH064,LOC031,DEV078,Card,Success,0
TXN02884,CUST0049,ACC0049,2023-07-28,4554.12,Debit,MERCH025,LOC001,DEV037,UPI,Success,0
TXN02885,CUST0182,ACC0182,2024-06-10,18725.71,Credit,MERCH011,LOC023,DEV054,Card,Success,0
TXN02886,CUST0487,ACC0487,2024-09-28,46786.47,Debit,MERCH063,LOC036,DEV155,NetBanking,Success,0
TXN02887,CUST0168,ACC0168,2023-12-18,43847.38,Debit,MERCH087,LOC005,DEV044,NetBanking,Success,0
TXN02888,CUST0498,ACC0498,2024-07-21,48961.35,Debit,MERCH045,LOC049,DEV159,Card,Success,0
TXN02889,CUST0092,ACC0092,2023-08-09,26924.94,Debit,MERCH074,LOC006,DEV141,UPI,Success,0
TXN02890,CUST0457,ACC0457,2023-02-12,36630.36,Debit,MERCH025,LOC017,DEV033,UPI,Success,0
TXN02891,CUST0361,ACC0361,2024-09-13,49102.38,Debit,MERCH078,LOC024,DEV148,UPI,Success,0
TXN02892,CUST0238,ACC0238,2023-09-05,48904.84,Debit,MERCH041,LOC010,DEV121,UPI,Success,0
TXN02893,CUST0464,ACC0464,2023-07-17,14794.84,Debit,MERCH012,LOC013,DEV064,UPI,Failed,0
TXN02894,CUST0043,ACC0043,2023-12-07,44138.56,Debit,MERCH009,LOC021,DEV058,Card,Success,0
TXN02895,CUST0020,ACC0020,2023-07-14,2991.36,Debit,MERCH069,LOC006,DEV172,Card,Success,0
TXN02896,CUST0365,ACC0365,2023-04-13,44690.48,Credit,MERCH039,LOC043,DEV197,NetBanking,Success,0
TXN02897,CUST0161,ACC0161,2023-11-24,22858.09,Debit,MERCH039,LOC008,DEV143,Card,Success,0
TXN02898,CUST0380,ACC0380,2023-07-08,29901.91,Debit,MERCH079,LOC039,DEV069,UPI,Failed,0
TXN02899,CUST0175,ACC0175,2023-06-06,2801.07,Debit,MERCH014,LOC045,DEV192,Card,Success,1
TXN02900,CUST0196,ACC0196,2024-10-18,19057.74,Debit,MERCH097,LOC045,DEV187,NetBanking,Success,0
TXN02901,CUST0270,ACC0270,2024-10-13,6664.12,Debit,MERCH019,LOC027,DEV129,Card,Success,0
TXN02902,CUST0474,ACC0474,2023-05-09,7639.65,Credit,MERCH052,LOC011,DEV167,UPI,Success,0
TXN02903,CUST0401,ACC0401,2024-01-26,41791.12,Credit,MERCH025,LOC041,DEV070,NetBanking,Success,1
TXN02904,CUST0255,ACC0255,2024-08-09,39991.57,Debit,MERCH030,LOC009,DEV170,UPI,Success,0
TXN02905,CUST0410,ACC0410,2024-10-11,31685.95,Credit,MERCH071,LOC041,DEV117,Card,Success,0
TXN02906,CUST0026,ACC0026,2024-12-21,10101.78,Debit,MERCH085,LOC030,DEV069,UPI,Success,0
TXN02907,CUST0287,ACC0287,2023-12-14,30803.45,Debit,MERCH016,LOC010,DEV157,UPI,Success,0
TXN02908,CUST0180,ACC0180,2023-04-01,14797.32,Debit,MERCH066,LOC042,DEV006,UPI,Success,0
TXN02909,CUST0362,ACC0362,2023-05-31,45680.7,Credit,MERCH006,LOC019,DEV142,NetBanking,Success,0
TXN02910,CUST0015,ACC0015,2023-06-27,39575.18,Debit,MERCH046,LOC020,DEV123,UPI,Success,0
TXN02911,CUST0135,ACC0135,2024-04-06,47733.24,Debit,MERCH003,LOC017,DEV022,Card,Success,0
TXN02912,CUST0325,ACC0325,2024-05-29,48604.02,Debit,MERCH051,LOC045,DEV067,NetBanking,Failed,0
TXN02913,CUST0105,ACC0105,2023-02-06,4733.73,Debit,MERCH018,LOC015,DEV132,Card,Success,0
TXN02914,CUST0287,ACC0287,2024-05-18,26565.61,Credit,MERCH045,LOC028,DEV179,NetBanking,Failed,0
TXN02915,CUST0467,ACC0467,2024-09-20,31190.84,Debit,MERCH007,LOC027,DEV166,UPI,Success,0
TXN02916,CUST0066,ACC0066,2023-05-22,42175.13,Debit,MERCH025,LOC036,DEV098,UPI,Success,0
TXN02917,CUST0005,ACC0005,2023-10-14,24125.62,Debit,MERCH011,LOC049,DEV148,NetBanking,Failed,0
TXN02918,CUST0316,ACC0316,2023-01-16,10755.24,Debit,MERCH093,LOC047,DEV066,UPI,Success,0
TXN02919,CUST0439,ACC0439,2024-06-17,29363.83,Debit,MERCH073,LOC019,DEV079,Card,Success,0
TXN02920,CUST0038,ACC0038,2024-08-26,35579.33,Debit,MERCH073,LOC047,DEV013,UPI,Failed,0
TXN02921,CUST0491,ACC0491,2024-01-06,11706.25,Debit,MERCH012,LOC048,DEV105,Card,Success,0
TXN02922,CUST0243,ACC0243,2023-08-09,31998.26,Debit,MERCH094,LOC026,DEV127,NetBanking,Success,0
TXN02923,CUST0005,ACC0005,2024-07-23,12829.58,Credit,MERCH043,LOC025,DEV177,NetBanking,Failed,0
TXN02924,CUST0339,ACC0339,2023-06-02,29670.41,Debit,MERCH021,LOC034,DEV043,UPI,Success,0
TXN02925,CUST0368,ACC0368,2024-07-03,45058.45,Debit,MERCH027,LOC003,DEV112,UPI,Success,0
TXN02926,CUST0460,ACC0460,2024-06-06,25736.25,Debit,MERCH063,LOC027,DEV164,Card,Failed,0
TXN02927,CUST0254,ACC0254,2024-05-29,972.68,Debit,MERCH029,LOC031,DEV069,Card,Success,0
TXN02928,CUST0376,ACC0376,2023-10-15,28747.88,Credit,MERCH030,LOC023,DEV163,NetBanking,Success,0
TXN02929,CUST0103,ACC0103,2023-03-25,46884.53,Debit,MERCH021,LOC033,DEV180,Card,Success,0
TXN02930,CUST0319,ACC0319,2024-05-15,13763.17,Debit,MERCH009,LOC046,DEV163,Card,Success,0
TXN02931,CUST0150,ACC0150,2024-06-23,19319.3,Credit,MERCH042,LOC049,DEV031,UPI,Failed,0
TXN02932,CUST0430,ACC0430,2024-10-29,5934.92,Credit,MERCH033,LOC022,DEV058,NetBanking,Failed,0
TXN02933,CUST0138,ACC0138,2024-09-19,20342.65,Debit,MERCH056,LOC020,DEV029,Card,Success,0
TXN02934,CUST0314,ACC0314,2024-02-17,22057.96,Credit,MERCH002,LOC004,DEV145,NetBanking,Success,0
TXN02935,CUST0490,ACC0490,2023-07-31,17580.57,Debit,MERCH051,LOC013,DEV010,NetBanking,Success,0
TXN02936,CUST0044,ACC0044,2023-12-02,28801.58,Debit,MERCH068,LOC018,DEV195,UPI,Success,0
TXN02937,CUST0278,ACC0278,2023-08-09,15300.22,Debit,MERCH049,LOC027,DEV142,NetBanking,Failed,0
TXN02938,CUST0025,ACC0025,2024-08-04,31440.05,Credit,MERCH082,LOC033,DEV009,Card,Success,0
TXN02939,CUST0141,ACC0141,2023-01-09,39692.01,Debit,MERCH043,LOC015,DEV113,UPI,Success,0
TXN02940,CUST0383,ACC0383,2023-09-05,18767.66,Credit,MERCH096,LOC032,DEV027,NetBanking,Failed,0
TXN02941,CUST0476,ACC0476,2023-12-21,16348.49,Credit,MERCH075,LOC010,DEV101,Card,Success,0
TXN02942,CUST0021,ACC0021,2024-09-21,44532.02,Debit,MERCH082,LOC045,DEV036,Card,Failed,0
TXN02943,CUST0254,ACC0254,2023-05-20,2451.49,Debit,MERCH090,LOC020,DEV160,Card,Failed,0
TXN02944,CUST0294,ACC0294,2023-03-06,5398.92,Debit,MERCH057,LOC048,DEV161,UPI,Failed,0
TXN02945,CUST0474,ACC0474,2024-11-30,7720.52,Debit,MERCH011,LOC023,DEV083,NetBanking,Success,0
TXN02946,CUST0370,ACC0370,2024-10-26,41929.62,Debit,MERCH059,LOC022,DEV082,UPI,Success,0
TXN02947,CUST0282,ACC0282,2023-05-23,4512.57,Credit,MERCH028,LOC039,DEV095,UPI,Success,0
TXN02948,CUST0204,ACC0204,2024-05-04,32085.32,Debit,MERCH001,LOC029,DEV144,Card,Failed,0
TXN02949,CUST0313,ACC0313,2023-01-23,41567.92,Debit,MERCH009,LOC030,DEV124,Card,Success,0
TXN02950,CUST0192,ACC0192,2024-01-15,3472.66,Debit,MERCH040,LOC039,DEV200,NetBanking,Success,0
TXN02951,CUST0085,ACC0085,2023-12-14,10340.13,Credit,MERCH023,LOC034,DEV195,UPI,Success,0
TXN02952,CUST0345,ACC0345,2023-09-08,25891.59,Credit,MERCH056,LOC023,DEV098,Card,Success,0
TXN02953,CUST0400,ACC0400,2023-11-23,29138.33,Credit,MERCH039,LOC047,DEV157,UPI,Success,0
TXN02954,CUST0135,ACC0135,2024-10-26,39699.89,Debit,MERCH056,LOC035,DEV121,UPI,Success,0
TXN02955,CUST0337,ACC0337,2024-05-19,5137.34,Debit,MERCH075,LOC018,DEV197,Card,Success,0
TXN02956,CUST0314,ACC0314,2023-02-25,24369.5,Debit,MERCH047,LOC038,DEV119,UPI,Success,0
TXN02957,CUST0239,ACC0239,2023-05-08,49705.76,Debit,MERCH083,LOC017,DEV119,UPI,Success,0
TXN02958,CUST0233,ACC0233,2023-08-23,38336.66,Debit,MERCH085,LOC017,DEV178,NetBanking,Success,0
TXN02959,CUST0275,ACC0275,2024-05-10,6717.92,Debit,MERCH065,LOC022,DEV103,Card,Failed,0
TXN02960,CUST0131,ACC0131,2023-04-17,11201.38,Credit,MERCH069,LOC022,DEV167,Card,Success,0
TXN02961,CUST0192,ACC0192,2024-04-23,10739.13,Debit,MERCH069,LOC024,DEV096,Card,Success,0
TXN02962,CUST0179,ACC0179,2024-07-19,931.76,Debit,MERCH096,LOC039,DEV078,NetBanking,Failed,0
TXN02963,CUST0427,ACC0427,2024-05-14,18138.16,Debit,MERCH052,LOC003,DEV040,NetBanking,Failed,0
TXN02964,CUST0404,ACC0404,2024-06-27,38681.95,Debit,MERCH031,LOC014,DEV190,Card,Success,0
TXN02965,CUST0377,ACC0377,2024-11-01,39365.58,Credit,MERCH060,LOC007,DEV065,Card,Success,0
TXN02966,CUST0206,ACC0206,2024-08-30,49854.71,Debit,MERCH064,LOC043,DEV152,Card,Success,0
TXN02967,CUST0251,ACC0251,2024-12-11,12315.57,Debit,MERCH074,LOC022,DEV011,Card,Success,0
TXN02968,CUST0266,ACC0266,2024-12-30,10876.77,Debit,MERCH005,LOC008,DEV119,Card,Failed,0
TXN02969,CUST0014,ACC0014,2023-07-15,30443.73,Debit,MERCH045,LOC040,DEV174,Card,Success,0
TXN02970,CUST0016,ACC0016,2024-11-05,42326.87,Credit,MERCH059,LOC037,DEV166,UPI,Success,0
TXN02971,CUST0139,ACC0139,2024-08-11,1720.51,Credit,MERCH041,LOC021,DEV175,NetBanking,Success,0
TXN02972,CUST0051,ACC0051,2024-02-12,45198.08,Debit,MERCH100,LOC016,DEV171,UPI,Success,0
TXN02973,CUST0282,ACC0282,2024-08-22,21239.81,Debit,MERCH055,LOC032,DEV062,Card,Success,0
TXN02974,CUST0189,ACC0189,2024-11-20,39789.4,Credit,MERCH059,LOC009,DEV035,NetBanking,Success,0
TXN02975,CUST0274,ACC0274,2024-07-05,10759.22,Debit,MERCH014,LOC049,DEV050,UPI,Success,0
TXN02976,CUST0314,ACC0314,2023-01-08,3766.81,Debit,MERCH040,LOC011,DEV127,UPI,Failed,0
TXN02977,CUST0326,ACC0326,2023-11-14,48780.25,Credit,MERCH087,LOC015,DEV081,UPI,Failed,0
TXN02978,CUST0246,ACC0246,2024-12-30,38605.95,Credit,MERCH099,LOC005,DEV178,NetBanking,Failed,0
TXN02979,CUST0138,ACC0138,2024-06-16,48165.11,Debit,MERCH087,LOC047,DEV059,UPI,Success,0
TXN02980,CUST0412,ACC0412,2024-01-08,38720.26,Debit,MERCH004,LOC033,DEV045,Card,Success,0
TXN02981,CUST0499,ACC0499,2023-12-17,9114.66,Debit,MERCH076,LOC017,DEV182,Card,Failed,0
TXN02982,CUST0399,ACC0399,2023-03-11,7117.45,Credit,MERCH075,LOC007,DEV023,NetBanking,Failed,0
TXN02983,CUST0415,ACC0415,2023-05-10,33627.35,Debit,MERCH085,LOC011,DEV083,UPI,Success,0
TXN02984,CUST0444,ACC0444,2023-06-12,40264.95,Debit,MERCH083,LOC035,DEV146,UPI,Failed,0
TXN02985,CUST0413,ACC0413,2023-05-31,42152.95,Debit,MERCH098,LOC049,DEV082,NetBanking,Failed,0
TXN02986,CUST0232,ACC0232,2023-09-28,31477.39,Credit,MERCH024,LOC024,DEV176,Card,Success,0
TXN02987,CUST0420,ACC0420,2023-11-21,14044.19,Debit,MERCH089,LOC035,DEV171,UPI,Success,0
TXN02988,CUST0436,ACC0436,2024-12-13,17163.31,Credit,MERCH025,LOC033,DEV005,UPI,Failed,0
TXN02989,CUST0352,ACC0352,2023-12-13,7262.0,Debit,MERCH093,LOC028,DEV132,UPI,Success,0
TXN02990,CUST0155,ACC0155,2023-04-13,26876.04,Credit,MERCH086,LOC009,DEV043,Card,Success,0
TXN02991,CUST0015,ACC0015,2023-03-18,13088.72,Debit,MERCH035,LOC004,DEV025,NetBanking,Success,0
TXN02992,CUST0057,ACC0057,2023-07-09,22173.65,Debit,MERCH002,LOC013,DEV001,NetBanking,Failed,0
TXN02993,CUST0261,ACC0261,2024-05-08,43928.56,Debit,MERCH062,LOC003,DEV188,Card,Failed,0
TXN02994,CUST0294,ACC0294,2023-01-11,49569.66,Credit,MERCH031,LOC050,DEV120,Card,Success,0
TXN02995,CUST0194,ACC0194,2023-05-28,37036.11,Debit,MERCH054,LOC042,DEV124,Card,Failed,0
TXN02996,CUST0353,ACC0353,2023-03-09,31843.61,Debit,MERCH019,LOC003,DEV073,UPI,Failed,0
TXN02997,CUST0280,ACC0280,2024-06-20,42285.5,Debit,MERCH050,LOC037,DEV057,Card,Success,0
TXN02998,CUST0023,ACC0023,2023-08-20,44308.11,Credit,MERCH052,LOC017,DEV158,UPI,Success,0
TXN02999,CUST0220,ACC0220,2024-04-23,14960.61,Debit,MERCH005,LOC021,DEV184,NetBanking,Failed,0
TXN03000,CUST0464,ACC0464,2024-12-02,37648.94,Debit,MERCH033,LOC037,DEV009,NetBanking,Failed,0
TXN03001,CUST0495,ACC0495,2024-08-01,35979.94,Debit,MERCH044,LOC043,DEV030,Card,Success,0
TXN03002,CUST0362,ACC0362,2024-09-02,22558.9,Debit,MERCH048,LOC036,DEV147,UPI,Success,0
TXN03003,CUST0052,ACC0052,2023-07-12,19885.45,Debit,MERCH060,LOC001,DEV119,NetBanking,Failed,0
TXN03004,CUST0142,ACC0142,2023-06-29,5937.39,Debit,MERCH082,LOC026,DEV187,Card,Success,0
TXN03005,CUST0071,ACC0071,2023-12-16,47632.4,Debit,MERCH055,LOC037,DEV189,Card,Success,0
TXN03006,CUST0476,ACC0476,2023-01-26,27542.63,Credit,MERCH066,LOC001,DEV037,NetBanking,Success,0
TXN03007,CUST0443,ACC0443,2024-09-09,11633.66,Debit,MERCH080,LOC041,DEV022,Card,Success,0
TXN03008,CUST0003,ACC0003,2024-02-23,18136.28,Debit,MERCH044,LOC017,DEV097,UPI,Success,0
TXN03009,CUST0294,ACC0294,2023-08-11,38585.84,Debit,MERCH095,LOC006,DEV078,Card,Success,0
TXN03010,CUST0025,ACC0025,2023-04-01,7569.56,Debit,MERCH043,LOC024,DEV132,NetBanking,Success,0
TXN03011,CUST0488,ACC0488,2024-10-12,29166.19,Debit,MERCH098,LOC039,DEV117,Card,Success,0
TXN03012,CUST0052,ACC0052,2024-05-19,46450.91,Credit,MERCH045,LOC027,DEV129,UPI,Success,0
TXN03013,CUST0232,ACC0232,2023-02-28,44667.92,Debit,MERCH090,LOC025,DEV002,Card,Success,0
TXN03014,CUST0169,ACC0169,2023-04-06,48160.66,Debit,MERCH058,LOC025,DEV144,Card,Success,0
TXN03015,CUST0133,ACC0133,2023-04-29,37814.91,Credit,MERCH060,LOC043,DEV112,Card,Failed,0
TXN03016,CUST0440,ACC0440,2023-03-04,519.03,Debit,MERCH084,LOC046,DEV151,Card,Success,0
TXN03017,CUST0410,ACC0410,2024-04-10,33832.3,Debit,MERCH098,LOC016,DEV012,UPI,Failed,0
TXN03018,CUST0117,ACC0117,2023-08-20,8893.5,Credit,MERCH043,LOC049,DEV128,NetBanking,Failed,0
TXN03019,CUST0459,ACC0459,2023-09-28,49727.52,Debit,MERCH036,LOC035,DEV012,Card,Success,0
TXN03020,CUST0301,ACC0301,2023-11-07,35060.43,Debit,MERCH045,LOC025,DEV006,Card,Success,0
TXN03021,CUST0439,ACC0439,2023-12-16,42264.02,Credit,MERCH100,LOC038,DEV093,UPI,Success,0
TXN03022,CUST0419,ACC0419,2024-08-16,35920.05,Credit,MERCH016,LOC007,DEV028,Card,Failed,0
TXN03023,CUST0027,ACC0027,2024-05-10,47670.49,Credit,MERCH040,LOC029,DEV093,NetBanking,Failed,0
TXN03024,CUST0149,ACC0149,2024-11-20,37171.83,Debit,MERCH020,LOC033,DEV145,Card,Failed,0
TXN03025,CUST0405,ACC0405,2024-04-11,7627.45,Debit,MERCH035,LOC044,DEV007,Card,Success,0
TXN03026,CUST0389,ACC0389,2023-07-28,29019.5,Debit,MERCH068,LOC023,DEV190,NetBanking,Failed,0
TXN03027,CUST0214,ACC0214,2023-01-12,42150.41,Debit,MERCH009,LOC014,DEV133,Card,Failed,0
TXN03028,CUST0068,ACC0068,2024-02-24,39100.3,Debit,MERCH057,LOC030,DEV113,Card,Failed,0
TXN03029,CUST0306,ACC0306,2024-01-19,23445.95,Credit,MERCH064,LOC030,DEV151,UPI,Success,0
TXN03030,CUST0095,ACC0095,2024-03-30,3534.47,Debit,MERCH098,LOC016,DEV092,UPI,Failed,0
TXN03031,CUST0064,ACC0064,2023-05-14,27717.24,Debit,MERCH005,LOC027,DEV139,Card,Success,0
TXN03032,CUST0496,ACC0496,2024-10-30,45818.52,Debit,MERCH088,LOC050,DEV062,Card,Success,0
TXN03033,CUST0027,ACC0027,2023-05-27,10822.97,Debit,MERCH003,LOC026,DEV182,NetBanking,Success,0
TXN03034,CUST0456,ACC0456,2023-01-29,41734.2,Debit,MERCH001,LOC026,DEV157,Card,Success,0
TXN03035,CUST0177,ACC0177,2024-11-01,6569.21,Credit,MERCH042,LOC050,DEV036,Card,Failed,0
TXN03036,CUST0307,ACC0307,2023-11-09,4562.68,Debit,MERCH007,LOC003,DEV098,NetBanking,Success,0
TXN03037,CUST0442,ACC0442,2023-09-29,12727.73,Debit,MERCH100,LOC022,DEV063,NetBanking,Success,0
TXN03038,CUST0055,ACC0055,2023-04-30,48094.24,Debit,MERCH045,LOC020,DEV037,NetBanking,Success,0
TXN03039,CUST0272,ACC0272,2023-01-07,16232.97,Credit,MERCH047,LOC022,DEV008,Card,Success,0
TXN03040,CUST0246,ACC0246,2024-07-24,42989.01,Credit,MERCH004,LOC044,DEV047,Card,Failed,0
TXN03041,CUST0022,ACC0022,2023-08-23,36119.23,Debit,MERCH010,LOC031,DEV009,UPI,Success,0
TXN03042,CUST0462,ACC0462,2023-04-06,31090.53,Credit,MERCH027,LOC038,DEV199,Card,Failed,0
TXN03043,CUST0296,ACC0296,2024-11-08,6629.34,Credit,MERCH067,LOC032,DEV052,Card,Success,0
TXN03044,CUST0424,ACC0424,2024-12-17,3860.62,Debit,MERCH023,LOC037,DEV029,UPI,Success,0
TXN03045,CUST0243,ACC0243,2024-11-13,28893.0,Debit,MERCH031,LOC013,DEV195,Card,Success,0
TXN03046,CUST0094,ACC0094,2024-07-08,27857.56,Credit,MERCH011,LOC045,DEV011,UPI,Success,1
TXN03047,CUST0092,ACC0092,2024-06-23,24409.03,Debit,MERCH019,LOC044,DEV041,Card,Success,0
TXN03048,CUST0375,ACC0375,2024-12-21,32821.37,Debit,MERCH047,LOC020,DEV094,UPI,Failed,0
TXN03049,CUST0485,ACC0485,2023-10-06,3387.82,Credit,MERCH090,LOC005,DEV015,Card,Success,0
TXN03050,CUST0445,ACC0445,2023-10-03,20319.25,Credit,MERCH003,LOC050,DEV026,UPI,Success,0
TXN03051,CUST0183,ACC0183,2023-06-25,20317.4,Credit,MERCH007,LOC015,DEV185,NetBanking,Success,0
TXN03052,CUST0204,ACC0204,2023-02-26,24090.01,Debit,MERCH074,LOC024,DEV130,Card,Success,0
TXN03053,CUST0488,ACC0488,2024-05-20,7130.85,Debit,MERCH069,LOC046,DEV165,UPI,Failed,0
TXN03054,CUST0006,ACC0006,2024-03-12,2496.27,Debit,MERCH077,LOC010,DEV059,UPI,Success,0
TXN03055,CUST0069,ACC0069,2024-02-15,24297.06,Debit,MERCH059,LOC001,DEV025,Card,Success,0
TXN03056,CUST0187,ACC0187,2023-02-15,36132.23,Credit,MERCH078,LOC031,DEV172,NetBanking,Failed,0
TXN03057,CUST0068,ACC0068,2023-01-29,30890.39,Debit,MERCH072,LOC010,DEV141,Card,Success,0
TXN03058,CUST0371,ACC0371,2023-12-28,6360.08,Debit,MERCH001,LOC018,DEV148,UPI,Failed,0
TXN03059,CUST0332,ACC0332,2023-07-22,37709.84,Debit,MERCH014,LOC022,DEV138,NetBanking,Success,0
TXN03060,CUST0494,ACC0494,2024-10-08,45432.29,Debit,MERCH028,LOC039,DEV166,Card,Success,0
TXN03061,CUST0228,ACC0228,2023-03-27,14157.0,Debit,MERCH043,LOC030,DEV078,UPI,Failed,0
TXN03062,CUST0357,ACC0357,2023-04-24,49746.21,Debit,MERCH060,LOC016,DEV150,Card,Success,0
TXN03063,CUST0211,ACC0211,2023-06-12,19304.67,Debit,MERCH023,LOC020,DEV168,Card,Success,0
TXN03064,CUST0295,ACC0295,2024-04-26,36394.48,Credit,MERCH062,LOC011,DEV193,UPI,Failed,0
TXN03065,CUST0133,ACC0133,2023-11-01,9603.9,Debit,MERCH080,LOC030,DEV133,Card,Success,0
TXN03066,CUST0254,ACC0254,2023-06-18,30199.88,Debit,MERCH015,LOC022,DEV104,Card,Failed,0
TXN03067,CUST0386,ACC0386,2024-12-29,42577.91,Debit,MERCH074,LOC004,DEV196,UPI,Success,0
TXN03068,CUST0413,ACC0413,2023-08-20,13547.02,Debit,MERCH061,LOC038,DEV108,NetBanking,Success,0
TXN03069,CUST0493,ACC0493,2023-02-21,31342.89,Debit,MERCH054,LOC045,DEV091,UPI,Success,0
TXN03070,CUST0248,ACC0248,2023-08-22,23920.22,Debit,MERCH089,LOC050,DEV178,UPI,Success,0
TXN03071,CUST0427,ACC0427,2023-05-22,6338.24,Debit,MERCH077,LOC015,DEV014,Card,Success,0
TXN03072,CUST0305,ACC0305,2023-03-28,35905.73,Debit,MERCH019,LOC030,DEV062,Card,Success,0
TXN03073,CUST0056,ACC0056,2024-12-28,5726.76,Debit,MERCH009,LOC017,DEV126,Card,Success,0
TXN03074,CUST0492,ACC0492,2023-12-03,21084.15,Debit,MERCH017,LOC040,DEV058,UPI,Success,0
TXN03075,CUST0112,ACC0112,2023-12-04,30560.43,Credit,MERCH074,LOC035,DEV164,Card,Success,0
TXN03076,CUST0125,ACC0125,2024-10-24,38110.59,Credit,MERCH089,LOC031,DEV123,NetBanking,Failed,0
TXN03077,CUST0409,ACC0409,2023-03-26,49147.76,Debit,MERCH099,LOC011,DEV190,UPI,Success,0
TXN03078,CUST0155,ACC0155,2024-04-21,36443.27,Credit,MERCH093,LOC013,DEV037,UPI,Success,1
TXN03079,CUST0310,ACC0310,2024-07-30,844.17,Debit,MERCH039,LOC030,DEV105,UPI,Failed,0
TXN03080,CUST0035,ACC0035,2024-10-22,15622.62,Credit,MERCH032,LOC048,DEV181,UPI,Failed,0
TXN03081,CUST0167,ACC0167,2023-11-22,13027.39,Debit,MERCH016,LOC026,DEV159,UPI,Success,0
TXN03082,CUST0253,ACC0253,2024-09-05,7223.23,Credit,MERCH047,LOC018,DEV147,UPI,Failed,0
TXN03083,CUST0116,ACC0116,2024-09-28,9862.82,Credit,MERCH028,LOC048,DEV200,UPI,Success,0
TXN03084,CUST0344,ACC0344,2024-08-27,43263.06,Debit,MERCH072,LOC045,DEV057,Card,Failed,0
TXN03085,CUST0172,ACC0172,2024-04-12,9946.49,Debit,MERCH062,LOC015,DEV071,NetBanking,Success,0
TXN03086,CUST0175,ACC0175,2023-09-12,31472.11,Debit,MERCH055,LOC020,DEV026,UPI,Success,0
TXN03087,CUST0433,ACC0433,2023-07-03,7668.73,Debit,MERCH069,LOC024,DEV049,Card,Success,0
TXN03088,CUST0366,ACC0366,2024-04-14,7906.26,Debit,MERCH010,LOC026,DEV013,UPI,Success,0
TXN03089,CUST0065,ACC0065,2023-09-12,41083.89,Debit,MERCH012,LOC024,DEV092,Card,Success,0
TXN03090,CUST0167,ACC0167,2024-07-01,42967.01,Debit,MERCH020,LOC042,DEV176,UPI,Success,0
TXN03091,CUST0346,ACC0346,2023-11-03,47317.85,Debit,MERCH080,LOC011,DEV096,Card,Success,0
TXN03092,CUST0417,ACC0417,2024-01-17,42799.75,Debit,MERCH005,LOC032,DEV198,UPI,Success,0
TXN03093,CUST0265,ACC0265,2023-03-19,29339.81,Debit,MERCH096,LOC015,DEV187,UPI,Success,0
TXN03094,CUST0353,ACC0353,2023-11-14,30581.46,Debit,MERCH015,LOC022,DEV178,Card,Failed,0
TXN03095,CUST0255,ACC0255,2023-11-18,17929.22,Credit,MERCH030,LOC012,DEV132,UPI,Failed,0
TXN03096,CUST0324,ACC0324,2024-10-27,6616.47,Credit,MERCH056,LOC008,DEV191,Card,Success,1
TXN03097,CUST0211,ACC0211,2023-05-18,42276.53,Debit,MERCH031,LOC021,DEV034,UPI,Failed,0
TXN03098,CUST0005,ACC0005,2023-01-01,22937.16,Debit,MERCH008,LOC021,DEV156,UPI,Success,0
TXN03099,CUST0288,ACC0288,2024-11-06,19301.34,Credit,MERCH059,LOC005,DEV079,Card,Failed,0
TXN03100,CUST0098,ACC0098,2024-12-03,10827.81,Debit,MERCH076,LOC003,DEV028,Card,Success,0
TXN03101,CUST0023,ACC0023,2023-03-22,45827.21,Debit,MERCH077,LOC010,DEV125,Card,Success,0
TXN03102,CUST0426,ACC0426,2024-06-09,26246.03,Debit,MERCH051,LOC043,DEV030,NetBanking,Success,1
TXN03103,CUST0198,ACC0198,2023-09-06,27765.39,Credit,MERCH091,LOC035,DEV188,UPI,Failed,0
TXN03104,CUST0181,ACC0181,2023-04-01,26395.74,Credit,MERCH081,LOC003,DEV170,Card,Success,0
TXN03105,CUST0303,ACC0303,2024-01-26,16736.87,Debit,MERCH062,LOC012,DEV135,Card,Failed,0
TXN03106,CUST0018,ACC0018,2023-01-13,23984.41,Credit,MERCH093,LOC041,DEV142,UPI,Success,0
TXN03107,CUST0058,ACC0058,2024-11-20,33454.79,Credit,MERCH059,LOC014,DEV091,Card,Success,0
TXN03108,CUST0216,ACC0216,2023-10-17,936.24,Debit,MERCH029,LOC004,DEV197,NetBanking,Success,0
TXN03109,CUST0205,ACC0205,2024-09-10,22200.06,Debit,MERCH045,LOC019,DEV156,NetBanking,Success,0
TXN03110,CUST0281,ACC0281,2023-07-29,20612.22,Debit,MERCH062,LOC017,DEV145,UPI,Failed,0
TXN03111,CUST0019,ACC0019,2024-03-21,18976.96,Credit,MERCH048,LOC005,DEV144,NetBanking,Failed,0
TXN03112,CUST0173,ACC0173,2024-05-18,44666.11,Credit,MERCH006,LOC023,DEV172,UPI,Success,0
TXN03113,CUST0312,ACC0312,2024-01-10,41060.29,Debit,MERCH012,LOC033,DEV013,UPI,Success,0
TXN03114,CUST0470,ACC0470,2024-10-02,32808.26,Debit,MERCH018,LOC023,DEV136,UPI,Success,0
TXN03115,CUST0428,ACC0428,2023-12-21,21454.69,Debit,MERCH091,LOC031,DEV124,UPI,Failed,0
TXN03116,CUST0407,ACC0407,2023-09-05,970.5,Debit,MERCH064,LOC045,DEV143,UPI,Failed,0
TXN03117,CUST0247,ACC0247,2023-04-21,29615.54,Credit,MERCH071,LOC031,DEV173,UPI,Success,0
TXN03118,CUST0079,ACC0079,2023-01-13,42613.09,Debit,MERCH048,LOC019,DEV087,UPI,Success,0
TXN03119,CUST0165,ACC0165,2023-01-25,32926.3,Debit,MERCH096,LOC047,DEV010,Card,Success,0
TXN03120,CUST0341,ACC0341,2024-07-31,29328.15,Debit,MERCH052,LOC041,DEV118,NetBanking,Failed,0
TXN03121,CUST0122,ACC0122,2024-06-16,25524.59,Debit,MERCH013,LOC026,DEV055,UPI,Failed,0
TXN03122,CUST0007,ACC0007,2023-07-27,39926.78,Debit,MERCH008,LOC002,DEV008,Card,Success,0
TXN03123,CUST0298,ACC0298,2023-03-23,14587.93,Debit,MERCH029,LOC002,DEV126,Card,Success,0
TXN03124,CUST0355,ACC0355,2023-10-12,5362.51,Credit,MERCH053,LOC049,DEV100,NetBanking,Success,0
TXN03125,CUST0079,ACC0079,2024-06-08,30978.9,Debit,MERCH049,LOC011,DEV038,UPI,Success,0
TXN03126,CUST0173,ACC0173,2023-06-08,22644.46,Credit,MERCH017,LOC016,DEV010,Card,Success,1
TXN03127,CUST0067,ACC0067,2023-08-18,44837.15,Debit,MERCH060,LOC029,DEV027,Card,Success,0
TXN03128,CUST0095,ACC0095,2024-01-04,3986.68,Debit,MERCH067,LOC041,DEV043,Card,Success,0
TXN03129,CUST0396,ACC0396,2024-06-03,44133.96,Debit,MERCH056,LOC003,DEV182,UPI,Success,0
TXN03130,CUST0278,ACC0278,2023-04-28,42497.55,Debit,MERCH068,LOC036,DEV076,UPI,Failed,0
TXN03131,CUST0395,ACC0395,2023-10-10,24321.41,Debit,MERCH025,LOC027,DEV022,NetBanking,Failed,0
TXN03132,CUST0168,ACC0168,2023-05-24,23708.09,Debit,MERCH020,LOC001,DEV038,NetBanking,Success,0
TXN03133,CUST0082,ACC0082,2023-09-23,34719.28,Debit,MERCH025,LOC047,DEV019,UPI,Failed,0
TXN03134,CUST0126,ACC0126,2024-04-17,11773.54,Debit,MERCH010,LOC008,DEV137,UPI,Success,0
TXN03135,CUST0017,ACC0017,2024-12-13,7667.35,Debit,MERCH078,LOC049,DEV064,Card,Success,0
TXN03136,CUST0343,ACC0343,2024-08-10,20467.77,Debit,MERCH012,LOC033,DEV146,Card,Success,0
TXN03137,CUST0427,ACC0427,2023-05-08,41549.42,Debit,MERCH049,LOC043,DEV174,NetBanking,Success,0
TXN03138,CUST0307,ACC0307,2023-05-27,44425.12,Credit,MERCH006,LOC015,DEV068,Card,Success,0
TXN03139,CUST0041,ACC0041,2023-10-15,4707.16,Debit,MERCH072,LOC041,DEV027,UPI,Success,0
TXN03140,CUST0160,ACC0160,2023-01-10,47441.43,Debit,MERCH082,LOC008,DEV114,Card,Success,0
TXN03141,CUST0448,ACC0448,2024-08-24,33442.4,Debit,MERCH005,LOC033,DEV093,Card,Failed,0
TXN03142,CUST0213,ACC0213,2023-01-02,28647.61,Debit,MERCH059,LOC007,DEV076,Card,Failed,0
TXN03143,CUST0339,ACC0339,2024-05-30,22965.63,Debit,MERCH034,LOC023,DEV196,UPI,Success,0
TXN03144,CUST0467,ACC0467,2024-02-04,13624.73,Debit,MERCH085,LOC031,DEV154,Card,Success,0
TXN03145,CUST0138,ACC0138,2023-02-25,22776.95,Debit,MERCH058,LOC017,DEV067,Card,Success,0
TXN03146,CUST0317,ACC0317,2024-10-04,29052.19,Credit,MERCH030,LOC016,DEV156,NetBanking,Success,0
TXN03147,CUST0055,ACC0055,2024-12-26,11476.53,Debit,MERCH081,LOC026,DEV077,NetBanking,Success,0
TXN03148,CUST0037,ACC0037,2023-01-05,41681.11,Debit,MERCH058,LOC023,DEV060,UPI,Success,0
TXN03149,CUST0482,ACC0482,2023-03-08,35156.01,Debit,MERCH051,LOC016,DEV023,NetBanking,Success,0
TXN03150,CUST0351,ACC0351,2023-02-07,4106.65,Credit,MERCH013,LOC011,DEV083,NetBanking,Success,0
TXN03151,CUST0116,ACC0116,2024-02-10,1920.72,Debit,MERCH038,LOC034,DEV103,Card,Success,0
TXN03152,CUST0238,ACC0238,2024-09-05,15050.67,Credit,MERCH067,LOC005,DEV120,NetBanking,Success,0
TXN03153,CUST0007,ACC0007,2024-10-27,12360.5,Debit,MERCH059,LOC030,DEV002,UPI,Success,0
TXN03154,CUST0386,ACC0386,2023-03-15,22253.56,Credit,MERCH040,LOC039,DEV051,UPI,Success,0
TXN03155,CUST0415,ACC0415,2023-07-26,40802.87,Credit,MERCH010,LOC029,DEV028,UPI,Success,0
TXN03156,CUST0294,ACC0294,2024-12-21,37956.54,Debit,MERCH022,LOC006,DEV069,UPI,Success,0
TXN03157,CUST0147,ACC0147,2023-10-28,4352.24,Debit,MERCH058,LOC018,DEV059,Card,Failed,0
TXN03158,CUST0119,ACC0119,2023-08-27,33295.89,Debit,MERCH090,LOC022,DEV096,NetBanking,Failed,0
TXN03159,CUST0482,ACC0482,2023-06-15,11479.15,Credit,MERCH094,LOC015,DEV093,UPI,Success,0
TXN03160,CUST0125,ACC0125,2023-01-02,43827.88,Debit,MERCH052,LOC023,DEV055,UPI,Success,0
TXN03161,CUST0369,ACC0369,2024-01-31,35895.77,Credit,MERCH031,LOC007,DEV117,NetBanking,Failed,0
TXN03162,CUST0111,ACC0111,2024-08-04,43459.21,Debit,MERCH092,LOC047,DEV039,Card,Success,0
TXN03163,CUST0476,ACC0476,2023-07-20,39649.35,Debit,MERCH043,LOC043,DEV063,NetBanking,Failed,0
TXN03164,CUST0428,ACC0428,2024-09-28,7714.02,Credit,MERCH085,LOC006,DEV067,Card,Failed,0
TXN03165,CUST0360,ACC0360,2023-03-22,49552.1,Debit,MERCH098,LOC031,DEV156,UPI,Success,0
TXN03166,CUST0200,ACC0200,2024-03-26,46864.42,Debit,MERCH083,LOC007,DEV123,Card,Success,0
TXN03167,CUST0447,ACC0447,2023-08-23,41246.59,Debit,MERCH016,LOC025,DEV035,Card,Success,0
TXN03168,CUST0174,ACC0174,2023-01-26,19690.41,Debit,MERCH051,LOC020,DEV103,NetBanking,Success,0
TXN03169,CUST0107,ACC0107,2024-08-29,26778.98,Credit,MERCH038,LOC043,DEV161,NetBanking,Success,0
TXN03170,CUST0331,ACC0331,2023-12-02,18062.93,Debit,MERCH017,LOC031,DEV179,UPI,Success,0
TXN03171,CUST0431,ACC0431,2023-04-12,36228.72,Credit,MERCH017,LOC039,DEV167,Card,Success,0
TXN03172,CUST0029,ACC0029,2023-12-04,1241.49,Credit,MERCH086,LOC006,DEV029,UPI,Success,1
TXN03173,CUST0342,ACC0342,2023-02-26,4204.05,Credit,MERCH075,LOC030,DEV050,Card,Success,0
TXN03174,CUST0288,ACC0288,2023-09-22,39399.68,Debit,MERCH030,LOC001,DEV013,NetBanking,Success,0
TXN03175,CUST0345,ACC0345,2024-07-23,25624.09,Debit,MERCH074,LOC040,DEV014,UPI,Failed,0
TXN03176,CUST0392,ACC0392,2024-11-27,34345.59,Credit,MERCH017,LOC013,DEV173,NetBanking,Failed,0
TXN03177,CUST0478,ACC0478,2023-08-12,3725.14,Debit,MERCH060,LOC041,DEV063,Card,Success,0
TXN03178,CUST0322,ACC0322,2024-02-27,42811.11,Debit,MERCH009,LOC039,DEV036,Card,Failed,0
TXN03179,CUST0065,ACC0065,2023-03-15,38616.4,Debit,MERCH028,LOC049,DEV021,NetBanking,Success,1
TXN03180,CUST0270,ACC0270,2024-02-12,41106.27,Credit,MERCH009,LOC041,DEV162,UPI,Failed,0
TXN03181,CUST0322,ACC0322,2023-08-17,41432.08,Debit,MERCH034,LOC049,DEV030,UPI,Failed,0
TXN03182,CUST0354,ACC0354,2024-10-04,21846.28,Credit,MERCH081,LOC040,DEV152,UPI,Success,0
TXN03183,CUST0034,ACC0034,2024-02-28,42388.45,Debit,MERCH019,LOC015,DEV148,Card,Success,0
TXN03184,CUST0342,ACC0342,2023-03-11,35665.2,Debit,MERCH069,LOC010,DEV163,UPI,Success,0
TXN03185,CUST0413,ACC0413,2024-02-16,40261.91,Debit,MERCH078,LOC016,DEV119,UPI,Failed,0
TXN03186,CUST0299,ACC0299,2023-09-24,30270.42,Debit,MERCH041,LOC012,DEV158,NetBanking,Success,0
TXN03187,CUST0213,ACC0213,2023-09-21,12944.0,Debit,MERCH096,LOC041,DEV110,NetBanking,Success,0
TXN03188,CUST0393,ACC0393,2024-12-21,36495.82,Debit,MERCH029,LOC015,DEV012,Card,Success,0
TXN03189,CUST0219,ACC0219,2023-09-21,1264.19,Debit,MERCH062,LOC006,DEV086,NetBanking,Success,0
TXN03190,CUST0163,ACC0163,2024-12-20,17418.61,Credit,MERCH068,LOC031,DEV157,UPI,Success,0
TXN03191,CUST0027,ACC0027,2023-06-25,46118.6,Debit,MERCH094,LOC018,DEV100,NetBanking,Success,1
TXN03192,CUST0489,ACC0489,2023-08-30,23424.71,Credit,MERCH051,LOC026,DEV186,UPI,Success,0
TXN03193,CUST0012,ACC0012,2023-08-10,7330.42,Debit,MERCH001,LOC012,DEV160,Card,Success,0
TXN03194,CUST0164,ACC0164,2023-12-19,32911.8,Credit,MERCH099,LOC015,DEV185,NetBanking,Failed,0
TXN03195,CUST0234,ACC0234,2024-08-07,9818.49,Credit,MERCH009,LOC037,DEV165,Card,Success,0
TXN03196,CUST0418,ACC0418,2023-05-30,12780.05,Debit,MERCH062,LOC044,DEV056,Card,Success,0
TXN03197,CUST0201,ACC0201,2024-04-11,641.88,Credit,MERCH051,LOC042,DEV119,NetBanking,Success,0
TXN03198,CUST0442,ACC0442,2024-03-17,5248.44,Debit,MERCH021,LOC014,DEV054,UPI,Success,0
TXN03199,CUST0016,ACC0016,2023-01-15,27174.87,Credit,MERCH066,LOC045,DEV038,Card,Success,1
TXN03200,CUST0296,ACC0296,2023-06-20,31432.52,Debit,MERCH029,LOC011,DEV029,NetBanking,Failed,0
TXN03201,CUST0021,ACC0021,2024-04-28,34163.45,Debit,MERCH057,LOC015,DEV184,NetBanking,Success,0
TXN03202,CUST0219,ACC0219,2023-12-28,38136.71,Debit,MERCH061,LOC009,DEV002,Card,Success,0
TXN03203,CUST0033,ACC0033,2024-09-23,22487.0,Debit,MERCH033,LOC044,DEV018,UPI,Success,0
TXN03204,CUST0224,ACC0224,2024-11-29,35837.67,Credit,MERCH042,LOC005,DEV041,Card,Success,0
TXN03205,CUST0320,ACC0320,2023-12-02,17706.45,Debit,MERCH011,LOC003,DEV132,UPI,Success,0
TXN03206,CUST0059,ACC0059,2024-09-25,15213.55,Debit,MERCH023,LOC014,DEV177,NetBanking,Success,0
TXN03207,CUST0025,ACC0025,2023-01-14,10529.71,Credit,MERCH042,LOC003,DEV040,UPI,Success,0
TXN03208,CUST0382,ACC0382,2024-10-31,26470.91,Debit,MERCH082,LOC018,DEV051,UPI,Success,0
TXN03209,CUST0234,ACC0234,2023-12-05,40353.59,Debit,MERCH099,LOC037,DEV037,NetBanking,Failed,0
TXN03210,CUST0435,ACC0435,2024-07-27,1555.29,Debit,MERCH091,LOC026,DEV057,NetBanking,Failed,0
TXN03211,CUST0064,ACC0064,2024-03-08,42019.68,Credit,MERCH094,LOC044,DEV079,Card,Failed,0
TXN03212,CUST0005,ACC0005,2023-09-12,10356.75,Debit,MERCH033,LOC005,DEV005,UPI,Success,0
TXN03213,CUST0200,ACC0200,2023-04-12,21822.91,Credit,MERCH070,LOC019,DEV075,Card,Success,1
TXN03214,CUST0404,ACC0404,2023-12-06,27638.34,Debit,MERCH039,LOC010,DEV149,UPI,Success,0
TXN03215,CUST0485,ACC0485,2024-02-27,41515.27,Debit,MERCH016,LOC023,DEV002,UPI,Success,0
TXN03216,CUST0163,ACC0163,2023-01-19,32727.14,Credit,MERCH099,LOC013,DEV032,Card,Success,0
TXN03217,CUST0169,ACC0169,2023-06-16,35432.0,Debit,MERCH018,LOC043,DEV142,Card,Success,0
TXN03218,CUST0479,ACC0479,2023-02-19,16252.64,Debit,MERCH083,LOC029,DEV163,NetBanking,Failed,0
TXN03219,CUST0156,ACC0156,2023-08-29,17524.58,Debit,MERCH052,LOC012,DEV088,Card,Success,0
TXN03220,CUST0383,ACC0383,2024-11-23,9963.94,Debit,MERCH043,LOC050,DEV041,Card,Success,0
TXN03221,CUST0419,ACC0419,2023-11-29,16001.1,Debit,MERCH058,LOC046,DEV140,Card,Failed,0
TXN03222,CUST0283,ACC0283,2024-07-05,8899.56,Debit,MERCH036,LOC035,DEV151,UPI,Success,0
TXN03223,CUST0010,ACC0010,2023-09-01,1042.61,Debit,MERCH016,LOC035,DEV111,Card,Failed,0
TXN03224,CUST0035,ACC0035,2023-11-13,41349.52,Debit,MERCH090,LOC022,DEV178,UPI,Success,0
TXN03225,CUST0394,ACC0394,2023-10-30,33054.51,Debit,MERCH046,LOC037,DEV105,Card,Success,0
TXN03226,CUST0227,ACC0227,2023-11-25,22273.62,Debit,MERCH058,LOC038,DEV141,NetBanking,Success,0
TXN03227,CUST0115,ACC0115,2023-01-19,35446.63,Credit,MERCH019,LOC029,DEV065,Card,Failed,0
TXN03228,CUST0167,ACC0167,2024-11-30,5248.79,Debit,MERCH074,LOC030,DEV010,Card,Success,0
TXN03229,CUST0409,ACC0409,2023-04-22,43915.82,Debit,MERCH026,LOC025,DEV182,UPI,Success,0
TXN03230,CUST0268,ACC0268,2024-09-01,38853.77,Debit,MERCH056,LOC044,DEV192,UPI,Success,0
TXN03231,CUST0037,ACC0037,2023-05-14,33597.37,Debit,MERCH064,LOC018,DEV100,NetBanking,Success,0
TXN03232,CUST0463,ACC0463,2023-04-19,37036.66,Credit,MERCH082,LOC022,DEV179,UPI,Success,0
TXN03233,CUST0202,ACC0202,2023-02-19,45622.65,Debit,MERCH096,LOC035,DEV133,UPI,Failed,0
TXN03234,CUST0347,ACC0347,2023-12-28,44131.61,Debit,MERCH066,LOC042,DEV027,UPI,Failed,0
TXN03235,CUST0280,ACC0280,2023-09-22,38808.32,Credit,MERCH090,LOC016,DEV014,NetBanking,Failed,0
TXN03236,CUST0365,ACC0365,2024-08-05,477.22,Credit,MERCH037,LOC040,DEV150,UPI,Success,0
TXN03237,CUST0314,ACC0314,2024-10-31,41201.93,Debit,MERCH088,LOC042,DEV169,Card,Failed,0
TXN03238,CUST0130,ACC0130,2023-11-14,13891.33,Credit,MERCH075,LOC011,DEV191,UPI,Failed,0
TXN03239,CUST0219,ACC0219,2023-05-19,19310.79,Debit,MERCH058,LOC023,DEV146,Card,Success,0
TXN03240,CUST0056,ACC0056,2024-12-06,19580.41,Debit,MERCH066,LOC014,DEV157,Card,Success,0
TXN03241,CUST0265,ACC0265,2023-12-04,47742.5,Debit,MERCH078,LOC046,DEV147,NetBanking,Failed,0
TXN03242,CUST0495,ACC0495,2024-03-15,18225.52,Credit,MERCH064,LOC022,DEV107,Card,Success,0
TXN03243,CUST0341,ACC0341,2024-07-19,3648.57,Debit,MERCH087,LOC003,DEV126,Card,Success,0
TXN03244,CUST0431,ACC0431,2024-12-11,10565.27,Debit,MERCH060,LOC025,DEV025,Card,Failed,0
TXN03245,CUST0451,ACC0451,2024-12-03,31859.21,Debit,MERCH001,LOC032,DEV131,UPI,Success,0
TXN03246,CUST0274,ACC0274,2023-08-12,19425.81,Debit,MERCH092,LOC033,DEV083,UPI,Success,0
TXN03247,CUST0145,ACC0145,2023-01-14,11853.0,Credit,MERCH071,LOC022,DEV175,UPI,Success,0
TXN03248,CUST0393,ACC0393,2023-02-14,36415.87,Debit,MERCH088,LOC026,DEV081,UPI,Success,0
TXN03249,CUST0101,ACC0101,2023-06-12,22957.11,Debit,MERCH058,LOC010,DEV068,Card,Success,0
TXN03250,CUST0305,ACC0305,2024-12-07,2728.82,Debit,MERCH063,LOC005,DEV075,UPI,Success,0
TXN03251,CUST0218,ACC0218,2024-09-19,16520.47,Debit,MERCH045,LOC045,DEV116,UPI,Success,0
TXN03252,CUST0022,ACC0022,2023-06-02,1885.56,Debit,MERCH033,LOC005,DEV050,Card,Failed,0
TXN03253,CUST0215,ACC0215,2023-11-13,13310.17,Debit,MERCH051,LOC008,DEV197,Card,Failed,0
TXN03254,CUST0082,ACC0082,2023-04-21,27573.07,Debit,MERCH094,LOC049,DEV004,UPI,Success,0
TXN03255,CUST0432,ACC0432,2024-03-04,16280.14,Credit,MERCH022,LOC010,DEV139,Card,Success,0
TXN03256,CUST0333,ACC0333,2023-08-31,32827.95,Debit,MERCH038,LOC019,DEV108,UPI,Failed,0
TXN03257,CUST0286,ACC0286,2024-12-12,17667.42,Debit,MERCH044,LOC038,DEV086,UPI,Success,0
TXN03258,CUST0027,ACC0027,2023-05-10,48477.79,Debit,MERCH001,LOC032,DEV128,UPI,Failed,0
TXN03259,CUST0250,ACC0250,2024-07-05,30305.47,Debit,MERCH063,LOC027,DEV050,Card,Success,0
TXN03260,CUST0296,ACC0296,2024-09-07,3132.74,Debit,MERCH089,LOC048,DEV063,Card,Success,0
TXN03261,CUST0205,ACC0205,2024-08-02,18882.63,Credit,MERCH088,LOC012,DEV039,UPI,Success,0
TXN03262,CUST0032,ACC0032,2024-07-31,22233.92,Debit,MERCH014,LOC030,DEV198,Card,Failed,0
TXN03263,CUST0311,ACC0311,2023-02-08,21611.71,Debit,MERCH087,LOC007,DEV045,Card,Success,0
TXN03264,CUST0020,ACC0020,2023-02-27,10399.96,Debit,MERCH059,LOC028,DEV154,UPI,Success,0
TXN03265,CUST0244,ACC0244,2023-06-17,45622.61,Debit,MERCH025,LOC044,DEV061,Card,Success,0
TXN03266,CUST0387,ACC0387,2024-12-03,40903.98,Debit,MERCH049,LOC042,DEV157,NetBanking,Success,0
TXN03267,CUST0076,ACC0076,2023-04-26,172.1,Debit,MERCH021,LOC012,DEV107,Card,Success,0
TXN03268,CUST0022,ACC0022,2023-02-26,44890.89,Debit,MERCH057,LOC048,DEV072,UPI,Success,0
TXN03269,CUST0094,ACC0094,2024-04-09,38981.22,Debit,MERCH070,LOC035,DEV114,Card,Success,0
TXN03270,CUST0405,ACC0405,2023-06-20,44538.67,Debit,MERCH025,LOC010,DEV041,UPI,Failed,0
TXN03271,CUST0355,ACC0355,2024-11-07,25951.73,Debit,MERCH074,LOC036,DEV014,UPI,Success,0
TXN03272,CUST0462,ACC0462,2023-10-26,12971.38,Debit,MERCH035,LOC032,DEV105,Card,Success,0
TXN03273,CUST0007,ACC0007,2024-08-04,20876.95,Credit,MERCH089,LOC041,DEV066,UPI,Success,0
TXN03274,CUST0470,ACC0470,2023-12-17,8885.36,Debit,MERCH071,LOC030,DEV178,Card,Failed,0
TXN03275,CUST0129,ACC0129,2024-04-25,24766.16,Debit,MERCH090,LOC045,DEV156,NetBanking,Success,0
TXN03276,CUST0140,ACC0140,2024-03-02,15938.12,Credit,MERCH012,LOC010,DEV158,Card,Success,0
TXN03277,CUST0264,ACC0264,2024-05-27,30352.85,Debit,MERCH008,LOC039,DEV035,UPI,Success,0
TXN03278,CUST0263,ACC0263,2023-05-31,44684.36,Credit,MERCH004,LOC001,DEV088,UPI,Success,0
TXN03279,CUST0101,ACC0101,2024-05-19,3772.86,Credit,MERCH094,LOC046,DEV102,NetBanking,Success,0
TXN03280,CUST0278,ACC0278,2024-06-11,578.19,Debit,MERCH049,LOC020,DEV121,UPI,Failed,0
TXN03281,CUST0497,ACC0497,2024-08-14,41913.78,Debit,MERCH075,LOC034,DEV049,UPI,Failed,0
TXN03282,CUST0460,ACC0460,2023-05-07,44011.86,Debit,MERCH048,LOC044,DEV176,Card,Success,0
TXN03283,CUST0139,ACC0139,2023-03-27,41930.82,Debit,MERCH072,LOC044,DEV067,UPI,Success,0
TXN03284,CUST0285,ACC0285,2023-01-21,26138.86,Debit,MERCH001,LOC045,DEV132,UPI,Failed,0
TXN03285,CUST0400,ACC0400,2024-12-02,20049.29,Debit,MERCH060,LOC042,DEV027,UPI,Success,1
TXN03286,CUST0371,ACC0371,2023-02-26,23591.22,Debit,MERCH055,LOC036,DEV149,Card,Success,0
TXN03287,CUST0191,ACC0191,2024-03-29,29875.27,Debit,MERCH086,LOC004,DEV084,Card,Success,0
TXN03288,CUST0499,ACC0499,2023-03-10,4624.96,Debit,MERCH007,LOC007,DEV128,NetBanking,Success,0
TXN03289,CUST0285,ACC0285,2024-01-06,1452.45,Debit,MERCH045,LOC043,DEV074,UPI,Success,0
TXN03290,CUST0290,ACC0290,2024-04-29,8215.44,Debit,MERCH087,LOC012,DEV159,UPI,Success,0
TXN03291,CUST0462,ACC0462,2024-04-26,18255.5,Credit,MERCH087,LOC045,DEV168,NetBanking,Success,0
TXN03292,CUST0340,ACC0340,2023-12-08,32018.19,Credit,MERCH096,LOC029,DEV192,NetBanking,Success,0
TXN03293,CUST0159,ACC0159,2023-09-18,41579.26,Debit,MERCH087,LOC044,DEV158,UPI,Success,0
TXN03294,CUST0391,ACC0391,2023-09-22,33464.01,Debit,MERCH037,LOC008,DEV090,UPI,Success,0
TXN03295,CUST0399,ACC0399,2023-08-05,22068.38,Debit,MERCH025,LOC016,DEV118,UPI,Success,0
TXN03296,CUST0480,ACC0480,2024-09-19,38379.15,Credit,MERCH095,LOC037,DEV198,Card,Failed,0
TXN03297,CUST0402,ACC0402,2024-12-04,30415.85,Debit,MERCH099,LOC001,DEV136,Card,Failed,0
TXN03298,CUST0164,ACC0164,2023-12-18,24845.41,Credit,MERCH006,LOC024,DEV134,UPI,Success,0
TXN03299,CUST0153,ACC0153,2024-09-22,36193.19,Debit,MERCH079,LOC003,DEV132,NetBanking,Success,0
TXN03300,CUST0030,ACC0030,2023-08-05,47802.33,Credit,MERCH006,LOC044,DEV092,Card,Success,0
TXN03301,CUST0228,ACC0228,2023-09-19,13313.39,Credit,MERCH048,LOC049,DEV063,UPI,Success,0
TXN03302,CUST0163,ACC0163,2023-05-29,48702.01,Debit,MERCH012,LOC045,DEV015,NetBanking,Success,0
TXN03303,CUST0467,ACC0467,2024-12-18,25928.01,Debit,MERCH087,LOC028,DEV131,UPI,Failed,0
TXN03304,CUST0313,ACC0313,2024-07-21,33432.19,Debit,MERCH046,LOC037,DEV106,Card,Success,0
TXN03305,CUST0061,ACC0061,2024-05-27,33317.12,Credit,MERCH089,LOC035,DEV003,UPI,Success,0
TXN03306,CUST0450,ACC0450,2023-02-10,44243.25,Credit,MERCH079,LOC032,DEV170,UPI,Success,0
TXN03307,CUST0478,ACC0478,2023-05-18,482.16,Debit,MERCH067,LOC031,DEV141,Card,Success,0
TXN03308,CUST0443,ACC0443,2023-04-15,35927.17,Debit,MERCH088,LOC017,DEV156,UPI,Success,0
TXN03309,CUST0374,ACC0374,2024-07-06,14038.04,Credit,MERCH075,LOC016,DEV117,Card,Success,0
TXN03310,CUST0491,ACC0491,2023-04-17,24114.86,Debit,MERCH024,LOC006,DEV068,NetBanking,Failed,0
TXN03311,CUST0221,ACC0221,2023-03-22,22927.66,Debit,MERCH045,LOC010,DEV160,Card,Success,0
TXN03312,CUST0427,ACC0427,2023-07-05,21219.97,Credit,MERCH061,LOC022,DEV076,Card,Failed,0
TXN03313,CUST0143,ACC0143,2023-12-04,25660.42,Debit,MERCH001,LOC008,DEV157,Card,Success,0
TXN03314,CUST0475,ACC0475,2023-05-20,36116.08,Debit,MERCH001,LOC045,DEV085,NetBanking,Failed,0
TXN03315,CUST0493,ACC0493,2024-09-08,21776.46,Debit,MERCH075,LOC014,DEV065,Card,Success,0
TXN03316,CUST0193,ACC0193,2023-09-13,25820.83,Debit,MERCH068,LOC019,DEV076,UPI,Success,0
TXN03317,CUST0246,ACC0246,2024-09-10,12157.94,Credit,MERCH009,LOC024,DEV105,Card,Success,0
TXN03318,CUST0284,ACC0284,2024-02-16,6848.35,Debit,MERCH060,LOC002,DEV169,UPI,Success,0
TXN03319,CUST0215,ACC0215,2023-12-10,30683.79,Debit,MERCH014,LOC025,DEV009,NetBanking,Success,0
TXN03320,CUST0068,ACC0068,2024-12-24,6570.29,Debit,MERCH057,LOC044,DEV046,Card,Success,0
TXN03321,CUST0414,ACC0414,2024-10-28,35787.89,Debit,MERCH082,LOC042,DEV042,Card,Failed,0
TXN03322,CUST0146,ACC0146,2023-11-02,22855.58,Credit,MERCH014,LOC009,DEV161,Card,Success,0
TXN03323,CUST0040,ACC0040,2023-08-03,27203.14,Credit,MERCH063,LOC035,DEV195,UPI,Success,0
TXN03324,CUST0409,ACC0409,2023-02-18,45313.23,Debit,MERCH039,LOC023,DEV160,Card,Success,0
TXN03325,CUST0442,ACC0442,2024-06-06,16599.89,Credit,MERCH042,LOC046,DEV076,Card,Success,0
TXN03326,CUST0041,ACC0041,2024-06-19,46508.11,Debit,MERCH022,LOC043,DEV134,UPI,Success,0
TXN03327,CUST0361,ACC0361,2024-07-07,19092.23,Debit,MERCH079,LOC018,DEV100,NetBanking,Success,0
TXN03328,CUST0302,ACC0302,2024-09-12,26322.31,Debit,MERCH069,LOC019,DEV115,Card,Success,0
TXN03329,CUST0453,ACC0453,2023-02-06,16450.51,Debit,MERCH087,LOC011,DEV158,UPI,Success,0
TXN03330,CUST0277,ACC0277,2024-07-22,43359.03,Debit,MERCH021,LOC002,DEV054,Card,Success,0
TXN03331,CUST0445,ACC0445,2024-03-18,47235.03,Credit,MERCH057,LOC048,DEV124,NetBanking,Success,0
TXN03332,CUST0280,ACC0280,2024-02-03,6852.39,Debit,MERCH068,LOC030,DEV190,NetBanking,Success,0
TXN03333,CUST0194,ACC0194,2023-01-30,36132.64,Debit,MERCH058,LOC036,DEV058,UPI,Failed,0
TXN03334,CUST0426,ACC0426,2023-10-03,21909.69,Debit,MERCH024,LOC043,DEV138,UPI,Failed,0
TXN03335,CUST0117,ACC0117,2023-08-16,13334.69,Debit,MERCH032,LOC022,DEV109,Card,Failed,0
TXN03336,CUST0089,ACC0089,2023-07-17,47704.29,Credit,MERCH083,LOC046,DEV197,UPI,Failed,0
TXN03337,CUST0019,ACC0019,2023-02-27,12771.74,Debit,MERCH061,LOC014,DEV016,UPI,Success,0
TXN03338,CUST0483,ACC0483,2023-05-09,38808.66,Debit,MERCH058,LOC002,DEV080,UPI,Success,0
TXN03339,CUST0364,ACC0364,2023-06-17,39443.53,Debit,MERCH038,LOC027,DEV134,UPI,Success,0
TXN03340,CUST0310,ACC0310,2024-12-18,34212.46,Credit,MERCH084,LOC003,DEV076,NetBanking,Failed,0
TXN03341,CUST0054,ACC0054,2023-04-17,20807.67,Debit,MERCH054,LOC041,DEV074,NetBanking,Success,0
TXN03342,CUST0205,ACC0205,2024-10-22,23038.72,Credit,MERCH002,LOC020,DEV072,NetBanking,Success,0
TXN03343,CUST0264,ACC0264,2024-11-18,46375.23,Credit,MERCH096,LOC015,DEV054,Card,Failed,0
TXN03344,CUST0096,ACC0096,2024-12-29,8956.87,Debit,MERCH043,LOC023,DEV137,UPI,Success,0
TXN03345,CUST0239,ACC0239,2024-12-07,21913.28,Credit,MERCH079,LOC017,DEV081,UPI,Success,0
TXN03346,CUST0299,ACC0299,2024-08-30,33890.58,Debit,MERCH036,LOC003,DEV125,Card,Failed,0
TXN03347,CUST0212,ACC0212,2023-01-25,31827.19,Debit,MERCH017,LOC046,DEV013,NetBanking,Success,0
TXN03348,CUST0116,ACC0116,2023-09-08,28817.24,Debit,MERCH065,LOC032,DEV024,UPI,Success,0
TXN03349,CUST0444,ACC0444,2024-01-20,7231.85,Debit,MERCH080,LOC004,DEV083,UPI,Success,0
TXN03350,CUST0457,ACC0457,2024-07-15,38764.28,Debit,MERCH047,LOC014,DEV053,UPI,Success,0
TXN03351,CUST0235,ACC0235,2023-10-14,41893.37,Debit,MERCH059,LOC002,DEV034,UPI,Failed,0
TXN03352,CUST0326,ACC0326,2024-11-02,22520.1,Credit,MERCH049,LOC024,DEV156,UPI,Success,0
TXN03353,CUST0221,ACC0221,2024-11-06,31068.7,Debit,MERCH044,LOC037,DEV088,Card,Success,0
TXN03354,CUST0314,ACC0314,2024-08-06,18574.14,Debit,MERCH084,LOC016,DEV177,Card,Success,0
TXN03355,CUST0323,ACC0323,2024-02-01,6743.49,Credit,MERCH047,LOC019,DEV020,UPI,Success,0
TXN03356,CUST0287,ACC0287,2023-08-18,31232.07,Debit,MERCH085,LOC024,DEV037,UPI,Success,0
TXN03357,CUST0415,ACC0415,2023-03-05,47123.09,Debit,MERCH041,LOC007,DEV018,NetBanking,Success,0
TXN03358,CUST0313,ACC0313,2024-10-06,35502.8,Debit,MERCH091,LOC019,DEV082,UPI,Success,0
TXN03359,CUST0077,ACC0077,2023-03-03,40201.36,Debit,MERCH081,LOC025,DEV196,UPI,Failed,0
TXN03360,CUST0319,ACC0319,2023-09-26,23188.31,Debit,MERCH025,LOC047,DEV093,UPI,Success,0
TXN03361,CUST0350,ACC0350,2023-09-05,8656.53,Debit,MERCH037,LOC001,DEV189,UPI,Success,0
TXN03362,CUST0360,ACC0360,2023-06-27,29158.34,Debit,MERCH003,LOC037,DEV065,Card,Success,0
TXN03363,CUST0047,ACC0047,2023-06-30,39870.99,Debit,MERCH085,LOC011,DEV091,UPI,Success,0
TXN03364,CUST0245,ACC0245,2024-08-08,15883.38,Debit,MERCH062,LOC039,DEV065,NetBanking,Success,0
TXN03365,CUST0046,ACC0046,2023-05-20,40033.84,Debit,MERCH002,LOC006,DEV142,UPI,Success,0
TXN03366,CUST0461,ACC0461,2024-08-31,4393.67,Debit,MERCH094,LOC015,DEV068,UPI,Success,0
TXN03367,CUST0411,ACC0411,2024-05-29,35517.11,Debit,MERCH099,LOC044,DEV160,Card,Success,0
TXN03368,CUST0222,ACC0222,2024-12-09,8836.24,Credit,MERCH012,LOC012,DEV127,Card,Failed,0
TXN03369,CUST0123,ACC0123,2023-10-25,40978.36,Debit,MERCH022,LOC040,DEV023,UPI,Success,1
TXN03370,CUST0453,ACC0453,2024-12-13,35402.08,Debit,MERCH038,LOC038,DEV079,NetBanking,Success,1
TXN03371,CUST0287,ACC0287,2023-02-05,8179.92,Debit,MERCH087,LOC027,DEV078,NetBanking,Success,0
TXN03372,CUST0415,ACC0415,2024-01-05,7931.28,Debit,MERCH009,LOC043,DEV056,UPI,Success,0
TXN03373,CUST0099,ACC0099,2023-11-25,19658.13,Debit,MERCH020,LOC015,DEV195,NetBanking,Success,0
TXN03374,CUST0221,ACC0221,2024-10-03,19964.68,Debit,MERCH011,LOC001,DEV168,UPI,Success,0
TXN03375,CUST0112,ACC0112,2024-12-08,27415.4,Debit,MERCH098,LOC031,DEV075,NetBanking,Success,0
TXN03376,CUST0019,ACC0019,2023-11-25,40666.37,Debit,MERCH021,LOC002,DEV196,UPI,Success,0
TXN03377,CUST0455,ACC0455,2023-09-12,13657.92,Debit,MERCH004,LOC032,DEV020,Card,Failed,0
TXN03378,CUST0132,ACC0132,2024-06-15,23763.73,Debit,MERCH064,LOC030,DEV089,Card,Success,0
TXN03379,CUST0385,ACC0385,2024-12-21,7717.13,Debit,MERCH049,LOC049,DEV192,Card,Success,0
TXN03380,CUST0107,ACC0107,2023-05-01,19748.98,Credit,MERCH086,LOC048,DEV197,UPI,Success,0
TXN03381,CUST0029,ACC0029,2023-11-20,38538.63,Debit,MERCH074,LOC040,DEV098,Card,Success,0
TXN03382,CUST0441,ACC0441,2023-07-30,3068.33,Credit,MERCH077,LOC039,DEV072,Card,Success,1
TXN03383,CUST0207,ACC0207,2024-09-03,43139.99,Credit,MERCH018,LOC050,DEV064,Card,Success,0
TXN03384,CUST0112,ACC0112,2024-12-07,23087.57,Credit,MERCH041,LOC034,DEV003,UPI,Success,0
TXN03385,CUST0401,ACC0401,2023-01-28,29020.89,Debit,MERCH026,LOC016,DEV047,UPI,Success,0
TXN03386,CUST0111,ACC0111,2023-11-02,10813.85,Credit,MERCH100,LOC032,DEV076,UPI,Success,0
TXN03387,CUST0147,ACC0147,2024-12-13,27108.48,Debit,MERCH043,LOC039,DEV188,NetBanking,Success,0
TXN03388,CUST0003,ACC0003,2024-08-14,24669.73,Debit,MERCH071,LOC022,DEV191,UPI,Success,0
TXN03389,CUST0141,ACC0141,2023-12-31,15852.43,Debit,MERCH054,LOC002,DEV055,UPI,Success,0
TXN03390,CUST0471,ACC0471,2023-11-15,25993.04,Debit,MERCH064,LOC035,DEV144,UPI,Failed,0
TXN03391,CUST0466,ACC0466,2023-07-31,27412.82,Debit,MERCH073,LOC041,DEV050,Card,Failed,0
TXN03392,CUST0075,ACC0075,2023-09-04,26617.86,Debit,MERCH057,LOC024,DEV133,UPI,Success,0
TXN03393,CUST0160,ACC0160,2024-02-28,21083.53,Credit,MERCH092,LOC018,DEV026,Card,Failed,0
TXN03394,CUST0202,ACC0202,2023-08-25,24580.13,Debit,MERCH014,LOC030,DEV086,UPI,Success,0
TXN03395,CUST0177,ACC0177,2023-06-22,28775.62,Credit,MERCH046,LOC033,DEV078,Card,Success,0
TXN03396,CUST0003,ACC0003,2024-06-09,5216.76,Debit,MERCH023,LOC035,DEV029,Card,Success,0
TXN03397,CUST0362,ACC0362,2023-11-16,35581.4,Debit,MERCH049,LOC008,DEV027,Card,Success,0
TXN03398,CUST0158,ACC0158,2024-01-31,45875.77,Credit,MERCH078,LOC011,DEV103,UPI,Success,0
TXN03399,CUST0384,ACC0384,2023-01-23,39145.57,Debit,MERCH045,LOC017,DEV045,Card,Success,0
TXN03400,CUST0380,ACC0380,2024-02-12,25063.77,Credit,MERCH100,LOC015,DEV128,UPI,Success,0
TXN03401,CUST0232,ACC0232,2023-04-02,49432.5,Debit,MERCH087,LOC018,DEV162,UPI,Success,0
TXN03402,CUST0352,ACC0352,2023-11-19,14076.45,Debit,MERCH055,LOC002,DEV003,Card,Failed,0
TXN03403,CUST0119,ACC0119,2023-01-08,42568.78,Credit,MERCH100,LOC010,DEV057,UPI,Success,0
TXN03404,CUST0496,ACC0496,2024-06-19,18851.54,Credit,MERCH089,LOC007,DEV167,NetBanking,Success,0
TXN03405,CUST0439,ACC0439,2024-03-31,37200.04,Credit,MERCH085,LOC004,DEV149,UPI,Success,0
TXN03406,CUST0167,ACC0167,2024-11-26,31567.5,Debit,MERCH092,LOC039,DEV147,UPI,Success,1
TXN03407,CUST0044,ACC0044,2024-02-21,34164.26,Debit,MERCH053,LOC045,DEV067,Card,Success,0
TXN03408,CUST0439,ACC0439,2023-01-20,12065.38,Debit,MERCH096,LOC031,DEV119,NetBanking,Success,0
TXN03409,CUST0018,ACC0018,2023-01-16,34566.82,Credit,MERCH074,LOC022,DEV182,UPI,Success,0
TXN03410,CUST0064,ACC0064,2023-11-09,40574.49,Debit,MERCH096,LOC025,DEV110,NetBanking,Success,0
TXN03411,CUST0295,ACC0295,2023-12-04,14719.5,Credit,MERCH017,LOC031,DEV088,UPI,Success,0
TXN03412,CUST0087,ACC0087,2024-05-27,437.23,Debit,MERCH096,LOC046,DEV018,UPI,Failed,0
TXN03413,CUST0332,ACC0332,2024-04-02,10274.45,Credit,MERCH041,LOC038,DEV048,Card,Success,0
TXN03414,CUST0120,ACC0120,2023-11-17,33724.19,Debit,MERCH055,LOC018,DEV188,Card,Success,0
TXN03415,CUST0264,ACC0264,2024-09-12,24346.35,Debit,MERCH002,LOC030,DEV143,UPI,Success,0
TXN03416,CUST0495,ACC0495,2023-04-16,6316.22,Debit,MERCH010,LOC048,DEV190,NetBanking,Success,0
TXN03417,CUST0123,ACC0123,2023-02-11,42828.92,Debit,MERCH037,LOC012,DEV161,NetBanking,Success,0
TXN03418,CUST0362,ACC0362,2024-10-14,42398.01,Debit,MERCH070,LOC013,DEV164,UPI,Success,0
TXN03419,CUST0110,ACC0110,2024-05-09,8490.65,Credit,MERCH085,LOC032,DEV147,NetBanking,Success,0
TXN03420,CUST0285,ACC0285,2023-05-08,32994.26,Debit,MERCH042,LOC025,DEV071,UPI,Failed,0
TXN03421,CUST0327,ACC0327,2024-04-12,47531.75,Debit,MERCH072,LOC009,DEV187,Card,Success,0
TXN03422,CUST0374,ACC0374,2023-03-08,41797.8,Debit,MERCH093,LOC001,DEV125,Card,Success,0
TXN03423,CUST0373,ACC0373,2024-08-13,6085.02,Debit,MERCH052,LOC017,DEV066,Card,Success,0
TXN03424,CUST0196,ACC0196,2024-12-30,32499.31,Debit,MERCH059,LOC024,DEV078,UPI,Success,0
TXN03425,CUST0089,ACC0089,2023-11-06,43664.48,Debit,MERCH024,LOC016,DEV128,Card,Success,0
TXN03426,CUST0370,ACC0370,2024-11-16,24168.49,Credit,MERCH001,LOC004,DEV121,Card,Failed,0
TXN03427,CUST0287,ACC0287,2024-07-27,44373.44,Debit,MERCH013,LOC011,DEV023,UPI,Success,0
TXN03428,CUST0385,ACC0385,2024-10-27,36367.34,Debit,MERCH052,LOC031,DEV147,NetBanking,Success,0
TXN03429,CUST0498,ACC0498,2024-08-22,3067.12,Credit,MERCH094,LOC002,DEV038,Card,Failed,0
TXN03430,CUST0278,ACC0278,2024-03-16,18061.26,Debit,MERCH053,LOC020,DEV104,UPI,Success,0
TXN03431,CUST0389,ACC0389,2024-11-15,26503.85,Debit,MERCH096,LOC031,DEV003,UPI,Success,0
TXN03432,CUST0426,ACC0426,2024-08-30,42146.9,Credit,MERCH063,LOC034,DEV199,UPI,Success,0
TXN03433,CUST0032,ACC0032,2024-06-24,31594.11,Credit,MERCH064,LOC049,DEV181,Card,Success,0
TXN03434,CUST0018,ACC0018,2024-08-07,48196.93,Debit,MERCH077,LOC010,DEV173,NetBanking,Success,0
TXN03435,CUST0356,ACC0356,2024-12-09,21787.94,Credit,MERCH088,LOC012,DEV158,Card,Failed,0
TXN03436,CUST0210,ACC0210,2023-12-22,3010.3,Debit,MERCH051,LOC021,DEV114,Card,Success,0
TXN03437,CUST0069,ACC0069,2024-03-13,23571.01,Debit,MERCH066,LOC011,DEV129,Card,Success,0
TXN03438,CUST0053,ACC0053,2024-04-02,49896.89,Credit,MERCH074,LOC023,DEV001,Card,Failed,0
TXN03439,CUST0440,ACC0440,2023-02-11,9731.86,Debit,MERCH056,LOC012,DEV102,Card,Success,0
TXN03440,CUST0314,ACC0314,2023-08-20,2964.46,Credit,MERCH048,LOC029,DEV058,UPI,Success,0
TXN03441,CUST0124,ACC0124,2023-01-11,30608.79,Credit,MERCH006,LOC047,DEV098,UPI,Success,0
TXN03442,CUST0117,ACC0117,2023-12-10,4372.74,Debit,MERCH035,LOC030,DEV103,NetBanking,Success,0
TXN03443,CUST0382,ACC0382,2024-05-05,18436.39,Debit,MERCH082,LOC037,DEV152,UPI,Success,0
TXN03444,CUST0013,ACC0013,2023-03-05,36020.09,Debit,MERCH093,LOC050,DEV105,Card,Failed,0
TXN03445,CUST0308,ACC0308,2023-08-02,9746.42,Credit,MERCH034,LOC009,DEV039,Card,Success,0
TXN03446,CUST0273,ACC0273,2023-12-30,34872.74,Debit,MERCH018,LOC015,DEV128,UPI,Failed,0
TXN03447,CUST0346,ACC0346,2023-06-30,9352.61,Debit,MERCH030,LOC046,DEV121,NetBanking,Success,1
TXN03448,CUST0423,ACC0423,2024-12-16,35733.32,Debit,MERCH027,LOC017,DEV009,UPI,Success,0
TXN03449,CUST0105,ACC0105,2024-04-01,606.47,Debit,MERCH026,LOC044,DEV032,UPI,Success,0
TXN03450,CUST0324,ACC0324,2024-10-03,26893.44,Debit,MERCH082,LOC050,DEV022,NetBanking,Success,0
TXN03451,CUST0066,ACC0066,2024-01-04,32301.2,Debit,MERCH057,LOC007,DEV152,NetBanking,Success,0
TXN03452,CUST0269,ACC0269,2024-12-28,32103.79,Debit,MERCH054,LOC037,DEV169,Card,Failed,0
TXN03453,CUST0198,ACC0198,2024-07-07,877.3,Debit,MERCH046,LOC020,DEV078,Card,Success,0
TXN03454,CUST0373,ACC0373,2024-12-08,7246.77,Credit,MERCH086,LOC011,DEV112,Card,Success,0
TXN03455,CUST0149,ACC0149,2023-01-31,16194.28,Credit,MERCH078,LOC028,DEV134,UPI,Success,0
TXN03456,CUST0272,ACC0272,2024-01-07,30856.18,Debit,MERCH074,LOC003,DEV057,Card,Success,0
TXN03457,CUST0309,ACC0309,2024-04-12,30699.78,Credit,MERCH011,LOC045,DEV096,NetBanking,Success,0
TXN03458,CUST0012,ACC0012,2023-09-01,8290.79,Debit,MERCH045,LOC024,DEV200,NetBanking,Failed,0
TXN03459,CUST0042,ACC0042,2024-11-28,34263.16,Debit,MERCH056,LOC028,DEV189,UPI,Success,1
TXN03460,CUST0333,ACC0333,2024-06-20,20269.07,Credit,MERCH029,LOC020,DEV127,UPI,Failed,0
TXN03461,CUST0214,ACC0214,2024-04-27,4726.33,Credit,MERCH075,LOC023,DEV186,Card,Success,0
TXN03462,CUST0316,ACC0316,2023-04-02,44534.35,Debit,MERCH019,LOC031,DEV098,UPI,Success,0
TXN03463,CUST0087,ACC0087,2023-06-06,5203.01,Credit,MERCH057,LOC019,DEV053,Card,Success,0
TXN03464,CUST0294,ACC0294,2024-11-23,49290.1,Debit,MERCH037,LOC001,DEV052,UPI,Success,0
TXN03465,CUST0285,ACC0285,2024-07-30,17425.92,Credit,MERCH085,LOC042,DEV095,Card,Success,0
TXN03466,CUST0102,ACC0102,2023-03-18,23523.01,Credit,MERCH020,LOC048,DEV024,NetBanking,Success,1
TXN03467,CUST0009,ACC0009,2024-11-09,7366.24,Debit,MERCH086,LOC025,DEV057,Card,Failed,0
TXN03468,CUST0350,ACC0350,2023-06-21,17578.65,Credit,MERCH024,LOC011,DEV187,Card,Success,0
TXN03469,CUST0105,ACC0105,2023-10-19,45910.3,Debit,MERCH009,LOC028,DEV171,Card,Success,0
TXN03470,CUST0201,ACC0201,2023-01-06,39857.57,Debit,MERCH039,LOC036,DEV133,NetBanking,Success,0
TXN03471,CUST0221,ACC0221,2024-02-10,36013.87,Credit,MERCH096,LOC010,DEV106,UPI,Success,0
TXN03472,CUST0159,ACC0159,2023-11-08,46202.54,Debit,MERCH066,LOC023,DEV158,Card,Failed,0
TXN03473,CUST0186,ACC0186,2024-10-07,46975.28,Credit,MERCH008,LOC040,DEV172,UPI,Failed,0
TXN03474,CUST0012,ACC0012,2024-09-05,9931.48,Credit,MERCH099,LOC046,DEV169,UPI,Success,0
TXN03475,CUST0339,ACC0339,2024-01-10,31943.11,Debit,MERCH097,LOC032,DEV064,NetBanking,Success,0
TXN03476,CUST0367,ACC0367,2023-10-06,20952.42,Debit,MERCH028,LOC045,DEV060,NetBanking,Success,0
TXN03477,CUST0277,ACC0277,2024-03-27,38417.27,Debit,MERCH074,LOC002,DEV169,UPI,Success,0
TXN03478,CUST0170,ACC0170,2024-02-03,21865.32,Debit,MERCH070,LOC020,DEV190,UPI,Failed,0
TXN03479,CUST0231,ACC0231,2024-03-29,4574.02,Debit,MERCH036,LOC016,DEV068,NetBanking,Failed,0
TXN03480,CUST0182,ACC0182,2023-02-14,30331.2,Debit,MERCH051,LOC011,DEV192,Card,Success,0
TXN03481,CUST0166,ACC0166,2023-03-01,7532.36,Credit,MERCH078,LOC041,DEV043,UPI,Success,0
TXN03482,CUST0136,ACC0136,2023-08-16,14943.6,Debit,MERCH077,LOC022,DEV046,UPI,Success,0
TXN03483,CUST0058,ACC0058,2023-07-11,41021.37,Credit,MERCH065,LOC029,DEV017,Card,Success,0
TXN03484,CUST0003,ACC0003,2024-06-17,27317.79,Debit,MERCH038,LOC025,DEV110,UPI,Success,0
TXN03485,CUST0001,ACC0001,2023-11-03,29390.9,Debit,MERCH052,LOC017,DEV113,UPI,Failed,0
TXN03486,CUST0142,ACC0142,2024-04-15,21544.12,Debit,MERCH024,LOC012,DEV030,NetBanking,Success,0
TXN03487,CUST0416,ACC0416,2023-12-13,2261.77,Credit,MERCH071,LOC027,DEV182,UPI,Success,0
TXN03488,CUST0258,ACC0258,2024-12-29,46313.4,Debit,MERCH039,LOC008,DEV081,UPI,Success,0
TXN03489,CUST0267,ACC0267,2024-09-08,11119.46,Debit,MERCH054,LOC046,DEV184,UPI,Success,0
TXN03490,CUST0339,ACC0339,2024-02-15,113.41,Debit,MERCH099,LOC002,DEV043,UPI,Success,0
TXN03491,CUST0301,ACC0301,2023-12-13,39280.95,Debit,MERCH004,LOC005,DEV048,Card,Success,0
TXN03492,CUST0439,ACC0439,2023-10-29,40541.81,Debit,MERCH072,LOC004,DEV099,Card,Success,0
TXN03493,CUST0383,ACC0383,2024-10-31,40430.56,Debit,MERCH052,LOC041,DEV186,NetBanking,Success,0
TXN03494,CUST0192,ACC0192,2023-02-07,43860.5,Debit,MERCH095,LOC038,DEV057,Card,Success,0
TXN03495,CUST0427,ACC0427,2024-08-13,20618.62,Debit,MERCH085,LOC032,DEV020,Card,Failed,0
TXN03496,CUST0248,ACC0248,2023-01-08,26836.58,Debit,MERCH097,LOC036,DEV184,Card,Success,0
TXN03497,CUST0489,ACC0489,2024-01-10,912.77,Credit,MERCH076,LOC015,DEV054,UPI,Success,0
TXN03498,CUST0417,ACC0417,2023-05-24,3757.58,Debit,MERCH018,LOC003,DEV145,UPI,Success,0
TXN03499,CUST0447,ACC0447,2023-09-29,2115.36,Debit,MERCH087,LOC005,DEV121,UPI,Failed,0
TXN03500,CUST0254,ACC0254,2024-01-07,26131.41,Credit,MERCH033,LOC035,DEV002,Card,Success,0
TXN03501,CUST0199,ACC0199,2024-02-14,5355.53,Credit,MERCH084,LOC015,DEV016,UPI,Success,0
TXN03502,CUST0199,ACC0199,2024-08-29,49832.21,Debit,MERCH041,LOC032,DEV173,Card,Failed,0
TXN03503,CUST0048,ACC0048,2023-06-22,5552.86,Credit,MERCH009,LOC035,DEV021,NetBanking,Success,0
TXN03504,CUST0461,ACC0461,2023-05-05,33377.91,Debit,MERCH024,LOC021,DEV092,UPI,Success,0
TXN03505,CUST0299,ACC0299,2024-06-04,38460.86,Debit,MERCH020,LOC015,DEV030,NetBanking,Success,0
TXN03506,CUST0405,ACC0405,2023-10-19,40808.91,Credit,MERCH075,LOC046,DEV100,Card,Success,0
TXN03507,CUST0325,ACC0325,2023-04-21,28557.49,Debit,MERCH045,LOC011,DEV023,Card,Success,0
TXN03508,CUST0034,ACC0034,2023-05-25,37738.99,Credit,MERCH052,LOC018,DEV199,UPI,Success,0
TXN03509,CUST0053,ACC0053,2024-12-06,44503.34,Debit,MERCH053,LOC003,DEV139,UPI,Success,0
TXN03510,CUST0360,ACC0360,2023-03-19,34605.01,Debit,MERCH100,LOC036,DEV061,Card,Success,1
TXN03511,CUST0140,ACC0140,2024-03-11,28217.95,Debit,MERCH052,LOC001,DEV152,Card,Success,1
TXN03512,CUST0349,ACC0349,2023-12-07,41440.29,Debit,MERCH017,LOC045,DEV117,NetBanking,Failed,0
TXN03513,CUST0135,ACC0135,2023-12-15,19948.82,Debit,MERCH006,LOC032,DEV067,NetBanking,Success,0
TXN03514,CUST0073,ACC0073,2024-09-14,49140.96,Debit,MERCH085,LOC002,DEV075,UPI,Success,0
TXN03515,CUST0318,ACC0318,2024-01-03,22742.33,Credit,MERCH025,LOC044,DEV195,Card,Success,0
TXN03516,CUST0322,ACC0322,2024-06-30,14418.36,Credit,MERCH045,LOC013,DEV012,Card,Success,0
TXN03517,CUST0050,ACC0050,2024-02-05,46910.84,Credit,MERCH081,LOC026,DEV032,Card,Success,0
TXN03518,CUST0241,ACC0241,2023-10-28,33631.19,Debit,MERCH088,LOC025,DEV034,Card,Success,0
TXN03519,CUST0312,ACC0312,2024-04-01,47867.88,Debit,MERCH050,LOC009,DEV197,UPI,Failed,0
TXN03520,CUST0369,ACC0369,2024-07-07,19980.92,Debit,MERCH017,LOC018,DEV103,UPI,Success,0
TXN03521,CUST0449,ACC0449,2024-07-15,29745.08,Credit,MERCH048,LOC025,DEV041,Card,Success,0
TXN03522,CUST0430,ACC0430,2024-05-24,37313.28,Debit,MERCH047,LOC032,DEV034,Card,Success,0
TXN03523,CUST0106,ACC0106,2023-03-30,35854.08,Debit,MERCH026,LOC022,DEV039,UPI,Success,0
TXN03524,CUST0175,ACC0175,2024-02-04,41565.56,Debit,MERCH009,LOC029,DEV047,UPI,Success,0
TXN03525,CUST0056,ACC0056,2024-01-06,47791.71,Debit,MERCH047,LOC047,DEV059,UPI,Success,1
TXN03526,CUST0170,ACC0170,2023-07-23,38388.73,Debit,MERCH053,LOC002,DEV085,UPI,Success,0
TXN03527,CUST0314,ACC0314,2024-09-30,11535.28,Debit,MERCH092,LOC046,DEV032,UPI,Success,0
TXN03528,CUST0004,ACC0004,2024-09-11,4305.61,Debit,MERCH029,LOC047,DEV028,UPI,Success,0
TXN03529,CUST0406,ACC0406,2023-10-11,45443.23,Debit,MERCH069,LOC032,DEV132,UPI,Success,0
TXN03530,CUST0114,ACC0114,2023-09-29,34748.61,Credit,MERCH076,LOC049,DEV140,UPI,Failed,0
TXN03531,CUST0078,ACC0078,2024-12-06,43699.85,Debit,MERCH055,LOC034,DEV038,UPI,Success,0
TXN03532,CUST0117,ACC0117,2023-04-05,10889.69,Debit,MERCH006,LOC044,DEV146,NetBanking,Success,0
TXN03533,CUST0197,ACC0197,2023-06-04,43082.69,Credit,MERCH067,LOC050,DEV158,UPI,Success,0
TXN03534,CUST0387,ACC0387,2024-03-21,40547.88,Debit,MERCH058,LOC019,DEV199,Card,Failed,0
TXN03535,CUST0484,ACC0484,2023-12-22,43348.75,Debit,MERCH069,LOC010,DEV051,Card,Success,0
TXN03536,CUST0384,ACC0384,2024-05-20,41207.05,Debit,MERCH024,LOC009,DEV164,UPI,Success,0
TXN03537,CUST0165,ACC0165,2023-07-27,16380.43,Credit,MERCH043,LOC003,DEV064,UPI,Success,0
TXN03538,CUST0129,ACC0129,2023-12-11,18307.89,Debit,MERCH021,LOC001,DEV068,NetBanking,Failed,0
TXN03539,CUST0226,ACC0226,2024-02-11,23667.11,Credit,MERCH070,LOC035,DEV127,Card,Success,0
TXN03540,CUST0154,ACC0154,2023-11-25,35353.12,Credit,MERCH017,LOC004,DEV161,NetBanking,Success,0
TXN03541,CUST0242,ACC0242,2023-11-17,10419.98,Credit,MERCH014,LOC024,DEV199,UPI,Success,0
TXN03542,CUST0385,ACC0385,2024-12-27,6856.39,Debit,MERCH038,LOC046,DEV022,UPI,Success,0
TXN03543,CUST0132,ACC0132,2023-09-27,11032.39,Debit,MERCH011,LOC018,DEV074,UPI,Failed,0
TXN03544,CUST0183,ACC0183,2023-05-26,29564.51,Credit,MERCH060,LOC020,DEV070,NetBanking,Success,0
TXN03545,CUST0477,ACC0477,2023-07-29,10716.0,Credit,MERCH088,LOC024,DEV059,NetBanking,Success,0
TXN03546,CUST0117,ACC0117,2023-09-06,44363.84,Credit,MERCH079,LOC030,DEV008,NetBanking,Success,0
TXN03547,CUST0048,ACC0048,2023-01-26,37512.76,Debit,MERCH077,LOC039,DEV128,UPI,Success,0
TXN03548,CUST0187,ACC0187,2024-12-29,27159.75,Credit,MERCH068,LOC033,DEV024,Card,Success,0
TXN03549,CUST0429,ACC0429,2024-05-02,25611.18,Debit,MERCH076,LOC010,DEV128,UPI,Success,0
TXN03550,CUST0311,ACC0311,2023-09-19,10906.65,Debit,MERCH037,LOC038,DEV012,Card,Success,0
TXN03551,CUST0488,ACC0488,2023-08-04,10758.6,Debit,MERCH078,LOC021,DEV068,UPI,Success,0
TXN03552,CUST0286,ACC0286,2023-02-11,46472.48,Debit,MERCH088,LOC008,DEV080,Card,Success,0
TXN03553,CUST0375,ACC0375,2024-06-21,10956.25,Credit,MERCH093,LOC032,DEV066,Card,Success,0
TXN03554,CUST0004,ACC0004,2024-04-15,949.04,Credit,MERCH098,LOC023,DEV103,Card,Failed,0
TXN03555,CUST0007,ACC0007,2023-01-04,33626.9,Credit,MERCH071,LOC010,DEV031,Card,Success,0
TXN03556,CUST0444,ACC0444,2023-07-05,39382.81,Debit,MERCH028,LOC033,DEV107,NetBanking,Success,0
TXN03557,CUST0443,ACC0443,2024-07-04,8293.4,Debit,MERCH018,LOC028,DEV067,NetBanking,Failed,0
TXN03558,CUST0363,ACC0363,2023-08-09,29954.9,Debit,MERCH047,LOC042,DEV151,UPI,Success,0
TXN03559,CUST0430,ACC0430,2024-03-17,28517.51,Credit,MERCH085,LOC026,DEV009,UPI,Failed,0
TXN03560,CUST0455,ACC0455,2023-10-07,27176.88,Debit,MERCH084,LOC017,DEV053,UPI,Success,0
TXN03561,CUST0175,ACC0175,2024-06-17,40578.05,Debit,MERCH085,LOC020,DEV111,Card,Success,0
TXN03562,CUST0180,ACC0180,2023-04-11,7743.31,Debit,MERCH050,LOC048,DEV061,Card,Success,1
TXN03563,CUST0240,ACC0240,2024-07-24,34126.36,Debit,MERCH093,LOC015,DEV097,Card,Success,0
TXN03564,CUST0130,ACC0130,2024-10-02,47487.04,Debit,MERCH094,LOC022,DEV149,UPI,Failed,0
TXN03565,CUST0180,ACC0180,2024-01-06,36918.75,Debit,MERCH080,LOC016,DEV128,NetBanking,Success,0
TXN03566,CUST0294,ACC0294,2023-07-22,46073.73,Credit,MERCH051,LOC022,DEV148,UPI,Success,0
TXN03567,CUST0255,ACC0255,2023-07-01,24468.61,Credit,MERCH061,LOC032,DEV094,Card,Failed,0
TXN03568,CUST0291,ACC0291,2023-08-03,18075.96,Credit,MERCH100,LOC020,DEV023,NetBanking,Success,0
TXN03569,CUST0249,ACC0249,2023-09-21,49921.07,Debit,MERCH072,LOC002,DEV141,UPI,Success,0
TXN03570,CUST0335,ACC0335,2024-07-11,39982.4,Credit,MERCH017,LOC013,DEV052,UPI,Failed,0
TXN03571,CUST0312,ACC0312,2024-09-13,698.65,Credit,MERCH004,LOC003,DEV025,Card,Success,0
TXN03572,CUST0039,ACC0039,2023-03-25,11235.99,Debit,MERCH001,LOC020,DEV073,UPI,Success,0
TXN03573,CUST0094,ACC0094,2023-07-23,20664.27,Credit,MERCH034,LOC038,DEV155,Card,Success,0
TXN03574,CUST0007,ACC0007,2023-03-31,176.66,Credit,MERCH050,LOC050,DEV065,NetBanking,Success,0
TXN03575,CUST0423,ACC0423,2024-04-16,35216.58,Debit,MERCH062,LOC015,DEV136,UPI,Success,0
TXN03576,CUST0339,ACC0339,2023-01-28,19101.95,Credit,MERCH086,LOC015,DEV100,NetBanking,Failed,0
TXN03577,CUST0232,ACC0232,2023-07-05,48891.52,Credit,MERCH024,LOC049,DEV050,NetBanking,Success,0
TXN03578,CUST0235,ACC0235,2023-07-05,21645.8,Debit,MERCH050,LOC037,DEV145,UPI,Success,0
TXN03579,CUST0225,ACC0225,2023-06-12,44795.47,Credit,MERCH097,LOC042,DEV094,Card,Success,0
TXN03580,CUST0186,ACC0186,2024-11-29,22224.37,Debit,MERCH060,LOC001,DEV031,UPI,Failed,0
TXN03581,CUST0060,ACC0060,2024-11-28,16815.36,Debit,MERCH087,LOC032,DEV053,NetBanking,Failed,0
TXN03582,CUST0321,ACC0321,2023-07-07,36521.36,Debit,MERCH066,LOC022,DEV105,Card,Failed,0
TXN03583,CUST0261,ACC0261,2024-07-19,34408.6,Credit,MERCH097,LOC034,DEV088,NetBanking,Success,1
TXN03584,CUST0345,ACC0345,2024-09-11,23740.42,Credit,MERCH076,LOC019,DEV055,Card,Failed,0
TXN03585,CUST0486,ACC0486,2024-12-14,45794.5,Debit,MERCH007,LOC011,DEV098,Card,Success,0
TXN03586,CUST0103,ACC0103,2023-06-03,24525.61,Credit,MERCH034,LOC048,DEV086,Card,Success,0
TXN03587,CUST0266,ACC0266,2024-03-31,32808.34,Credit,MERCH082,LOC017,DEV114,Card,Success,0
TXN03588,CUST0382,ACC0382,2023-03-22,17476.08,Debit,MERCH033,LOC021,DEV166,UPI,Failed,0
TXN03589,CUST0019,ACC0019,2024-10-15,6528.94,Debit,MERCH022,LOC039,DEV166,UPI,Success,0
TXN03590,CUST0003,ACC0003,2024-07-26,36262.5,Credit,MERCH083,LOC040,DEV067,NetBanking,Success,0
TXN03591,CUST0171,ACC0171,2023-01-28,11889.32,Debit,MERCH062,LOC034,DEV002,Card,Success,0
TXN03592,CUST0192,ACC0192,2023-08-24,26628.18,Debit,MERCH075,LOC013,DEV048,UPI,Failed,0
TXN03593,CUST0370,ACC0370,2024-09-13,6087.24,Credit,MERCH068,LOC003,DEV179,Card,Success,0
TXN03594,CUST0471,ACC0471,2023-10-11,40580.55,Credit,MERCH008,LOC018,DEV023,UPI,Success,0
TXN03595,CUST0181,ACC0181,2023-01-02,36099.45,Debit,MERCH091,LOC017,DEV008,Card,Success,0
TXN03596,CUST0161,ACC0161,2023-04-16,2342.18,Credit,MERCH069,LOC029,DEV162,UPI,Success,0
TXN03597,CUST0298,ACC0298,2024-03-18,10338.47,Credit,MERCH036,LOC042,DEV110,Card,Failed,0
TXN03598,CUST0137,ACC0137,2024-12-09,49173.31,Credit,MERCH018,LOC032,DEV051,Card,Success,0
TXN03599,CUST0421,ACC0421,2024-08-07,30985.59,Debit,MERCH007,LOC046,DEV195,Card,Success,0
TXN03600,CUST0295,ACC0295,2023-10-18,40917.18,Debit,MERCH081,LOC032,DEV112,UPI,Success,1
TXN03601,CUST0023,ACC0023,2024-05-09,40219.49,Debit,MERCH067,LOC017,DEV152,UPI,Success,0
TXN03602,CUST0452,ACC0452,2024-04-17,23815.04,Debit,MERCH003,LOC028,DEV023,Card,Success,0
TXN03603,CUST0135,ACC0135,2023-09-15,10787.4,Credit,MERCH061,LOC034,DEV152,Card,Success,0
TXN03604,CUST0108,ACC0108,2023-12-16,1195.2,Debit,MERCH005,LOC012,DEV195,Card,Failed,0
TXN03605,CUST0240,ACC0240,2023-01-30,36323.65,Credit,MERCH061,LOC004,DEV124,NetBanking,Success,0
TXN03606,CUST0044,ACC0044,2024-10-13,42314.62,Debit,MERCH031,LOC047,DEV103,NetBanking,Success,0
TXN03607,CUST0473,ACC0473,2023-04-08,43141.63,Debit,MERCH060,LOC017,DEV094,NetBanking,Success,0
TXN03608,CUST0307,ACC0307,2024-10-22,29433.07,Debit,MERCH032,LOC032,DEV106,Card,Success,0
TXN03609,CUST0479,ACC0479,2024-05-27,22322.42,Debit,MERCH075,LOC005,DEV195,Card,Failed,0
TXN03610,CUST0023,ACC0023,2024-10-05,40142.1,Debit,MERCH055,LOC018,DEV011,Card,Success,0
TXN03611,CUST0254,ACC0254,2023-02-06,48282.62,Debit,MERCH094,LOC018,DEV132,NetBanking,Success,0
TXN03612,CUST0497,ACC0497,2023-07-20,40286.25,Debit,MERCH056,LOC022,DEV169,UPI,Success,0
TXN03613,CUST0146,ACC0146,2024-12-07,33935.75,Debit,MERCH066,LOC004,DEV158,Card,Success,0
TXN03614,CUST0006,ACC0006,2023-07-13,5928.32,Debit,MERCH033,LOC016,DEV190,Card,Failed,0
TXN03615,CUST0486,ACC0486,2023-03-26,21429.73,Debit,MERCH035,LOC003,DEV142,NetBanking,Success,0
TXN03616,CUST0288,ACC0288,2024-11-05,28648.17,Debit,MERCH024,LOC041,DEV009,Card,Success,0
TXN03617,CUST0237,ACC0237,2024-10-03,44378.86,Debit,MERCH080,LOC040,DEV200,Card,Success,0
TXN03618,CUST0028,ACC0028,2023-05-08,37173.7,Debit,MERCH078,LOC039,DEV169,UPI,Success,0
TXN03619,CUST0319,ACC0319,2024-02-16,19085.82,Debit,MERCH046,LOC026,DEV091,UPI,Success,0
TXN03620,CUST0136,ACC0136,2023-01-04,48924.65,Credit,MERCH036,LOC004,DEV047,UPI,Success,0
TXN03621,CUST0350,ACC0350,2024-04-19,10463.59,Debit,MERCH081,LOC039,DEV092,UPI,Success,0
TXN03622,CUST0111,ACC0111,2023-04-06,27943.39,Debit,MERCH026,LOC006,DEV171,Card,Success,0
TXN03623,CUST0486,ACC0486,2024-06-28,7044.57,Credit,MERCH008,LOC020,DEV136,UPI,Success,0
TXN03624,CUST0448,ACC0448,2023-05-08,39099.02,Debit,MERCH045,LOC020,DEV136,UPI,Success,0
TXN03625,CUST0148,ACC0148,2024-12-26,22441.96,Debit,MERCH097,LOC032,DEV154,NetBanking,Failed,0
TXN03626,CUST0229,ACC0229,2023-07-29,29366.29,Debit,MERCH043,LOC041,DEV175,NetBanking,Success,0
TXN03627,CUST0168,ACC0168,2023-08-31,26337.02,Debit,MERCH063,LOC010,DEV174,UPI,Success,0
TXN03628,CUST0097,ACC0097,2024-06-11,43523.47,Debit,MERCH013,LOC033,DEV088,Card,Success,0
TXN03629,CUST0095,ACC0095,2024-01-07,18288.23,Credit,MERCH044,LOC038,DEV011,Card,Success,0
TXN03630,CUST0125,ACC0125,2023-02-24,46846.17,Credit,MERCH034,LOC048,DEV129,UPI,Success,0
TXN03631,CUST0233,ACC0233,2024-02-01,5210.54,Debit,MERCH037,LOC038,DEV190,Card,Success,0
TXN03632,CUST0059,ACC0059,2023-11-30,36867.86,Debit,MERCH092,LOC019,DEV011,NetBanking,Success,0
TXN03633,CUST0122,ACC0122,2023-12-07,1386.77,Debit,MERCH077,LOC045,DEV199,Card,Success,0
TXN03634,CUST0479,ACC0479,2023-08-04,18444.95,Debit,MERCH092,LOC009,DEV170,Card,Success,0
TXN03635,CUST0079,ACC0079,2024-04-02,21960.03,Debit,MERCH099,LOC029,DEV161,Card,Failed,0
TXN03636,CUST0255,ACC0255,2024-05-19,13611.89,Debit,MERCH091,LOC008,DEV033,NetBanking,Success,0
TXN03637,CUST0112,ACC0112,2024-06-10,22396.5,Debit,MERCH077,LOC031,DEV158,Card,Failed,0
TXN03638,CUST0020,ACC0020,2023-01-18,24698.32,Debit,MERCH037,LOC036,DEV080,Card,Success,0
TXN03639,CUST0292,ACC0292,2024-12-05,36873.72,Debit,MERCH017,LOC013,DEV174,Card,Success,0
TXN03640,CUST0289,ACC0289,2023-12-16,39415.2,Debit,MERCH076,LOC015,DEV088,Card,Success,0
TXN03641,CUST0462,ACC0462,2023-01-31,46509.95,Credit,MERCH034,LOC040,DEV188,Card,Failed,0
TXN03642,CUST0406,ACC0406,2023-01-22,18811.42,Debit,MERCH087,LOC031,DEV102,UPI,Success,0
TXN03643,CUST0185,ACC0185,2023-07-22,40273.2,Debit,MERCH026,LOC018,DEV027,Card,Success,0
TXN03644,CUST0255,ACC0255,2024-10-14,40965.24,Debit,MERCH044,LOC036,DEV062,UPI,Success,0
TXN03645,CUST0405,ACC0405,2023-10-24,17691.95,Debit,MERCH024,LOC008,DEV109,NetBanking,Success,0
TXN03646,CUST0286,ACC0286,2024-11-10,10773.75,Credit,MERCH054,LOC033,DEV014,Card,Failed,0
TXN03647,CUST0287,ACC0287,2024-09-19,17838.26,Debit,MERCH054,LOC049,DEV184,UPI,Success,1
TXN03648,CUST0027,ACC0027,2023-10-28,10086.11,Debit,MERCH088,LOC031,DEV144,Card,Success,0
TXN03649,CUST0165,ACC0165,2023-06-12,4719.81,Credit,MERCH072,LOC025,DEV012,NetBanking,Success,0
TXN03650,CUST0399,ACC0399,2024-09-22,34098.39,Debit,MERCH005,LOC034,DEV148,UPI,Failed,0
TXN03651,CUST0490,ACC0490,2024-06-14,49167.04,Debit,MERCH005,LOC024,DEV096,NetBanking,Success,0
TXN03652,CUST0405,ACC0405,2024-07-19,9885.33,Debit,MERCH027,LOC012,DEV012,UPI,Success,0
TXN03653,CUST0083,ACC0083,2024-02-20,14287.52,Debit,MERCH074,LOC028,DEV063,UPI,Success,0
TXN03654,CUST0256,ACC0256,2024-08-24,2176.12,Debit,MERCH067,LOC011,DEV168,UPI,Failed,0
TXN03655,CUST0488,ACC0488,2023-03-06,28001.9,Debit,MERCH058,LOC034,DEV026,NetBanking,Success,0
TXN03656,CUST0386,ACC0386,2024-02-27,38657.6,Credit,MERCH035,LOC009,DEV190,Card,Success,0
TXN03657,CUST0005,ACC0005,2024-07-10,11667.65,Debit,MERCH096,LOC050,DEV104,NetBanking,Success,0
TXN03658,CUST0223,ACC0223,2023-10-27,24062.7,Credit,MERCH004,LOC017,DEV119,UPI,Success,0
TXN03659,CUST0332,ACC0332,2024-07-26,9746.51,Credit,MERCH053,LOC016,DEV114,UPI,Failed,0
TXN03660,CUST0305,ACC0305,2024-10-28,16396.72,Credit,MERCH039,LOC018,DEV157,UPI,Failed,0
TXN03661,CUST0291,ACC0291,2023-06-22,15589.45,Credit,MERCH033,LOC025,DEV157,NetBanking,Success,0
TXN03662,CUST0112,ACC0112,2024-08-05,30849.4,Debit,MERCH043,LOC028,DEV104,Card,Success,0
TXN03663,CUST0160,ACC0160,2024-10-31,7251.43,Debit,MERCH081,LOC025,DEV150,NetBanking,Success,0
TXN03664,CUST0389,ACC0389,2023-01-12,42352.18,Credit,MERCH076,LOC025,DEV100,NetBanking,Success,0
TXN03665,CUST0215,ACC0215,2024-11-14,49800.18,Debit,MERCH069,LOC012,DEV036,NetBanking,Success,0
TXN03666,CUST0296,ACC0296,2023-05-30,12187.51,Debit,MERCH072,LOC032,DEV036,UPI,Failed,0
TXN03667,CUST0096,ACC0096,2023-02-23,11366.49,Debit,MERCH091,LOC036,DEV199,UPI,Failed,0
TXN03668,CUST0139,ACC0139,2023-02-24,49063.36,Debit,MERCH063,LOC020,DEV181,UPI,Failed,0
TXN03669,CUST0453,ACC0453,2024-06-17,48184.88,Debit,MERCH043,LOC021,DEV150,Card,Success,0
TXN03670,CUST0198,ACC0198,2024-12-03,40014.14,Credit,MERCH084,LOC043,DEV096,Card,Failed,0
TXN03671,CUST0423,ACC0423,2024-04-16,25145.66,Debit,MERCH044,LOC005,DEV189,NetBanking,Success,0
TXN03672,CUST0068,ACC0068,2024-02-10,31878.21,Credit,MERCH078,LOC017,DEV055,Card,Success,0
TXN03673,CUST0496,ACC0496,2024-02-29,45778.65,Credit,MERCH014,LOC017,DEV112,UPI,Success,0
TXN03674,CUST0182,ACC0182,2023-07-17,44146.38,Debit,MERCH020,LOC006,DEV176,Card,Success,0
TXN03675,CUST0262,ACC0262,2024-03-17,22181.69,Debit,MERCH032,LOC021,DEV022,Card,Success,0
TXN03676,CUST0324,ACC0324,2024-08-11,4679.78,Debit,MERCH053,LOC024,DEV161,NetBanking,Success,0
TXN03677,CUST0052,ACC0052,2023-08-30,11228.72,Debit,MERCH081,LOC017,DEV049,NetBanking,Success,0
TXN03678,CUST0468,ACC0468,2023-07-10,41656.14,Credit,MERCH053,LOC046,DEV053,NetBanking,Failed,0
TXN03679,CUST0096,ACC0096,2024-05-16,33597.33,Debit,MERCH071,LOC007,DEV001,UPI,Success,0
TXN03680,CUST0206,ACC0206,2023-02-11,46008.63,Debit,MERCH006,LOC003,DEV094,NetBanking,Failed,0
TXN03681,CUST0078,ACC0078,2023-05-10,30176.79,Debit,MERCH084,LOC050,DEV076,NetBanking,Success,0
TXN03682,CUST0298,ACC0298,2024-02-21,18124.38,Debit,MERCH061,LOC002,DEV181,NetBanking,Success,0
TXN03683,CUST0093,ACC0093,2023-12-26,30840.25,Debit,MERCH028,LOC021,DEV129,Card,Success,0
TXN03684,CUST0421,ACC0421,2023-07-18,2285.12,Credit,MERCH094,LOC048,DEV185,UPI,Failed,0
TXN03685,CUST0188,ACC0188,2023-05-07,11080.22,Debit,MERCH020,LOC009,DEV028,Card,Success,0
TXN03686,CUST0206,ACC0206,2024-07-16,29404.32,Debit,MERCH015,LOC019,DEV115,Card,Success,0
TXN03687,CUST0123,ACC0123,2023-06-08,2234.17,Debit,MERCH032,LOC006,DEV046,UPI,Success,0
TXN03688,CUST0212,ACC0212,2024-03-11,20591.12,Debit,MERCH052,LOC006,DEV106,Card,Success,0
TXN03689,CUST0496,ACC0496,2023-12-31,17020.64,Credit,MERCH042,LOC022,DEV087,UPI,Success,0
TXN03690,CUST0077,ACC0077,2024-03-07,22872.3,Debit,MERCH061,LOC048,DEV015,UPI,Success,0
TXN03691,CUST0074,ACC0074,2024-04-10,36214.96,Debit,MERCH046,LOC048,DEV176,UPI,Success,0
TXN03692,CUST0473,ACC0473,2024-03-23,27515.46,Credit,MERCH010,LOC050,DEV019,UPI,Success,0
TXN03693,CUST0498,ACC0498,2023-07-02,4207.29,Debit,MERCH059,LOC045,DEV154,NetBanking,Failed,0
TXN03694,CUST0104,ACC0104,2023-07-04,48593.35,Debit,MERCH030,LOC002,DEV162,Card,Success,0
TXN03695,CUST0443,ACC0443,2024-01-15,13668.54,Debit,MERCH054,LOC022,DEV122,Card,Success,0
TXN03696,CUST0419,ACC0419,2023-02-27,44824.4,Debit,MERCH014,LOC046,DEV136,NetBanking,Success,0
TXN03697,CUST0117,ACC0117,2023-02-02,7437.89,Credit,MERCH068,LOC022,DEV161,UPI,Success,0
TXN03698,CUST0476,ACC0476,2024-12-01,16579.33,Debit,MERCH039,LOC005,DEV199,UPI,Success,0
TXN03699,CUST0335,ACC0335,2023-03-08,16183.54,Debit,MERCH078,LOC015,DEV049,Card,Success,0
TXN03700,CUST0146,ACC0146,2024-02-05,38745.74,Debit,MERCH026,LOC049,DEV061,UPI,Failed,0
TXN03701,CUST0004,ACC0004,2023-11-20,24125.6,Debit,MERCH007,LOC001,DEV148,Card,Success,0
TXN03702,CUST0420,ACC0420,2024-07-07,44990.43,Credit,MERCH058,LOC003,DEV164,UPI,Success,0
TXN03703,CUST0332,ACC0332,2023-05-31,4839.81,Debit,MERCH015,LOC012,DEV088,Card,Success,0
TXN03704,CUST0361,ACC0361,2024-12-17,43697.51,Debit,MERCH081,LOC037,DEV191,UPI,Success,0
TXN03705,CUST0241,ACC0241,2023-04-05,22481.59,Debit,MERCH068,LOC007,DEV117,NetBanking,Failed,0
TXN03706,CUST0194,ACC0194,2024-09-11,22250.27,Debit,MERCH095,LOC016,DEV177,UPI,Success,0
TXN03707,CUST0397,ACC0397,2024-07-30,11987.04,Debit,MERCH076,LOC006,DEV199,UPI,Success,0
TXN03708,CUST0194,ACC0194,2024-09-13,38465.45,Debit,MERCH028,LOC025,DEV074,UPI,Success,0
TXN03709,CUST0330,ACC0330,2024-05-26,1445.1,Debit,MERCH045,LOC046,DEV184,NetBanking,Success,0
TXN03710,CUST0411,ACC0411,2024-10-06,14835.96,Debit,MERCH048,LOC030,DEV006,Card,Success,0
TXN03711,CUST0340,ACC0340,2024-05-24,42631.97,Debit,MERCH051,LOC012,DEV004,Card,Success,0
TXN03712,CUST0241,ACC0241,2024-07-04,44042.77,Credit,MERCH093,LOC012,DEV116,Card,Success,0
TXN03713,CUST0057,ACC0057,2024-08-17,33098.82,Credit,MERCH081,LOC043,DEV099,UPI,Success,0
TXN03714,CUST0404,ACC0404,2023-03-08,6107.99,Debit,MERCH078,LOC015,DEV112,Card,Success,1
TXN03715,CUST0430,ACC0430,2023-01-04,29402.37,Debit,MERCH009,LOC042,DEV120,UPI,Success,0
TXN03716,CUST0026,ACC0026,2023-02-20,43624.25,Credit,MERCH086,LOC011,DEV136,UPI,Failed,0
TXN03717,CUST0013,ACC0013,2023-12-19,46456.88,Credit,MERCH063,LOC032,DEV013,NetBanking,Failed,0
TXN03718,CUST0044,ACC0044,2023-10-12,33567.68,Debit,MERCH065,LOC009,DEV026,Card,Failed,0
TXN03719,CUST0054,ACC0054,2024-07-30,16825.79,Credit,MERCH063,LOC029,DEV052,NetBanking,Success,0
TXN03720,CUST0326,ACC0326,2023-11-22,48089.67,Credit,MERCH022,LOC010,DEV010,Card,Success,0
TXN03721,CUST0182,ACC0182,2023-05-04,48548.17,Credit,MERCH094,LOC037,DEV190,Card,Success,0
TXN03722,CUST0340,ACC0340,2024-04-15,39864.17,Debit,MERCH064,LOC023,DEV028,NetBanking,Success,0
TXN03723,CUST0218,ACC0218,2024-04-23,37363.03,Credit,MERCH025,LOC024,DEV139,NetBanking,Failed,0
TXN03724,CUST0062,ACC0062,2024-07-18,6579.35,Credit,MERCH034,LOC033,DEV116,UPI,Failed,0
TXN03725,CUST0484,ACC0484,2023-10-16,24981.35,Debit,MERCH079,LOC040,DEV171,NetBanking,Success,0
TXN03726,CUST0348,ACC0348,2023-12-08,32747.54,Debit,MERCH078,LOC038,DEV152,Card,Success,0
TXN03727,CUST0241,ACC0241,2023-05-08,8913.32,Debit,MERCH008,LOC045,DEV098,UPI,Success,0
TXN03728,CUST0457,ACC0457,2023-09-18,21318.0,Debit,MERCH063,LOC008,DEV148,NetBanking,Success,0
TXN03729,CUST0046,ACC0046,2024-08-05,21040.42,Debit,MERCH087,LOC003,DEV055,NetBanking,Success,0
TXN03730,CUST0322,ACC0322,2023-03-20,12303.52,Credit,MERCH083,LOC026,DEV136,NetBanking,Success,1
TXN03731,CUST0068,ACC0068,2024-06-11,39902.23,Debit,MERCH043,LOC012,DEV109,Card,Success,0
TXN03732,CUST0354,ACC0354,2023-06-25,2710.5,Debit,MERCH033,LOC031,DEV130,NetBanking,Failed,0
TXN03733,CUST0064,ACC0064,2023-04-27,9355.51,Credit,MERCH048,LOC008,DEV116,UPI,Success,0
TXN03734,CUST0119,ACC0119,2024-08-07,48679.05,Debit,MERCH083,LOC030,DEV131,UPI,Success,0
TXN03735,CUST0221,ACC0221,2023-12-10,45287.99,Debit,MERCH057,LOC024,DEV195,UPI,Success,0
TXN03736,CUST0330,ACC0330,2024-10-25,2821.27,Credit,MERCH093,LOC031,DEV200,Card,Failed,0
TXN03737,CUST0433,ACC0433,2024-07-30,3989.94,Debit,MERCH086,LOC020,DEV055,Card,Success,0
TXN03738,CUST0155,ACC0155,2024-10-18,15997.28,Debit,MERCH043,LOC032,DEV091,Card,Success,0
TXN03739,CUST0017,ACC0017,2024-08-24,7079.09,Debit,MERCH066,LOC003,DEV188,Card,Success,0
TXN03740,CUST0404,ACC0404,2023-07-12,19057.73,Credit,MERCH024,LOC040,DEV066,Card,Success,0
TXN03741,CUST0101,ACC0101,2023-07-24,28852.06,Credit,MERCH001,LOC034,DEV138,Card,Failed,0
TXN03742,CUST0162,ACC0162,2023-11-29,877.81,Debit,MERCH075,LOC042,DEV070,NetBanking,Success,0
TXN03743,CUST0137,ACC0137,2023-04-19,3069.14,Debit,MERCH063,LOC050,DEV192,UPI,Success,0
TXN03744,CUST0304,ACC0304,2024-04-30,13059.11,Debit,MERCH020,LOC008,DEV001,UPI,Success,0
TXN03745,CUST0055,ACC0055,2024-06-21,39994.83,Credit,MERCH020,LOC049,DEV161,NetBanking,Success,0
TXN03746,CUST0301,ACC0301,2023-09-09,18517.06,Debit,MERCH082,LOC005,DEV026,Card,Success,0
TXN03747,CUST0046,ACC0046,2023-11-29,35846.15,Debit,MERCH051,LOC004,DEV165,UPI,Success,0
TXN03748,CUST0048,ACC0048,2024-02-26,14350.3,Credit,MERCH043,LOC021,DEV073,UPI,Success,0
TXN03749,CUST0214,ACC0214,2023-06-16,212.16,Debit,MERCH033,LOC025,DEV160,UPI,Success,0
TXN03750,CUST0364,ACC0364,2024-12-13,8522.38,Debit,MERCH011,LOC049,DEV114,UPI,Success,0
TXN03751,CUST0127,ACC0127,2024-11-13,14790.44,Credit,MERCH008,LOC040,DEV088,Card,Failed,0
TXN03752,CUST0427,ACC0427,2023-09-23,23640.61,Debit,MERCH007,LOC016,DEV147,UPI,Failed,0
TXN03753,CUST0270,ACC0270,2023-03-20,2620.99,Debit,MERCH044,LOC009,DEV020,NetBanking,Success,0
TXN03754,CUST0133,ACC0133,2024-10-09,38139.12,Debit,MERCH022,LOC019,DEV163,UPI,Success,0
TXN03755,CUST0055,ACC0055,2024-05-14,16930.8,Credit,MERCH044,LOC028,DEV065,UPI,Success,0
TXN03756,CUST0341,ACC0341,2023-03-29,26462.64,Debit,MERCH087,LOC013,DEV112,Card,Success,0
TXN03757,CUST0201,ACC0201,2024-01-04,36554.42,Debit,MERCH077,LOC005,DEV085,UPI,Success,0
TXN03758,CUST0464,ACC0464,2024-03-17,34847.29,Debit,MERCH083,LOC040,DEV026,Card,Failed,0
TXN03759,CUST0342,ACC0342,2024-01-18,36365.01,Debit,MERCH023,LOC048,DEV078,NetBanking,Success,0
TXN03760,CUST0304,ACC0304,2023-07-02,8550.69,Debit,MERCH021,LOC037,DEV150,NetBanking,Success,0
TXN03761,CUST0467,ACC0467,2024-09-14,13553.22,Debit,MERCH097,LOC006,DEV056,UPI,Success,0
TXN03762,CUST0418,ACC0418,2024-06-09,48075.8,Debit,MERCH022,LOC027,DEV083,Card,Success,0
TXN03763,CUST0079,ACC0079,2023-01-06,45292.95,Debit,MERCH006,LOC010,DEV014,UPI,Success,0
TXN03764,CUST0318,ACC0318,2024-06-02,32347.78,Credit,MERCH052,LOC024,DEV160,Card,Failed,0
TXN03765,CUST0153,ACC0153,2024-07-10,3751.44,Debit,MERCH024,LOC039,DEV032,NetBanking,Failed,0
TXN03766,CUST0127,ACC0127,2024-11-08,19309.98,Debit,MERCH040,LOC018,DEV178,Card,Failed,0
TXN03767,CUST0328,ACC0328,2024-08-13,6231.52,Debit,MERCH072,LOC042,DEV007,Card,Success,0
TXN03768,CUST0457,ACC0457,2023-04-08,4963.78,Debit,MERCH046,LOC026,DEV137,UPI,Success,0
TXN03769,CUST0393,ACC0393,2023-06-24,44366.21,Debit,MERCH092,LOC001,DEV187,UPI,Success,0
TXN03770,CUST0065,ACC0065,2023-06-01,44076.33,Credit,MERCH062,LOC006,DEV162,Card,Success,0
TXN03771,CUST0125,ACC0125,2023-06-11,550.88,Debit,MERCH097,LOC017,DEV041,UPI,Success,0
TXN03772,CUST0124,ACC0124,2024-07-03,21224.4,Credit,MERCH050,LOC002,DEV080,UPI,Failed,0
TXN03773,CUST0396,ACC0396,2023-05-18,30973.02,Credit,MERCH091,LOC026,DEV121,UPI,Failed,0
TXN03774,CUST0155,ACC0155,2023-02-23,48568.49,Credit,MERCH058,LOC042,DEV087,Card,Success,0
TXN03775,CUST0092,ACC0092,2023-10-27,42149.75,Debit,MERCH090,LOC003,DEV095,UPI,Success,0
TXN03776,CUST0438,ACC0438,2023-03-16,982.57,Credit,MERCH060,LOC009,DEV089,NetBanking,Success,0
TXN03777,CUST0142,ACC0142,2023-07-07,21641.42,Debit,MERCH096,LOC043,DEV137,Card,Failed,0
TXN03778,CUST0304,ACC0304,2024-11-18,10408.02,Credit,MERCH097,LOC047,DEV193,UPI,Failed,0
TXN03779,CUST0364,ACC0364,2023-08-28,29067.46,Debit,MERCH014,LOC036,DEV044,Card,Success,0
TXN03780,CUST0408,ACC0408,2024-06-07,28849.08,Debit,MERCH059,LOC036,DEV167,Card,Success,0
TXN03781,CUST0219,ACC0219,2024-06-12,1116.02,Debit,MERCH030,LOC023,DEV117,UPI,Success,0
TXN03782,CUST0396,ACC0396,2024-10-28,11587.7,Debit,MERCH011,LOC047,DEV110,NetBanking,Success,0
TXN03783,CUST0350,ACC0350,2024-08-15,29678.88,Debit,MERCH091,LOC030,DEV185,UPI,Success,0
TXN03784,CUST0030,ACC0030,2023-12-21,391.49,Debit,MERCH062,LOC024,DEV002,Card,Failed,0
TXN03785,CUST0371,ACC0371,2024-07-25,27601.35,Debit,MERCH026,LOC023,DEV117,Card,Failed,0
TXN03786,CUST0194,ACC0194,2024-05-31,20836.62,Debit,MERCH002,LOC021,DEV149,Card,Success,0
TXN03787,CUST0184,ACC0184,2023-03-16,30563.83,Debit,MERCH022,LOC011,DEV095,Card,Success,0
TXN03788,CUST0299,ACC0299,2023-12-07,16865.51,Debit,MERCH079,LOC005,DEV090,UPI,Success,0
TXN03789,CUST0151,ACC0151,2023-04-09,29112.66,Debit,MERCH091,LOC007,DEV007,UPI,Success,0
TXN03790,CUST0306,ACC0306,2024-02-25,24919.32,Debit,MERCH055,LOC015,DEV103,Card,Success,0
TXN03791,CUST0388,ACC0388,2023-12-31,36720.02,Debit,MERCH063,LOC016,DEV128,UPI,Success,0
TXN03792,CUST0453,ACC0453,2023-05-26,7076.31,Debit,MERCH090,LOC032,DEV129,Card,Failed,0
TXN03793,CUST0403,ACC0403,2024-04-22,43425.34,Debit,MERCH070,LOC008,DEV036,UPI,Success,0
TXN03794,CUST0265,ACC0265,2023-03-24,22095.35,Debit,MERCH040,LOC044,DEV114,NetBanking,Success,0
TXN03795,CUST0380,ACC0380,2024-11-29,42587.88,Debit,MERCH021,LOC029,DEV192,Card,Success,0
TXN03796,CUST0163,ACC0163,2024-08-18,21184.42,Debit,MERCH078,LOC014,DEV062,Card,Success,0
TXN03797,CUST0054,ACC0054,2023-01-17,49815.76,Credit,MERCH007,LOC028,DEV188,NetBanking,Success,0
TXN03798,CUST0393,ACC0393,2023-12-09,39084.41,Debit,MERCH069,LOC007,DEV131,NetBanking,Success,1
TXN03799,CUST0411,ACC0411,2023-01-20,12210.54,Debit,MERCH087,LOC003,DEV012,Card,Success,0
TXN03800,CUST0067,ACC0067,2023-03-11,25064.95,Debit,MERCH012,LOC029,DEV012,Card,Success,1
TXN03801,CUST0069,ACC0069,2024-06-14,13126.44,Debit,MERCH082,LOC036,DEV121,Card,Failed,0
TXN03802,CUST0273,ACC0273,2024-04-01,32094.4,Debit,MERCH078,LOC037,DEV123,UPI,Success,0
TXN03803,CUST0442,ACC0442,2023-01-12,10520.74,Debit,MERCH040,LOC043,DEV127,UPI,Success,0
TXN03804,CUST0131,ACC0131,2023-08-07,36225.63,Debit,MERCH053,LOC024,DEV017,Card,Success,0
TXN03805,CUST0446,ACC0446,2023-02-16,40249.24,Credit,MERCH081,LOC019,DEV029,Card,Success,0
TXN03806,CUST0103,ACC0103,2023-05-05,11758.92,Debit,MERCH074,LOC020,DEV035,Card,Failed,0
TXN03807,CUST0025,ACC0025,2024-04-28,38003.97,Debit,MERCH046,LOC028,DEV194,UPI,Success,0
TXN03808,CUST0441,ACC0441,2024-12-10,23239.43,Credit,MERCH100,LOC005,DEV182,UPI,Failed,0
TXN03809,CUST0268,ACC0268,2024-09-06,44566.55,Credit,MERCH063,LOC028,DEV122,NetBanking,Failed,0
TXN03810,CUST0377,ACC0377,2024-03-24,45895.34,Debit,MERCH060,LOC043,DEV020,UPI,Failed,0
TXN03811,CUST0066,ACC0066,2023-08-07,30343.25,Debit,MERCH083,LOC041,DEV042,UPI,Failed,0
TXN03812,CUST0022,ACC0022,2023-10-12,25358.61,Debit,MERCH076,LOC017,DEV082,UPI,Success,0
TXN03813,CUST0175,ACC0175,2024-05-28,20523.97,Debit,MERCH093,LOC015,DEV072,NetBanking,Failed,0
TXN03814,CUST0059,ACC0059,2024-07-05,27798.25,Credit,MERCH100,LOC020,DEV187,UPI,Failed,0
TXN03815,CUST0347,ACC0347,2023-02-11,12436.35,Debit,MERCH041,LOC033,DEV085,UPI,Failed,0
TXN03816,CUST0318,ACC0318,2023-07-17,45363.27,Debit,MERCH093,LOC009,DEV009,UPI,Success,0
TXN03817,CUST0186,ACC0186,2023-10-13,41370.57,Debit,MERCH058,LOC006,DEV173,NetBanking,Success,0
TXN03818,CUST0289,ACC0289,2023-11-20,12620.54,Debit,MERCH059,LOC001,DEV036,Card,Success,0
TXN03819,CUST0028,ACC0028,2024-04-24,48178.52,Debit,MERCH085,LOC018,DEV048,UPI,Success,0
TXN03820,CUST0029,ACC0029,2024-12-04,44771.59,Debit,MERCH087,LOC021,DEV069,Card,Success,0
TXN03821,CUST0145,ACC0145,2023-02-06,22536.27,Credit,MERCH060,LOC045,DEV129,NetBanking,Failed,0
TXN03822,CUST0448,ACC0448,2024-06-22,26925.43,Debit,MERCH014,LOC049,DEV009,NetBanking,Success,0
TXN03823,CUST0380,ACC0380,2023-02-09,22803.82,Debit,MERCH097,LOC040,DEV080,UPI,Success,1
TXN03824,CUST0254,ACC0254,2023-03-11,49358.98,Debit,MERCH014,LOC045,DEV114,UPI,Failed,0
TXN03825,CUST0188,ACC0188,2024-11-15,24614.48,Debit,MERCH003,LOC045,DEV080,UPI,Success,0
TXN03826,CUST0283,ACC0283,2024-03-13,20472.3,Credit,MERCH020,LOC028,DEV033,UPI,Success,0
TXN03827,CUST0395,ACC0395,2023-10-27,15065.92,Debit,MERCH054,LOC031,DEV022,Card,Success,0
TXN03828,CUST0059,ACC0059,2023-01-17,48984.12,Credit,MERCH100,LOC001,DEV060,NetBanking,Failed,0
TXN03829,CUST0125,ACC0125,2023-06-10,16348.67,Debit,MERCH097,LOC002,DEV119,UPI,Success,0
TXN03830,CUST0126,ACC0126,2023-05-18,15432.49,Credit,MERCH085,LOC017,DEV154,Card,Failed,0
TXN03831,CUST0416,ACC0416,2024-11-26,3039.1,Debit,MERCH030,LOC033,DEV026,UPI,Success,0
TXN03832,CUST0412,ACC0412,2024-04-20,22143.41,Debit,MERCH074,LOC011,DEV073,NetBanking,Success,0
TXN03833,CUST0240,ACC0240,2023-01-23,14161.37,Debit,MERCH088,LOC013,DEV016,NetBanking,Success,0
TXN03834,CUST0048,ACC0048,2024-06-07,21328.95,Debit,MERCH034,LOC023,DEV177,Card,Success,0
TXN03835,CUST0195,ACC0195,2024-01-16,4890.02,Debit,MERCH048,LOC039,DEV021,UPI,Failed,0
TXN03836,CUST0460,ACC0460,2024-05-01,2890.63,Debit,MERCH059,LOC018,DEV051,UPI,Success,0
TXN03837,CUST0374,ACC0374,2023-06-08,17737.28,Credit,MERCH089,LOC022,DEV054,Card,Success,1
TXN03838,CUST0195,ACC0195,2023-05-22,15794.36,Debit,MERCH044,LOC017,DEV028,UPI,Success,0
TXN03839,CUST0327,ACC0327,2023-03-10,5721.46,Debit,MERCH063,LOC007,DEV064,UPI,Success,0
TXN03840,CUST0378,ACC0378,2024-02-16,32498.28,Debit,MERCH017,LOC012,DEV020,UPI,Success,0
TXN03841,CUST0346,ACC0346,2023-11-13,13275.68,Credit,MERCH047,LOC013,DEV144,Card,Success,0
TXN03842,CUST0136,ACC0136,2024-11-16,6847.65,Debit,MERCH014,LOC044,DEV081,Card,Success,0
TXN03843,CUST0343,ACC0343,2024-09-28,28565.23,Debit,MERCH053,LOC045,DEV022,NetBanking,Success,0
TXN03844,CUST0274,ACC0274,2023-10-09,42558.37,Debit,MERCH100,LOC021,DEV138,Card,Success,0
TXN03845,CUST0498,ACC0498,2023-06-07,20103.73,Debit,MERCH035,LOC040,DEV149,UPI,Success,0
TXN03846,CUST0419,ACC0419,2024-11-03,15581.69,Debit,MERCH045,LOC036,DEV095,UPI,Success,0
TXN03847,CUST0304,ACC0304,2023-08-24,41282.58,Debit,MERCH095,LOC041,DEV086,NetBanking,Success,0
TXN03848,CUST0449,ACC0449,2024-10-22,8611.17,Debit,MERCH064,LOC021,DEV012,NetBanking,Success,1
TXN03849,CUST0447,ACC0447,2024-05-24,35817.77,Debit,MERCH028,LOC024,DEV067,NetBanking,Failed,0
TXN03850,CUST0404,ACC0404,2023-10-29,45607.84,Debit,MERCH061,LOC032,DEV126,Card,Success,0
TXN03851,CUST0248,ACC0248,2023-09-17,14299.45,Credit,MERCH032,LOC003,DEV079,Card,Success,0
TXN03852,CUST0219,ACC0219,2023-10-17,40346.29,Credit,MERCH069,LOC033,DEV035,UPI,Success,0
TXN03853,CUST0200,ACC0200,2023-11-01,27339.52,Credit,MERCH027,LOC032,DEV119,UPI,Success,0
TXN03854,CUST0304,ACC0304,2023-08-22,39268.61,Debit,MERCH049,LOC002,DEV150,NetBanking,Success,0
TXN03855,CUST0052,ACC0052,2023-05-24,6108.11,Debit,MERCH021,LOC024,DEV065,Card,Failed,0
TXN03856,CUST0415,ACC0415,2023-12-29,36570.39,Credit,MERCH056,LOC004,DEV147,NetBanking,Success,0
TXN03857,CUST0427,ACC0427,2024-09-21,42729.0,Debit,MERCH057,LOC037,DEV037,UPI,Success,0
TXN03858,CUST0204,ACC0204,2023-05-20,18060.42,Credit,MERCH088,LOC026,DEV199,UPI,Success,0
TXN03859,CUST0030,ACC0030,2023-08-11,6628.23,Debit,MERCH082,LOC039,DEV131,UPI,Success,0
TXN03860,CUST0479,ACC0479,2024-06-27,12969.9,Debit,MERCH072,LOC037,DEV092,Card,Failed,0
TXN03861,CUST0080,ACC0080,2024-12-03,46236.13,Debit,MERCH076,LOC017,DEV146,Card,Failed,0
TXN03862,CUST0213,ACC0213,2023-09-26,16839.36,Debit,MERCH094,LOC033,DEV030,Card,Success,0
TXN03863,CUST0089,ACC0089,2024-04-04,36270.57,Credit,MERCH085,LOC010,DEV113,UPI,Success,0
TXN03864,CUST0374,ACC0374,2023-04-20,26477.73,Debit,MERCH021,LOC014,DEV154,UPI,Success,0
TXN03865,CUST0495,ACC0495,2023-08-02,19737.21,Credit,MERCH014,LOC030,DEV105,UPI,Failed,0
TXN03866,CUST0471,ACC0471,2023-10-05,35539.08,Debit,MERCH050,LOC022,DEV170,Card,Success,0
TXN03867,CUST0188,ACC0188,2023-04-12,4084.41,Credit,MERCH016,LOC002,DEV090,NetBanking,Success,0
TXN03868,CUST0004,ACC0004,2023-05-20,35382.11,Debit,MERCH084,LOC019,DEV174,UPI,Success,0
TXN03869,CUST0326,ACC0326,2023-12-13,29403.74,Debit,MERCH100,LOC027,DEV126,UPI,Failed,0
TXN03870,CUST0247,ACC0247,2023-10-07,9168.89,Debit,MERCH028,LOC049,DEV059,NetBanking,Success,0
TXN03871,CUST0420,ACC0420,2024-10-16,49739.24,Debit,MERCH067,LOC014,DEV156,Card,Success,0
TXN03872,CUST0215,ACC0215,2024-08-15,9395.99,Debit,MERCH049,LOC001,DEV126,Card,Success,1
TXN03873,CUST0226,ACC0226,2023-06-19,3432.23,Debit,MERCH073,LOC043,DEV098,UPI,Failed,0
TXN03874,CUST0498,ACC0498,2023-12-18,10867.98,Debit,MERCH061,LOC016,DEV029,Card,Success,0
TXN03875,CUST0497,ACC0497,2023-01-27,17837.01,Debit,MERCH029,LOC002,DEV171,UPI,Success,0
TXN03876,CUST0415,ACC0415,2024-08-04,49407.77,Credit,MERCH060,LOC029,DEV059,UPI,Success,0
TXN03877,CUST0054,ACC0054,2023-05-14,30634.42,Debit,MERCH067,LOC022,DEV014,UPI,Success,0
TXN03878,CUST0458,ACC0458,2023-06-13,34233.97,Debit,MERCH053,LOC035,DEV184,Card,Success,0
TXN03879,CUST0010,ACC0010,2023-01-01,30394.4,Debit,MERCH084,LOC041,DEV123,Card,Success,1
TXN03880,CUST0044,ACC0044,2023-06-10,47191.18,Debit,MERCH077,LOC042,DEV180,UPI,Success,0
TXN03881,CUST0166,ACC0166,2024-08-06,20705.66,Debit,MERCH042,LOC040,DEV200,UPI,Success,0
TXN03882,CUST0458,ACC0458,2024-09-30,25828.91,Debit,MERCH058,LOC040,DEV008,Card,Success,0
TXN03883,CUST0102,ACC0102,2023-06-21,9870.78,Debit,MERCH001,LOC039,DEV073,NetBanking,Failed,0
TXN03884,CUST0481,ACC0481,2023-03-10,23269.61,Debit,MERCH029,LOC002,DEV013,UPI,Success,0
TXN03885,CUST0228,ACC0228,2024-06-09,31282.41,Credit,MERCH063,LOC021,DEV088,Card,Success,0
TXN03886,CUST0350,ACC0350,2024-07-08,16937.32,Debit,MERCH006,LOC019,DEV159,UPI,Success,0
TXN03887,CUST0425,ACC0425,2024-03-24,8839.98,Credit,MERCH080,LOC019,DEV174,UPI,Failed,0
TXN03888,CUST0202,ACC0202,2023-05-12,22293.39,Credit,MERCH016,LOC019,DEV197,NetBanking,Success,0
TXN03889,CUST0354,ACC0354,2023-05-18,2016.04,Debit,MERCH088,LOC045,DEV067,UPI,Success,0
TXN03890,CUST0465,ACC0465,2024-02-15,7354.52,Credit,MERCH038,LOC039,DEV052,Card,Success,0
TXN03891,CUST0440,ACC0440,2024-08-10,45217.38,Credit,MERCH058,LOC017,DEV009,UPI,Failed,0
TXN03892,CUST0227,ACC0227,2024-07-23,44725.62,Credit,MERCH058,LOC018,DEV159,NetBanking,Success,0
TXN03893,CUST0039,ACC0039,2023-03-30,2777.34,Credit,MERCH038,LOC006,DEV130,Card,Success,0
TXN03894,CUST0230,ACC0230,2024-10-01,11845.7,Credit,MERCH061,LOC004,DEV019,NetBanking,Success,0
TXN03895,CUST0496,ACC0496,2023-06-13,13973.05,Debit,MERCH095,LOC018,DEV092,UPI,Failed,0
TXN03896,CUST0347,ACC0347,2024-11-17,29901.92,Debit,MERCH057,LOC035,DEV004,UPI,Success,0
TXN03897,CUST0139,ACC0139,2024-03-26,187.01,Credit,MERCH009,LOC033,DEV115,UPI,Success,0
TXN03898,CUST0192,ACC0192,2024-02-08,39329.09,Credit,MERCH100,LOC050,DEV057,UPI,Success,0
TXN03899,CUST0343,ACC0343,2023-06-12,23507.67,Debit,MERCH016,LOC010,DEV094,UPI,Failed,0
TXN03900,CUST0200,ACC0200,2024-05-10,49511.73,Debit,MERCH071,LOC050,DEV088,UPI,Success,1
TXN03901,CUST0235,ACC0235,2024-11-06,25322.07,Debit,MERCH019,LOC046,DEV079,NetBanking,Success,0
TXN03902,CUST0093,ACC0093,2023-12-15,38790.88,Debit,MERCH093,LOC001,DEV086,Card,Success,0
TXN03903,CUST0470,ACC0470,2024-05-17,40569.32,Credit,MERCH027,LOC002,DEV052,UPI,Success,0
TXN03904,CUST0462,ACC0462,2023-10-03,3705.08,Credit,MERCH017,LOC038,DEV132,UPI,Success,0
TXN03905,CUST0166,ACC0166,2024-03-20,36627.2,Debit,MERCH093,LOC029,DEV008,NetBanking,Failed,0
TXN03906,CUST0378,ACC0378,2024-05-25,40073.34,Debit,MERCH049,LOC007,DEV072,Card,Success,0
TXN03907,CUST0404,ACC0404,2023-09-03,12413.65,Debit,MERCH094,LOC038,DEV021,Card,Success,0
TXN03908,CUST0374,ACC0374,2024-11-07,24435.63,Debit,MERCH057,LOC006,DEV170,Card,Success,0
TXN03909,CUST0373,ACC0373,2024-10-14,41304.98,Debit,MERCH056,LOC012,DEV021,Card,Failed,0
TXN03910,CUST0465,ACC0465,2024-01-02,44607.15,Debit,MERCH033,LOC024,DEV129,Card,Success,0
TXN03911,CUST0224,ACC0224,2024-03-15,6140.86,Debit,MERCH040,LOC005,DEV071,UPI,Failed,0
TXN03912,CUST0088,ACC0088,2024-05-15,25319.93,Debit,MERCH094,LOC039,DEV129,UPI,Success,0
TXN03913,CUST0257,ACC0257,2024-04-26,8697.39,Debit,MERCH021,LOC009,DEV053,UPI,Success,0
TXN03914,CUST0366,ACC0366,2023-08-13,28833.28,Debit,MERCH004,LOC001,DEV119,NetBanking,Success,0
TXN03915,CUST0358,ACC0358,2023-05-06,10620.51,Debit,MERCH066,LOC017,DEV200,UPI,Success,0
TXN03916,CUST0180,ACC0180,2024-03-05,22696.3,Debit,MERCH086,LOC018,DEV029,Card,Success,0
TXN03917,CUST0376,ACC0376,2024-04-20,32512.68,Credit,MERCH054,LOC036,DEV151,Card,Success,0
TXN03918,CUST0429,ACC0429,2023-08-25,28857.68,Credit,MERCH084,LOC026,DEV126,UPI,Success,0
TXN03919,CUST0472,ACC0472,2024-11-14,47308.21,Debit,MERCH093,LOC028,DEV099,Card,Failed,0
TXN03920,CUST0206,ACC0206,2023-09-15,24058.86,Debit,MERCH065,LOC043,DEV189,Card,Success,0
TXN03921,CUST0476,ACC0476,2023-12-17,42500.92,Credit,MERCH042,LOC012,DEV019,UPI,Success,0
TXN03922,CUST0252,ACC0252,2024-01-08,3148.05,Credit,MERCH065,LOC032,DEV037,NetBanking,Success,0
TXN03923,CUST0240,ACC0240,2024-01-05,14989.36,Debit,MERCH010,LOC044,DEV180,Card,Success,1
TXN03924,CUST0284,ACC0284,2024-01-06,34632.47,Debit,MERCH087,LOC015,DEV166,Card,Failed,0
TXN03925,CUST0270,ACC0270,2024-03-18,39266.85,Debit,MERCH062,LOC009,DEV079,Card,Success,0
TXN03926,CUST0213,ACC0213,2024-03-18,10148.35,Debit,MERCH012,LOC017,DEV064,UPI,Success,0
TXN03927,CUST0029,ACC0029,2023-07-18,4493.65,Debit,MERCH011,LOC007,DEV029,UPI,Success,0
TXN03928,CUST0411,ACC0411,2024-06-04,13179.11,Credit,MERCH069,LOC021,DEV088,UPI,Success,0
TXN03929,CUST0268,ACC0268,2024-05-25,16023.14,Debit,MERCH051,LOC007,DEV088,UPI,Success,0
TXN03930,CUST0039,ACC0039,2023-10-11,9683.22,Credit,MERCH091,LOC034,DEV055,NetBanking,Success,0
TXN03931,CUST0163,ACC0163,2023-03-16,46876.09,Debit,MERCH092,LOC006,DEV169,NetBanking,Failed,0
TXN03932,CUST0124,ACC0124,2023-12-03,17487.42,Credit,MERCH032,LOC043,DEV053,Card,Failed,0
TXN03933,CUST0414,ACC0414,2024-07-09,35616.81,Debit,MERCH086,LOC017,DEV018,NetBanking,Failed,0
TXN03934,CUST0238,ACC0238,2024-10-31,26717.54,Debit,MERCH006,LOC045,DEV032,UPI,Failed,0
TXN03935,CUST0308,ACC0308,2024-09-21,37511.11,Credit,MERCH055,LOC039,DEV079,UPI,Success,0
TXN03936,CUST0325,ACC0325,2024-04-26,21074.21,Debit,MERCH088,LOC035,DEV073,UPI,Failed,0
TXN03937,CUST0071,ACC0071,2024-03-17,26284.27,Debit,MERCH076,LOC030,DEV049,Card,Failed,0
TXN03938,CUST0223,ACC0223,2024-05-07,28251.24,Debit,MERCH001,LOC009,DEV168,NetBanking,Success,0
TXN03939,CUST0477,ACC0477,2024-05-21,40668.85,Debit,MERCH095,LOC044,DEV033,NetBanking,Success,0
TXN03940,CUST0429,ACC0429,2023-01-10,9434.24,Debit,MERCH016,LOC050,DEV094,Card,Success,0
TXN03941,CUST0327,ACC0327,2023-03-19,28627.95,Debit,MERCH022,LOC020,DEV186,Card,Failed,0
TXN03942,CUST0139,ACC0139,2024-03-03,34446.97,Debit,MERCH055,LOC027,DEV056,UPI,Success,0
TXN03943,CUST0324,ACC0324,2023-08-30,30101.2,Debit,MERCH094,LOC009,DEV099,Card,Success,0
TXN03944,CUST0066,ACC0066,2023-11-27,12067.09,Debit,MERCH007,LOC042,DEV127,NetBanking,Success,1
TXN03945,CUST0161,ACC0161,2023-11-17,47222.77,Debit,MERCH021,LOC004,DEV037,NetBanking,Success,0
TXN03946,CUST0453,ACC0453,2023-10-17,26484.52,Debit,MERCH048,LOC001,DEV195,UPI,Success,0
TXN03947,CUST0489,ACC0489,2024-09-06,10657.29,Debit,MERCH082,LOC037,DEV156,UPI,Success,0
TXN03948,CUST0406,ACC0406,2024-04-21,1270.95,Debit,MERCH026,LOC006,DEV007,Card,Success,0
TXN03949,CUST0465,ACC0465,2024-09-26,650.63,Debit,MERCH043,LOC045,DEV177,Card,Success,0
TXN03950,CUST0124,ACC0124,2023-05-13,37836.72,Credit,MERCH046,LOC022,DEV066,Card,Success,0
TXN03951,CUST0226,ACC0226,2024-02-12,3290.34,Credit,MERCH029,LOC022,DEV083,UPI,Success,0
TXN03952,CUST0159,ACC0159,2024-07-24,46341.27,Credit,MERCH050,LOC027,DEV110,Card,Success,0
TXN03953,CUST0055,ACC0055,2023-12-14,44571.2,Debit,MERCH023,LOC030,DEV182,UPI,Success,0
TXN03954,CUST0027,ACC0027,2023-05-23,48087.89,Debit,MERCH033,LOC015,DEV163,Card,Success,0
TXN03955,CUST0128,ACC0128,2024-08-06,2574.43,Credit,MERCH037,LOC029,DEV122,UPI,Success,0
TXN03956,CUST0097,ACC0097,2023-08-09,35257.55,Debit,MERCH078,LOC003,DEV057,NetBanking,Success,0
TXN03957,CUST0231,ACC0231,2023-04-25,34448.36,Debit,MERCH045,LOC039,DEV063,UPI,Failed,0
TXN03958,CUST0291,ACC0291,2024-12-14,39386.24,Credit,MERCH024,LOC006,DEV190,Card,Success,0
TXN03959,CUST0046,ACC0046,2024-03-07,47023.6,Debit,MERCH091,LOC026,DEV168,UPI,Success,0
TXN03960,CUST0370,ACC0370,2024-11-20,16293.87,Debit,MERCH033,LOC013,DEV101,UPI,Success,0
TXN03961,CUST0129,ACC0129,2023-08-09,19645.18,Debit,MERCH096,LOC050,DEV145,Card,Success,0
TXN03962,CUST0414,ACC0414,2024-03-04,29432.56,Debit,MERCH091,LOC001,DEV162,Card,Success,0
TXN03963,CUST0029,ACC0029,2024-04-19,31481.1,Credit,MERCH092,LOC033,DEV062,UPI,Failed,0
TXN03964,CUST0164,ACC0164,2023-06-10,23117.69,Credit,MERCH014,LOC004,DEV155,UPI,Success,0
TXN03965,CUST0469,ACC0469,2023-08-12,9458.33,Debit,MERCH076,LOC003,DEV016,Card,Success,1
TXN03966,CUST0341,ACC0341,2024-03-09,10624.73,Debit,MERCH083,LOC031,DEV115,UPI,Failed,0
TXN03967,CUST0453,ACC0453,2023-12-05,14220.13,Credit,MERCH071,LOC043,DEV080,Card,Success,0
TXN03968,CUST0494,ACC0494,2024-04-18,32728.41,Debit,MERCH082,LOC014,DEV057,UPI,Success,0
TXN03969,CUST0095,ACC0095,2024-12-29,14387.75,Debit,MERCH068,LOC019,DEV198,Card,Failed,0
TXN03970,CUST0034,ACC0034,2023-12-09,14869.48,Debit,MERCH041,LOC032,DEV053,Card,Success,0
TXN03971,CUST0161,ACC0161,2023-03-11,40890.41,Debit,MERCH064,LOC026,DEV146,NetBanking,Success,0
TXN03972,CUST0346,ACC0346,2024-01-31,17980.82,Debit,MERCH042,LOC027,DEV004,NetBanking,Failed,0
TXN03973,CUST0022,ACC0022,2024-10-17,46081.32,Debit,MERCH096,LOC021,DEV040,UPI,Failed,0
TXN03974,CUST0094,ACC0094,2024-08-06,42158.23,Debit,MERCH073,LOC011,DEV048,Card,Success,0
TXN03975,CUST0498,ACC0498,2023-05-11,16337.08,Debit,MERCH076,LOC041,DEV095,Card,Success,0
TXN03976,CUST0430,ACC0430,2023-07-22,22685.3,Debit,MERCH051,LOC027,DEV012,UPI,Failed,0
TXN03977,CUST0140,ACC0140,2023-03-13,14272.77,Debit,MERCH080,LOC031,DEV012,Card,Success,0
TXN03978,CUST0280,ACC0280,2023-03-21,11072.93,Debit,MERCH019,LOC008,DEV005,Card,Success,0
TXN03979,CUST0318,ACC0318,2023-07-25,18117.1,Debit,MERCH022,LOC039,DEV164,UPI,Success,0
TXN03980,CUST0190,ACC0190,2023-02-03,4393.11,Credit,MERCH004,LOC030,DEV111,Card,Success,0
TXN03981,CUST0347,ACC0347,2024-10-23,33397.36,Debit,MERCH060,LOC035,DEV055,Card,Success,0
TXN03982,CUST0338,ACC0338,2024-11-03,14738.2,Credit,MERCH088,LOC040,DEV007,Card,Failed,0
TXN03983,CUST0026,ACC0026,2024-03-24,25313.7,Debit,MERCH056,LOC026,DEV097,Card,Failed,0
TXN03984,CUST0312,ACC0312,2023-11-13,34407.26,Credit,MERCH073,LOC041,DEV080,UPI,Success,0
TXN03985,CUST0108,ACC0108,2024-06-14,20453.31,Debit,MERCH043,LOC038,DEV047,UPI,Success,0
TXN03986,CUST0172,ACC0172,2024-10-10,21387.32,Credit,MERCH073,LOC049,DEV038,NetBanking,Success,0
TXN03987,CUST0108,ACC0108,2023-05-27,16403.35,Credit,MERCH039,LOC046,DEV106,UPI,Success,0
TXN03988,CUST0472,ACC0472,2024-07-07,41010.88,Debit,MERCH008,LOC047,DEV175,NetBanking,Failed,0
TXN03989,CUST0139,ACC0139,2024-04-23,8882.94,Debit,MERCH056,LOC027,DEV102,UPI,Success,0
TXN03990,CUST0054,ACC0054,2023-02-17,17704.23,Credit,MERCH049,LOC033,DEV102,Card,Success,0
TXN03991,CUST0087,ACC0087,2024-05-29,40697.09,Credit,MERCH033,LOC039,DEV066,Card,Success,0
TXN03992,CUST0456,ACC0456,2023-01-20,37707.88,Debit,MERCH055,LOC040,DEV182,NetBanking,Success,0
TXN03993,CUST0166,ACC0166,2024-03-03,40010.1,Debit,MERCH072,LOC035,DEV059,UPI,Success,0
TXN03994,CUST0357,ACC0357,2024-11-02,11805.0,Debit,MERCH075,LOC048,DEV049,UPI,Success,0
TXN03995,CUST0138,ACC0138,2024-04-25,21070.36,Debit,MERCH064,LOC039,DEV064,UPI,Success,0
TXN03996,CUST0324,ACC0324,2024-09-16,27574.17,Debit,MERCH004,LOC005,DEV099,UPI,Success,0
TXN03997,CUST0111,ACC0111,2023-04-09,25083.65,Debit,MERCH020,LOC016,DEV149,Card,Success,1
TXN03998,CUST0051,ACC0051,2024-01-08,7637.53,Debit,MERCH051,LOC041,DEV195,UPI,Success,0
TXN03999,CUST0352,ACC0352,2023-08-11,33960.52,Debit,MERCH063,LOC003,DEV047,Card,Success,0
TXN04000,CUST0126,ACC0126,2023-05-06,27485.74,Credit,MERCH015,LOC012,DEV160,Card,Success,1
TXN04001,CUST0179,ACC0179,2024-09-10,957.48,Debit,MERCH063,LOC041,DEV082,UPI,Failed,0
TXN04002,CUST0205,ACC0205,2024-08-12,34889.52,Debit,MERCH084,LOC038,DEV164,UPI,Success,0
TXN04003,CUST0385,ACC0385,2023-03-23,47563.31,Debit,MERCH023,LOC019,DEV080,Card,Success,0
TXN04004,CUST0272,ACC0272,2023-09-02,12896.07,Credit,MERCH010,LOC021,DEV073,UPI,Success,0
TXN04005,CUST0369,ACC0369,2024-05-19,15257.03,Debit,MERCH081,LOC004,DEV184,NetBanking,Success,0
TXN04006,CUST0354,ACC0354,2024-07-19,22637.19,Credit,MERCH024,LOC003,DEV066,UPI,Success,0
TXN04007,CUST0028,ACC0028,2023-02-17,31181.07,Debit,MERCH092,LOC037,DEV165,NetBanking,Success,0
TXN04008,CUST0059,ACC0059,2023-07-03,41876.91,Debit,MERCH086,LOC044,DEV004,UPI,Failed,0
TXN04009,CUST0013,ACC0013,2024-01-19,43062.99,Debit,MERCH070,LOC015,DEV036,UPI,Success,0
TXN04010,CUST0350,ACC0350,2023-12-25,9385.77,Credit,MERCH084,LOC003,DEV042,Card,Success,0
TXN04011,CUST0046,ACC0046,2023-08-14,5629.57,Credit,MERCH022,LOC034,DEV191,Card,Success,0
TXN04012,CUST0111,ACC0111,2023-06-21,44532.34,Debit,MERCH011,LOC026,DEV115,Card,Success,0
TXN04013,CUST0259,ACC0259,2023-04-24,5691.34,Credit,MERCH095,LOC009,DEV154,Card,Failed,0
TXN04014,CUST0004,ACC0004,2023-07-03,16026.94,Debit,MERCH033,LOC049,DEV044,Card,Failed,0
TXN04015,CUST0222,ACC0222,2024-03-29,11731.4,Debit,MERCH074,LOC020,DEV022,UPI,Success,0
TXN04016,CUST0248,ACC0248,2024-12-03,40355.64,Debit,MERCH087,LOC001,DEV093,Card,Success,0
TXN04017,CUST0406,ACC0406,2023-07-22,3926.3,Debit,MERCH044,LOC002,DEV115,NetBanking,Success,0
TXN04018,CUST0166,ACC0166,2023-11-24,181.31,Debit,MERCH053,LOC032,DEV115,Card,Success,0
TXN04019,CUST0032,ACC0032,2023-08-27,39094.37,Debit,MERCH058,LOC040,DEV126,NetBanking,Failed,0
TXN04020,CUST0026,ACC0026,2023-01-08,27978.67,Debit,MERCH051,LOC018,DEV169,UPI,Failed,0
TXN04021,CUST0151,ACC0151,2023-02-11,17020.14,Debit,MERCH001,LOC006,DEV128,NetBanking,Success,0
TXN04022,CUST0463,ACC0463,2023-06-17,22121.21,Credit,MERCH018,LOC036,DEV048,Card,Success,0
TXN04023,CUST0290,ACC0290,2023-01-27,5934.35,Debit,MERCH014,LOC006,DEV193,NetBanking,Success,1
TXN04024,CUST0081,ACC0081,2023-03-06,41329.53,Debit,MERCH026,LOC025,DEV137,Card,Failed,0
TXN04025,CUST0016,ACC0016,2023-03-16,44295.46,Debit,MERCH039,LOC003,DEV103,NetBanking,Success,1
TXN04026,CUST0162,ACC0162,2023-03-07,3353.86,Debit,MERCH010,LOC047,DEV023,Card,Failed,0
TXN04027,CUST0236,ACC0236,2023-02-20,33431.25,Debit,MERCH073,LOC028,DEV131,Card,Failed,0
TXN04028,CUST0285,ACC0285,2024-02-20,47608.82,Debit,MERCH058,LOC048,DEV170,UPI,Success,0
TXN04029,CUST0310,ACC0310,2023-01-26,15429.88,Debit,MERCH085,LOC034,DEV031,Card,Success,0
TXN04030,CUST0296,ACC0296,2023-03-05,45700.0,Debit,MERCH064,LOC045,DEV103,UPI,Success,0
TXN04031,CUST0238,ACC0238,2024-03-25,20833.84,Debit,MERCH052,LOC048,DEV008,UPI,Success,0
TXN04032,CUST0050,ACC0050,2024-05-10,1998.58,Debit,MERCH055,LOC020,DEV085,UPI,Failed,0
TXN04033,CUST0039,ACC0039,2024-05-09,43506.58,Debit,MERCH086,LOC014,DEV143,Card,Success,0
TXN04034,CUST0003,ACC0003,2023-09-15,35213.23,Debit,MERCH021,LOC029,DEV118,Card,Success,0
TXN04035,CUST0337,ACC0337,2023-05-20,16163.64,Debit,MERCH046,LOC041,DEV151,UPI,Success,0
TXN04036,CUST0330,ACC0330,2024-12-07,9170.18,Credit,MERCH065,LOC032,DEV045,Card,Success,0
TXN04037,CUST0235,ACC0235,2023-06-25,30988.99,Debit,MERCH088,LOC041,DEV005,UPI,Success,0
TXN04038,CUST0084,ACC0084,2024-12-17,45062.02,Debit,MERCH086,LOC028,DEV051,UPI,Failed,0
TXN04039,CUST0366,ACC0366,2024-09-12,40005.51,Credit,MERCH035,LOC009,DEV174,Card,Success,0
TXN04040,CUST0233,ACC0233,2023-09-12,29297.53,Debit,MERCH087,LOC023,DEV034,UPI,Failed,0
TXN04041,CUST0364,ACC0364,2023-09-03,30160.38,Credit,MERCH052,LOC011,DEV040,NetBanking,Failed,0
TXN04042,CUST0243,ACC0243,2023-09-12,16707.84,Debit,MERCH050,LOC041,DEV041,UPI,Success,0
TXN04043,CUST0029,ACC0029,2023-04-17,20580.02,Debit,MERCH015,LOC017,DEV177,UPI,Success,0
TXN04044,CUST0450,ACC0450,2023-05-17,4638.72,Debit,MERCH044,LOC012,DEV107,Card,Success,0
TXN04045,CUST0109,ACC0109,2024-02-15,8607.8,Credit,MERCH025,LOC024,DEV118,NetBanking,Success,0
TXN04046,CUST0017,ACC0017,2023-10-18,13833.1,Debit,MERCH084,LOC020,DEV053,Card,Success,0
TXN04047,CUST0139,ACC0139,2023-10-25,46704.07,Debit,MERCH034,LOC037,DEV068,UPI,Success,0
TXN04048,CUST0151,ACC0151,2024-08-04,16655.87,Debit,MERCH069,LOC046,DEV077,Card,Success,0
TXN04049,CUST0092,ACC0092,2024-10-02,38425.36,Debit,MERCH010,LOC011,DEV160,Card,Success,0
TXN04050,CUST0057,ACC0057,2023-05-06,48936.19,Debit,MERCH083,LOC040,DEV045,Card,Failed,0
TXN04051,CUST0462,ACC0462,2023-09-15,33048.35,Debit,MERCH023,LOC017,DEV113,Card,Failed,0
TXN04052,CUST0373,ACC0373,2023-07-29,16194.27,Credit,MERCH073,LOC008,DEV093,NetBanking,Success,0
TXN04053,CUST0123,ACC0123,2023-01-03,3104.71,Debit,MERCH084,LOC005,DEV136,Card,Success,0
TXN04054,CUST0113,ACC0113,2023-10-12,24031.35,Debit,MERCH060,LOC036,DEV044,NetBanking,Success,0
TXN04055,CUST0134,ACC0134,2023-11-29,37020.5,Debit,MERCH052,LOC020,DEV062,UPI,Success,0
TXN04056,CUST0381,ACC0381,2024-05-04,26776.88,Debit,MERCH007,LOC041,DEV019,Card,Success,0
TXN04057,CUST0472,ACC0472,2023-10-03,31613.62,Credit,MERCH095,LOC048,DEV152,UPI,Failed,0
TXN04058,CUST0200,ACC0200,2023-04-27,36283.42,Credit,MERCH040,LOC039,DEV027,Card,Success,0
TXN04059,CUST0452,ACC0452,2023-05-31,39959.03,Credit,MERCH002,LOC028,DEV020,UPI,Success,0
TXN04060,CUST0435,ACC0435,2023-09-30,21916.65,Debit,MERCH022,LOC021,DEV001,Card,Success,0
TXN04061,CUST0072,ACC0072,2023-07-15,4115.76,Debit,MERCH024,LOC031,DEV043,UPI,Success,0
TXN04062,CUST0286,ACC0286,2024-09-27,27079.62,Debit,MERCH023,LOC004,DEV142,NetBanking,Success,0
TXN04063,CUST0201,ACC0201,2023-03-23,13250.46,Debit,MERCH060,LOC040,DEV102,NetBanking,Success,0
TXN04064,CUST0391,ACC0391,2024-01-25,30913.43,Debit,MERCH008,LOC042,DEV018,Card,Success,1
TXN04065,CUST0147,ACC0147,2023-03-28,13949.32,Debit,MERCH083,LOC031,DEV058,Card,Success,0
TXN04066,CUST0432,ACC0432,2024-05-15,8520.52,Credit,MERCH046,LOC038,DEV095,NetBanking,Success,0
TXN04067,CUST0087,ACC0087,2024-06-15,35246.3,Debit,MERCH042,LOC043,DEV121,Card,Failed,0
TXN04068,CUST0358,ACC0358,2024-03-23,10706.34,Debit,MERCH041,LOC032,DEV123,Card,Success,1
TXN04069,CUST0295,ACC0295,2024-04-25,33020.87,Debit,MERCH057,LOC028,DEV005,NetBanking,Failed,0
TXN04070,CUST0241,ACC0241,2023-11-16,36008.55,Debit,MERCH078,LOC018,DEV187,UPI,Success,0
TXN04071,CUST0345,ACC0345,2024-07-02,5213.67,Debit,MERCH031,LOC022,DEV112,UPI,Success,0
TXN04072,CUST0380,ACC0380,2023-01-27,43734.9,Debit,MERCH080,LOC041,DEV099,NetBanking,Failed,0
TXN04073,CUST0218,ACC0218,2023-01-16,42737.0,Debit,MERCH060,LOC026,DEV005,Card,Success,0
TXN04074,CUST0465,ACC0465,2024-05-12,16366.34,Debit,MERCH065,LOC019,DEV034,UPI,Success,0
TXN04075,CUST0200,ACC0200,2023-06-19,33181.12,Debit,MERCH068,LOC002,DEV034,Card,Success,0
TXN04076,CUST0438,ACC0438,2023-10-12,17294.36,Debit,MERCH078,LOC041,DEV060,Card,Success,0
TXN04077,CUST0165,ACC0165,2024-02-20,18706.38,Debit,MERCH061,LOC050,DEV117,Card,Success,0
TXN04078,CUST0392,ACC0392,2024-08-27,16576.05,Credit,MERCH042,LOC030,DEV058,Card,Success,0
TXN04079,CUST0249,ACC0249,2023-09-16,28028.53,Debit,MERCH022,LOC022,DEV191,Card,Success,0
TXN04080,CUST0283,ACC0283,2023-10-25,20994.47,Debit,MERCH042,LOC050,DEV044,NetBanking,Success,0
TXN04081,CUST0437,ACC0437,2023-06-11,42603.3,Debit,MERCH098,LOC028,DEV084,NetBanking,Success,0
TXN04082,CUST0450,ACC0450,2023-06-15,10490.83,Credit,MERCH033,LOC044,DEV150,NetBanking,Failed,0
TXN04083,CUST0487,ACC0487,2024-07-31,30847.2,Debit,MERCH044,LOC018,DEV010,UPI,Success,0
TXN04084,CUST0225,ACC0225,2023-01-01,2989.56,Debit,MERCH011,LOC009,DEV073,Card,Success,0
TXN04085,CUST0074,ACC0074,2024-02-29,28233.38,Credit,MERCH089,LOC035,DEV088,Card,Success,0
TXN04086,CUST0036,ACC0036,2024-12-25,49659.87,Credit,MERCH091,LOC016,DEV086,NetBanking,Failed,0
TXN04087,CUST0083,ACC0083,2024-09-21,14251.8,Debit,MERCH096,LOC011,DEV006,UPI,Success,0
TXN04088,CUST0139,ACC0139,2023-03-02,25580.55,Debit,MERCH032,LOC014,DEV068,UPI,Failed,0
TXN04089,CUST0454,ACC0454,2024-02-22,3857.67,Credit,MERCH025,LOC029,DEV037,NetBanking,Failed,0
TXN04090,CUST0267,ACC0267,2023-07-03,32552.81,Debit,MERCH006,LOC019,DEV027,Card,Success,0
TXN04091,CUST0365,ACC0365,2024-09-19,3344.54,Credit,MERCH026,LOC048,DEV174,UPI,Success,0
TXN04092,CUST0119,ACC0119,2023-03-04,25254.94,Debit,MERCH084,LOC020,DEV064,Card,Success,0
TXN04093,CUST0215,ACC0215,2024-10-30,40226.8,Debit,MERCH081,LOC039,DEV051,Card,Success,0
TXN04094,CUST0045,ACC0045,2023-08-16,23587.73,Debit,MERCH009,LOC003,DEV149,NetBanking,Success,0
TXN04095,CUST0124,ACC0124,2024-03-01,24301.87,Credit,MERCH060,LOC030,DEV062,Card,Failed,0
TXN04096,CUST0437,ACC0437,2024-03-02,17136.3,Credit,MERCH039,LOC022,DEV159,Card,Success,0
TXN04097,CUST0454,ACC0454,2023-03-01,10440.96,Debit,MERCH090,LOC017,DEV052,NetBanking,Success,0
TXN04098,CUST0184,ACC0184,2023-04-24,5438.54,Debit,MERCH080,LOC014,DEV147,UPI,Failed,0
TXN04099,CUST0162,ACC0162,2024-01-16,10310.91,Debit,MERCH025,LOC042,DEV022,UPI,Success,0
TXN04100,CUST0106,ACC0106,2024-01-09,33951.81,Debit,MERCH004,LOC030,DEV006,UPI,Success,0
TXN04101,CUST0074,ACC0074,2024-01-21,12557.43,Debit,MERCH002,LOC025,DEV113,Card,Failed,0
TXN04102,CUST0145,ACC0145,2023-04-19,16025.32,Debit,MERCH062,LOC028,DEV041,UPI,Success,0
TXN04103,CUST0055,ACC0055,2024-03-06,47961.23,Debit,MERCH059,LOC045,DEV149,NetBanking,Success,0
TXN04104,CUST0233,ACC0233,2023-09-13,2773.86,Debit,MERCH042,LOC031,DEV044,NetBanking,Success,0
TXN04105,CUST0177,ACC0177,2023-06-21,33351.48,Debit,MERCH027,LOC030,DEV119,UPI,Success,0
TXN04106,CUST0394,ACC0394,2023-04-25,8082.36,Debit,MERCH099,LOC036,DEV155,NetBanking,Success,0
TXN04107,CUST0458,ACC0458,2023-03-28,29607.45,Debit,MERCH050,LOC044,DEV186,NetBanking,Success,0
TXN04108,CUST0171,ACC0171,2024-10-01,29139.75,Debit,MERCH051,LOC043,DEV076,NetBanking,Success,0
TXN04109,CUST0153,ACC0153,2024-03-18,12608.49,Debit,MERCH001,LOC002,DEV067,Card,Success,0
TXN04110,CUST0038,ACC0038,2024-01-15,8535.26,Credit,MERCH069,LOC024,DEV085,UPI,Failed,0
TXN04111,CUST0131,ACC0131,2024-05-20,44534.44,Credit,MERCH077,LOC044,DEV089,UPI,Failed,0
TXN04112,CUST0392,ACC0392,2023-02-16,6290.5,Credit,MERCH006,LOC048,DEV158,Card,Failed,0
TXN04113,CUST0348,ACC0348,2023-08-22,21204.78,Debit,MERCH065,LOC045,DEV008,UPI,Success,0
TXN04114,CUST0030,ACC0030,2024-12-08,15513.89,Credit,MERCH092,LOC003,DEV163,UPI,Failed,0
TXN04115,CUST0254,ACC0254,2023-09-05,13528.99,Debit,MERCH013,LOC015,DEV170,Card,Success,0
TXN04116,CUST0153,ACC0153,2023-01-13,37339.03,Debit,MERCH035,LOC023,DEV124,NetBanking,Success,0
TXN04117,CUST0166,ACC0166,2023-07-01,24415.4,Debit,MERCH098,LOC036,DEV194,Card,Success,0
TXN04118,CUST0205,ACC0205,2024-05-16,34378.93,Debit,MERCH088,LOC004,DEV109,NetBanking,Success,0
TXN04119,CUST0465,ACC0465,2024-02-05,26077.38,Debit,MERCH060,LOC008,DEV178,NetBanking,Success,0
TXN04120,CUST0167,ACC0167,2024-01-09,41800.75,Debit,MERCH054,LOC036,DEV150,Card,Failed,0
TXN04121,CUST0457,ACC0457,2023-11-05,49018.67,Debit,MERCH096,LOC016,DEV100,NetBanking,Failed,0
TXN04122,CUST0129,ACC0129,2024-02-22,31979.37,Debit,MERCH053,LOC008,DEV019,Card,Success,0
TXN04123,CUST0113,ACC0113,2023-08-01,29371.27,Debit,MERCH048,LOC005,DEV131,Card,Success,0
TXN04124,CUST0077,ACC0077,2024-01-18,19776.58,Debit,MERCH019,LOC042,DEV182,Card,Success,0
TXN04125,CUST0220,ACC0220,2024-08-04,22579.92,Credit,MERCH071,LOC020,DEV135,Card,Failed,0
TXN04126,CUST0247,ACC0247,2024-08-07,37695.53,Credit,MERCH055,LOC015,DEV015,NetBanking,Success,0
TXN04127,CUST0178,ACC0178,2023-06-15,24758.3,Debit,MERCH024,LOC012,DEV196,UPI,Success,0
TXN04128,CUST0178,ACC0178,2024-07-30,36602.15,Debit,MERCH016,LOC009,DEV124,Card,Success,0
TXN04129,CUST0145,ACC0145,2024-02-20,29341.18,Debit,MERCH050,LOC014,DEV028,UPI,Failed,0
TXN04130,CUST0386,ACC0386,2024-09-12,4569.32,Credit,MERCH088,LOC042,DEV005,NetBanking,Success,0
TXN04131,CUST0429,ACC0429,2024-06-20,18172.9,Debit,MERCH001,LOC027,DEV039,Card,Failed,0
TXN04132,CUST0089,ACC0089,2023-07-17,652.94,Debit,MERCH061,LOC014,DEV165,UPI,Failed,0
TXN04133,CUST0378,ACC0378,2023-12-28,24542.09,Credit,MERCH078,LOC034,DEV080,Card,Success,0
TXN04134,CUST0410,ACC0410,2023-03-08,143.27,Debit,MERCH096,LOC011,DEV121,Card,Success,0
TXN04135,CUST0105,ACC0105,2023-01-19,10939.18,Debit,MERCH039,LOC045,DEV098,UPI,Success,0
TXN04136,CUST0106,ACC0106,2023-11-29,6409.87,Debit,MERCH011,LOC008,DEV143,UPI,Failed,0
TXN04137,CUST0264,ACC0264,2024-12-08,37652.15,Debit,MERCH055,LOC044,DEV181,UPI,Success,0
TXN04138,CUST0369,ACC0369,2024-08-19,16509.28,Debit,MERCH026,LOC042,DEV171,Card,Success,0
TXN04139,CUST0448,ACC0448,2023-03-07,35523.04,Debit,MERCH078,LOC002,DEV054,UPI,Success,0
TXN04140,CUST0327,ACC0327,2024-02-05,21223.74,Debit,MERCH084,LOC047,DEV158,Card,Failed,0
TXN04141,CUST0156,ACC0156,2024-05-06,8800.58,Debit,MERCH042,LOC038,DEV132,UPI,Success,0
TXN04142,CUST0144,ACC0144,2023-12-11,558.04,Credit,MERCH086,LOC043,DEV154,UPI,Success,0
TXN04143,CUST0143,ACC0143,2023-02-01,41638.52,Debit,MERCH089,LOC013,DEV171,Card,Success,0
TXN04144,CUST0381,ACC0381,2023-04-21,33024.51,Debit,MERCH089,LOC029,DEV177,UPI,Success,0
TXN04145,CUST0169,ACC0169,2024-02-29,22608.82,Debit,MERCH094,LOC016,DEV014,UPI,Success,0
TXN04146,CUST0190,ACC0190,2024-02-17,25091.19,Debit,MERCH009,LOC009,DEV180,NetBanking,Failed,0
TXN04147,CUST0440,ACC0440,2024-02-12,16521.65,Debit,MERCH021,LOC047,DEV154,Card,Success,0
TXN04148,CUST0490,ACC0490,2024-06-01,11936.05,Debit,MERCH010,LOC021,DEV031,NetBanking,Success,0
TXN04149,CUST0142,ACC0142,2024-08-24,23366.91,Credit,MERCH032,LOC026,DEV186,Card,Success,0
TXN04150,CUST0044,ACC0044,2024-02-23,42863.06,Credit,MERCH022,LOC009,DEV181,Card,Success,0
TXN04151,CUST0485,ACC0485,2024-02-01,5470.62,Debit,MERCH073,LOC043,DEV007,NetBanking,Success,0
TXN04152,CUST0456,ACC0456,2023-05-15,28158.02,Debit,MERCH096,LOC017,DEV190,NetBanking,Success,0
TXN04153,CUST0440,ACC0440,2023-11-24,22928.02,Credit,MERCH031,LOC035,DEV138,Card,Success,0
TXN04154,CUST0433,ACC0433,2024-03-23,17195.9,Debit,MERCH075,LOC006,DEV179,Card,Success,0
TXN04155,CUST0189,ACC0189,2024-08-31,17366.61,Credit,MERCH027,LOC037,DEV179,Card,Success,0
TXN04156,CUST0334,ACC0334,2024-01-09,47965.73,Debit,MERCH002,LOC008,DEV149,NetBanking,Failed,0
TXN04157,CUST0400,ACC0400,2023-10-19,4393.67,Debit,MERCH050,LOC007,DEV144,Card,Failed,0
TXN04158,CUST0397,ACC0397,2023-12-02,33584.17,Debit,MERCH069,LOC003,DEV113,Card,Failed,0
TXN04159,CUST0070,ACC0070,2023-01-01,33463.62,Debit,MERCH071,LOC007,DEV018,UPI,Success,0
TXN04160,CUST0081,ACC0081,2023-01-12,37929.67,Credit,MERCH062,LOC028,DEV057,NetBanking,Failed,0
TXN04161,CUST0227,ACC0227,2023-06-17,47215.69,Credit,MERCH033,LOC033,DEV058,UPI,Success,0
TXN04162,CUST0459,ACC0459,2024-01-20,18111.78,Debit,MERCH082,LOC007,DEV149,Card,Failed,0
TXN04163,CUST0323,ACC0323,2024-12-14,175.39,Debit,MERCH037,LOC013,DEV151,Card,Failed,0
TXN04164,CUST0209,ACC0209,2024-05-15,23941.89,Debit,MERCH058,LOC013,DEV154,Card,Failed,0
TXN04165,CUST0125,ACC0125,2023-03-19,19653.88,Debit,MERCH055,LOC036,DEV168,NetBanking,Success,0
TXN04166,CUST0273,ACC0273,2024-05-22,37325.88,Debit,MERCH065,LOC028,DEV137,UPI,Success,0
TXN04167,CUST0064,ACC0064,2023-03-01,42499.25,Debit,MERCH076,LOC012,DEV109,Card,Success,0
TXN04168,CUST0430,ACC0430,2024-03-05,6432.61,Credit,MERCH073,LOC021,DEV133,Card,Success,0
TXN04169,CUST0027,ACC0027,2023-11-10,755.76,Debit,MERCH016,LOC021,DEV156,UPI,Failed,0
TXN04170,CUST0404,ACC0404,2024-04-23,38439.9,Debit,MERCH075,LOC043,DEV015,UPI,Success,0
TXN04171,CUST0495,ACC0495,2023-02-05,22564.7,Debit,MERCH098,LOC046,DEV060,NetBanking,Success,0
TXN04172,CUST0323,ACC0323,2023-11-13,36436.78,Debit,MERCH097,LOC037,DEV060,Card,Failed,0
TXN04173,CUST0420,ACC0420,2024-08-10,31829.55,Debit,MERCH074,LOC034,DEV082,UPI,Success,0
TXN04174,CUST0485,ACC0485,2024-08-12,18929.26,Debit,MERCH002,LOC023,DEV076,UPI,Success,0
TXN04175,CUST0065,ACC0065,2024-11-07,27101.13,Debit,MERCH014,LOC006,DEV150,Card,Success,0
TXN04176,CUST0336,ACC0336,2023-02-12,9856.13,Debit,MERCH022,LOC043,DEV148,Card,Success,0
TXN04177,CUST0145,ACC0145,2023-03-06,41293.29,Credit,MERCH030,LOC049,DEV198,Card,Success,0
TXN04178,CUST0072,ACC0072,2023-09-10,27913.21,Credit,MERCH050,LOC028,DEV010,Card,Failed,0
TXN04179,CUST0324,ACC0324,2024-02-01,41577.98,Debit,MERCH100,LOC020,DEV005,NetBanking,Success,0
TXN04180,CUST0332,ACC0332,2023-08-06,28230.54,Debit,MERCH037,LOC019,DEV172,Card,Failed,0
TXN04181,CUST0359,ACC0359,2024-10-30,9761.5,Debit,MERCH021,LOC045,DEV194,NetBanking,Success,0
TXN04182,CUST0292,ACC0292,2024-11-11,10266.2,Credit,MERCH097,LOC025,DEV063,NetBanking,Success,0
TXN04183,CUST0262,ACC0262,2023-06-20,43879.0,Debit,MERCH072,LOC006,DEV142,Card,Success,0
TXN04184,CUST0167,ACC0167,2023-05-01,11161.98,Debit,MERCH066,LOC027,DEV015,UPI,Failed,0
TXN04185,CUST0175,ACC0175,2024-03-24,41468.96,Credit,MERCH010,LOC038,DEV035,Card,Failed,0
TXN04186,CUST0361,ACC0361,2024-11-11,27956.21,Debit,MERCH008,LOC010,DEV136,NetBanking,Success,0
TXN04187,CUST0497,ACC0497,2024-03-30,16013.51,Debit,MERCH080,LOC049,DEV048,Card,Success,0
TXN04188,CUST0122,ACC0122,2024-11-26,41806.23,Credit,MERCH063,LOC034,DEV124,UPI,Success,0
TXN04189,CUST0057,ACC0057,2024-08-31,43602.09,Debit,MERCH085,LOC012,DEV097,UPI,Failed,0
TXN04190,CUST0166,ACC0166,2023-12-16,37544.93,Debit,MERCH037,LOC037,DEV107,Card,Success,0
TXN04191,CUST0245,ACC0245,2023-09-22,34915.78,Debit,MERCH046,LOC049,DEV046,UPI,Success,0
TXN04192,CUST0182,ACC0182,2024-03-30,35972.84,Debit,MERCH054,LOC042,DEV155,Card,Success,0
TXN04193,CUST0294,ACC0294,2023-02-19,35374.45,Debit,MERCH014,LOC008,DEV081,NetBanking,Success,0
TXN04194,CUST0377,ACC0377,2024-03-19,23842.35,Debit,MERCH059,LOC028,DEV074,UPI,Success,0
TXN04195,CUST0377,ACC0377,2024-03-06,24747.55,Debit,MERCH097,LOC035,DEV003,UPI,Success,0
TXN04196,CUST0497,ACC0497,2024-09-15,27252.58,Debit,MERCH029,LOC017,DEV112,NetBanking,Success,0
TXN04197,CUST0166,ACC0166,2024-12-20,3073.59,Debit,MERCH007,LOC016,DEV161,Card,Failed,0
TXN04198,CUST0154,ACC0154,2023-12-19,18872.28,Debit,MERCH080,LOC024,DEV036,UPI,Success,0
TXN04199,CUST0143,ACC0143,2023-11-25,22630.91,Debit,MERCH044,LOC047,DEV121,Card,Success,0
TXN04200,CUST0437,ACC0437,2024-06-27,46931.43,Credit,MERCH001,LOC041,DEV052,UPI,Success,0
TXN04201,CUST0412,ACC0412,2023-06-20,48077.64,Credit,MERCH086,LOC034,DEV192,UPI,Success,0
TXN04202,CUST0344,ACC0344,2024-02-04,38656.28,Credit,MERCH095,LOC017,DEV124,NetBanking,Failed,0
TXN04203,CUST0214,ACC0214,2023-07-04,47636.1,Credit,MERCH072,LOC023,DEV167,UPI,Success,0
TXN04204,CUST0143,ACC0143,2024-04-25,28035.31,Debit,MERCH068,LOC007,DEV147,Card,Failed,0
TXN04205,CUST0445,ACC0445,2023-07-13,45904.43,Debit,MERCH036,LOC006,DEV198,NetBanking,Success,0
TXN04206,CUST0407,ACC0407,2024-12-30,48152.45,Debit,MERCH098,LOC026,DEV048,UPI,Success,0
TXN04207,CUST0179,ACC0179,2023-09-04,34275.9,Debit,MERCH048,LOC018,DEV017,Card,Success,0
TXN04208,CUST0432,ACC0432,2024-07-06,30665.16,Debit,MERCH001,LOC004,DEV060,Card,Success,0
TXN04209,CUST0178,ACC0178,2024-02-16,11271.67,Debit,MERCH025,LOC021,DEV171,UPI,Success,0
TXN04210,CUST0156,ACC0156,2024-09-19,503.13,Credit,MERCH055,LOC033,DEV150,Card,Success,0
TXN04211,CUST0366,ACC0366,2024-03-23,32729.51,Debit,MERCH047,LOC004,DEV135,UPI,Success,0
TXN04212,CUST0214,ACC0214,2023-06-26,42529.18,Debit,MERCH038,LOC041,DEV054,Card,Failed,0
TXN04213,CUST0153,ACC0153,2024-03-24,19360.74,Debit,MERCH022,LOC024,DEV140,NetBanking,Success,1
TXN04214,CUST0225,ACC0225,2023-07-01,26057.23,Credit,MERCH086,LOC014,DEV101,Card,Failed,0
TXN04215,CUST0108,ACC0108,2023-03-21,19861.45,Debit,MERCH014,LOC031,DEV041,UPI,Success,0
TXN04216,CUST0382,ACC0382,2024-02-08,48373.99,Debit,MERCH090,LOC026,DEV080,UPI,Success,0
TXN04217,CUST0312,ACC0312,2023-02-20,25802.56,Credit,MERCH081,LOC006,DEV111,Card,Success,0
TXN04218,CUST0414,ACC0414,2023-09-03,12743.65,Debit,MERCH008,LOC046,DEV177,UPI,Success,0
TXN04219,CUST0051,ACC0051,2024-02-02,20631.83,Credit,MERCH019,LOC034,DEV071,Card,Success,0
TXN04220,CUST0186,ACC0186,2023-11-22,15336.05,Debit,MERCH049,LOC010,DEV042,Card,Success,0
TXN04221,CUST0459,ACC0459,2024-08-11,17632.17,Debit,MERCH011,LOC003,DEV098,UPI,Success,0
TXN04222,CUST0375,ACC0375,2024-02-29,37385.48,Debit,MERCH001,LOC019,DEV108,UPI,Failed,0
TXN04223,CUST0303,ACC0303,2023-01-19,31875.26,Debit,MERCH082,LOC040,DEV028,Card,Success,0
TXN04224,CUST0466,ACC0466,2024-01-24,44565.84,Debit,MERCH004,LOC027,DEV100,UPI,Success,0
TXN04225,CUST0321,ACC0321,2024-05-18,27307.16,Debit,MERCH029,LOC010,DEV020,Card,Failed,0
TXN04226,CUST0221,ACC0221,2023-12-24,2846.12,Debit,MERCH100,LOC034,DEV147,UPI,Success,0
TXN04227,CUST0100,ACC0100,2023-12-21,13340.53,Debit,MERCH010,LOC005,DEV165,Card,Failed,0
TXN04228,CUST0474,ACC0474,2023-01-16,34366.49,Debit,MERCH085,LOC043,DEV007,UPI,Success,0
TXN04229,CUST0178,ACC0178,2024-10-16,46510.07,Credit,MERCH057,LOC007,DEV065,UPI,Failed,0
TXN04230,CUST0277,ACC0277,2023-12-14,11737.55,Debit,MERCH011,LOC017,DEV117,UPI,Success,0
TXN04231,CUST0295,ACC0295,2023-11-21,17873.75,Debit,MERCH098,LOC038,DEV046,UPI,Success,0
TXN04232,CUST0081,ACC0081,2023-01-06,41043.45,Debit,MERCH024,LOC004,DEV131,UPI,Success,0
TXN04233,CUST0301,ACC0301,2024-11-27,17743.05,Credit,MERCH071,LOC001,DEV031,UPI,Failed,0
TXN04234,CUST0498,ACC0498,2023-06-11,20881.92,Debit,MERCH042,LOC049,DEV015,Card,Success,0
TXN04235,CUST0245,ACC0245,2023-08-22,49343.25,Debit,MERCH077,LOC019,DEV062,UPI,Success,0
TXN04236,CUST0028,ACC0028,2023-09-10,40925.87,Debit,MERCH022,LOC032,DEV065,UPI,Success,0
TXN04237,CUST0308,ACC0308,2024-02-11,40713.49,Debit,MERCH098,LOC044,DEV060,UPI,Success,0
TXN04238,CUST0247,ACC0247,2024-10-19,19679.58,Debit,MERCH094,LOC036,DEV194,Card,Success,0
TXN04239,CUST0183,ACC0183,2024-06-21,1006.93,Debit,MERCH082,LOC017,DEV025,UPI,Failed,0
TXN04240,CUST0148,ACC0148,2024-07-23,20602.66,Debit,MERCH003,LOC022,DEV015,UPI,Success,0
TXN04241,CUST0387,ACC0387,2023-10-06,46870.82,Credit,MERCH004,LOC021,DEV031,NetBanking,Success,0
TXN04242,CUST0286,ACC0286,2023-05-09,45569.7,Credit,MERCH079,LOC004,DEV124,Card,Success,0
TXN04243,CUST0130,ACC0130,2023-10-23,12894.92,Debit,MERCH061,LOC008,DEV125,NetBanking,Success,0
TXN04244,CUST0482,ACC0482,2023-09-15,42712.8,Debit,MERCH046,LOC026,DEV136,UPI,Success,0
TXN04245,CUST0348,ACC0348,2024-05-31,34405.9,Credit,MERCH063,LOC049,DEV054,NetBanking,Success,0
TXN04246,CUST0246,ACC0246,2023-10-28,39047.61,Credit,MERCH049,LOC001,DEV114,NetBanking,Failed,0
TXN04247,CUST0070,ACC0070,2023-08-13,19718.21,Debit,MERCH034,LOC007,DEV038,UPI,Failed,0
TXN04248,CUST0004,ACC0004,2024-07-25,5325.91,Debit,MERCH067,LOC039,DEV054,UPI,Failed,0
TXN04249,CUST0257,ACC0257,2024-10-16,7734.83,Debit,MERCH075,LOC016,DEV199,UPI,Success,0
TXN04250,CUST0187,ACC0187,2023-04-30,20137.58,Credit,MERCH057,LOC024,DEV034,UPI,Success,0
TXN04251,CUST0354,ACC0354,2024-03-16,20965.85,Debit,MERCH013,LOC028,DEV051,Card,Success,0
TXN04252,CUST0205,ACC0205,2024-04-26,26185.83,Debit,MERCH083,LOC036,DEV018,Card,Success,0
TXN04253,CUST0128,ACC0128,2023-12-13,12243.03,Debit,MERCH066,LOC015,DEV194,Card,Success,0
TXN04254,CUST0314,ACC0314,2023-08-14,620.63,Debit,MERCH018,LOC048,DEV179,NetBanking,Success,0
TXN04255,CUST0452,ACC0452,2024-02-11,2136.25,Debit,MERCH072,LOC030,DEV061,NetBanking,Success,0
TXN04256,CUST0149,ACC0149,2024-12-22,43260.56,Debit,MERCH078,LOC032,DEV185,UPI,Success,0
TXN04257,CUST0156,ACC0156,2024-04-11,48914.81,Credit,MERCH084,LOC029,DEV119,Card,Success,0
TXN04258,CUST0019,ACC0019,2023-10-10,38054.51,Debit,MERCH059,LOC035,DEV018,NetBanking,Failed,0
TXN04259,CUST0309,ACC0309,2023-11-14,18261.47,Debit,MERCH058,LOC015,DEV157,Card,Failed,0
TXN04260,CUST0198,ACC0198,2023-04-07,39000.77,Debit,MERCH061,LOC014,DEV103,UPI,Success,1
TXN04261,CUST0278,ACC0278,2024-08-17,4873.72,Debit,MERCH091,LOC044,DEV128,UPI,Success,0
TXN04262,CUST0495,ACC0495,2023-11-18,21494.26,Debit,MERCH092,LOC011,DEV027,Card,Success,0
TXN04263,CUST0460,ACC0460,2024-12-02,25167.85,Credit,MERCH009,LOC044,DEV185,NetBanking,Failed,0
TXN04264,CUST0218,ACC0218,2024-08-13,29430.27,Debit,MERCH024,LOC015,DEV106,Card,Failed,0
TXN04265,CUST0127,ACC0127,2023-11-12,38171.72,Debit,MERCH043,LOC029,DEV143,UPI,Success,0
TXN04266,CUST0470,ACC0470,2024-03-05,22490.23,Debit,MERCH042,LOC031,DEV178,UPI,Failed,0
TXN04267,CUST0082,ACC0082,2024-07-16,41604.16,Debit,MERCH063,LOC049,DEV144,NetBanking,Success,0
TXN04268,CUST0320,ACC0320,2024-10-18,42400.87,Debit,MERCH087,LOC038,DEV017,NetBanking,Success,0
TXN04269,CUST0320,ACC0320,2024-02-19,1340.36,Debit,MERCH045,LOC044,DEV144,NetBanking,Success,0
TXN04270,CUST0399,ACC0399,2023-12-09,43789.61,Credit,MERCH036,LOC014,DEV117,UPI,Success,0
TXN04271,CUST0461,ACC0461,2024-03-02,10199.93,Debit,MERCH064,LOC002,DEV127,NetBanking,Success,0
TXN04272,CUST0421,ACC0421,2023-05-07,21788.6,Debit,MERCH013,LOC018,DEV192,NetBanking,Success,0
TXN04273,CUST0157,ACC0157,2023-01-03,288.66,Debit,MERCH048,LOC027,DEV012,Card,Failed,0
TXN04274,CUST0077,ACC0077,2023-09-02,38722.56,Debit,MERCH040,LOC050,DEV011,UPI,Failed,0
TXN04275,CUST0228,ACC0228,2024-09-13,24339.05,Credit,MERCH072,LOC033,DEV170,NetBanking,Success,0
TXN04276,CUST0460,ACC0460,2023-12-05,37470.45,Debit,MERCH027,LOC048,DEV069,Card,Failed,0
TXN04277,CUST0133,ACC0133,2024-08-25,35573.52,Debit,MERCH083,LOC039,DEV123,NetBanking,Success,0
TXN04278,CUST0354,ACC0354,2023-07-19,40631.77,Debit,MERCH047,LOC033,DEV119,Card,Success,0
TXN04279,CUST0429,ACC0429,2024-07-27,35127.21,Credit,MERCH090,LOC021,DEV049,UPI,Success,0
TXN04280,CUST0499,ACC0499,2024-08-24,37255.56,Debit,MERCH089,LOC032,DEV118,UPI,Success,0
TXN04281,CUST0062,ACC0062,2024-07-25,16224.44,Debit,MERCH029,LOC045,DEV006,Card,Success,0
TXN04282,CUST0132,ACC0132,2023-03-04,48152.49,Debit,MERCH008,LOC003,DEV076,UPI,Failed,0
TXN04283,CUST0062,ACC0062,2023-07-25,45023.98,Credit,MERCH060,LOC023,DEV038,Card,Failed,0
TXN04284,CUST0246,ACC0246,2023-01-01,21919.04,Credit,MERCH014,LOC029,DEV111,UPI,Failed,0
TXN04285,CUST0110,ACC0110,2023-11-30,513.07,Debit,MERCH021,LOC037,DEV185,Card,Failed,0
TXN04286,CUST0312,ACC0312,2023-01-25,34393.33,Debit,MERCH093,LOC027,DEV119,UPI,Failed,0
TXN04287,CUST0204,ACC0204,2023-05-19,46649.48,Credit,MERCH045,LOC020,DEV064,UPI,Success,0
TXN04288,CUST0487,ACC0487,2023-03-15,19843.52,Debit,MERCH054,LOC018,DEV124,UPI,Success,0
TXN04289,CUST0065,ACC0065,2023-12-10,20956.16,Credit,MERCH066,LOC011,DEV168,Card,Failed,0
TXN04290,CUST0023,ACC0023,2024-11-29,10248.01,Debit,MERCH089,LOC007,DEV082,NetBanking,Failed,0
TXN04291,CUST0364,ACC0364,2024-12-20,17578.51,Credit,MERCH004,LOC045,DEV160,UPI,Success,0
TXN04292,CUST0446,ACC0446,2024-04-27,11360.43,Debit,MERCH092,LOC028,DEV099,UPI,Success,0
TXN04293,CUST0225,ACC0225,2024-03-21,20326.95,Debit,MERCH095,LOC041,DEV046,Card,Success,0
TXN04294,CUST0143,ACC0143,2023-06-10,31379.13,Credit,MERCH029,LOC045,DEV043,UPI,Success,0
TXN04295,CUST0484,ACC0484,2024-05-27,37283.43,Credit,MERCH009,LOC016,DEV133,UPI,Success,0
TXN04296,CUST0017,ACC0017,2023-12-07,22681.55,Debit,MERCH057,LOC036,DEV194,UPI,Success,0
TXN04297,CUST0479,ACC0479,2024-10-31,28026.55,Debit,MERCH018,LOC027,DEV029,Card,Success,0
TXN04298,CUST0162,ACC0162,2023-05-03,1557.11,Debit,MERCH002,LOC024,DEV041,UPI,Success,0
TXN04299,CUST0319,ACC0319,2024-01-18,1854.09,Credit,MERCH017,LOC050,DEV049,Card,Success,0
TXN04300,CUST0176,ACC0176,2024-11-20,29354.62,Credit,MERCH041,LOC036,DEV102,NetBanking,Success,0
TXN04301,CUST0306,ACC0306,2023-06-04,43719.09,Debit,MERCH004,LOC003,DEV099,UPI,Failed,0
TXN04302,CUST0332,ACC0332,2023-07-11,16769.57,Debit,MERCH098,LOC038,DEV194,Card,Success,0
TXN04303,CUST0229,ACC0229,2024-12-12,47608.47,Debit,MERCH067,LOC017,DEV151,UPI,Failed,0
TXN04304,CUST0172,ACC0172,2023-08-12,3392.51,Credit,MERCH033,LOC022,DEV136,UPI,Success,0
TXN04305,CUST0331,ACC0331,2023-01-21,33468.44,Credit,MERCH089,LOC011,DEV029,NetBanking,Failed,0
TXN04306,CUST0102,ACC0102,2023-10-03,20873.0,Credit,MERCH010,LOC021,DEV039,UPI,Success,0
TXN04307,CUST0481,ACC0481,2024-12-17,40236.38,Debit,MERCH019,LOC009,DEV173,Card,Success,0
TXN04308,CUST0405,ACC0405,2023-09-25,45152.23,Debit,MERCH001,LOC007,DEV070,Card,Success,0
TXN04309,CUST0271,ACC0271,2024-12-08,5451.62,Credit,MERCH069,LOC018,DEV012,NetBanking,Success,0
TXN04310,CUST0397,ACC0397,2024-07-22,30074.48,Debit,MERCH099,LOC020,DEV142,Card,Failed,0
TXN04311,CUST0342,ACC0342,2024-10-25,36383.98,Debit,MERCH066,LOC008,DEV125,UPI,Failed,0
TXN04312,CUST0387,ACC0387,2024-09-07,12524.47,Debit,MERCH076,LOC039,DEV004,UPI,Success,0
TXN04313,CUST0169,ACC0169,2024-11-01,45458.47,Debit,MERCH025,LOC014,DEV073,NetBanking,Success,0
TXN04314,CUST0365,ACC0365,2023-01-26,17028.82,Debit,MERCH091,LOC015,DEV088,UPI,Success,0
TXN04315,CUST0491,ACC0491,2024-10-18,25934.75,Debit,MERCH100,LOC016,DEV018,Card,Success,0
TXN04316,CUST0050,ACC0050,2024-02-25,35097.68,Debit,MERCH003,LOC009,DEV163,NetBanking,Failed,0
TXN04317,CUST0039,ACC0039,2023-06-14,45633.88,Credit,MERCH055,LOC050,DEV067,Card,Failed,0
TXN04318,CUST0074,ACC0074,2024-06-01,5781.85,Debit,MERCH100,LOC011,DEV014,Card,Failed,0
TXN04319,CUST0235,ACC0235,2023-10-01,31113.61,Debit,MERCH023,LOC025,DEV002,NetBanking,Success,0
TXN04320,CUST0442,ACC0442,2024-08-15,7474.34,Debit,MERCH034,LOC048,DEV111,UPI,Success,0
TXN04321,CUST0190,ACC0190,2024-03-03,48432.49,Credit,MERCH051,LOC023,DEV126,Card,Success,0
TXN04322,CUST0436,ACC0436,2024-06-08,31604.33,Debit,MERCH080,LOC023,DEV015,UPI,Success,0
TXN04323,CUST0156,ACC0156,2023-08-29,46359.53,Credit,MERCH051,LOC018,DEV091,NetBanking,Success,0
TXN04324,CUST0021,ACC0021,2024-06-25,19311.68,Debit,MERCH017,LOC050,DEV033,NetBanking,Success,0
TXN04325,CUST0434,ACC0434,2023-08-20,1197.2,Debit,MERCH050,LOC017,DEV025,UPI,Failed,0
TXN04326,CUST0470,ACC0470,2023-07-10,20690.38,Debit,MERCH042,LOC035,DEV102,UPI,Success,0
TXN04327,CUST0061,ACC0061,2024-05-31,37306.23,Debit,MERCH005,LOC034,DEV057,Card,Success,0
TXN04328,CUST0189,ACC0189,2023-10-05,31692.79,Debit,MERCH066,LOC034,DEV091,Card,Failed,0
TXN04329,CUST0290,ACC0290,2024-07-12,46397.41,Debit,MERCH050,LOC024,DEV098,UPI,Success,0
TXN04330,CUST0314,ACC0314,2023-07-20,8930.11,Credit,MERCH056,LOC045,DEV042,NetBanking,Success,0
TXN04331,CUST0072,ACC0072,2023-09-03,20745.19,Debit,MERCH030,LOC017,DEV032,UPI,Success,0
TXN04332,CUST0273,ACC0273,2023-07-30,30670.45,Debit,MERCH061,LOC036,DEV192,NetBanking,Success,0
TXN04333,CUST0399,ACC0399,2023-02-03,8091.91,Debit,MERCH064,LOC006,DEV174,UPI,Success,0
TXN04334,CUST0499,ACC0499,2023-01-28,21053.71,Debit,MERCH003,LOC009,DEV192,NetBanking,Success,0
TXN04335,CUST0198,ACC0198,2024-11-07,37932.1,Debit,MERCH029,LOC050,DEV094,Card,Failed,0
TXN04336,CUST0342,ACC0342,2023-08-07,13914.77,Debit,MERCH028,LOC012,DEV062,Card,Success,1
TXN04337,CUST0377,ACC0377,2024-12-18,6228.63,Credit,MERCH060,LOC037,DEV164,NetBanking,Failed,0
TXN04338,CUST0026,ACC0026,2024-03-10,21130.34,Debit,MERCH062,LOC042,DEV163,Card,Failed,0
TXN04339,CUST0070,ACC0070,2023-02-22,35635.9,Debit,MERCH071,LOC015,DEV131,UPI,Success,0
TXN04340,CUST0129,ACC0129,2023-09-10,37096.88,Debit,MERCH003,LOC006,DEV165,NetBanking,Failed,0
TXN04341,CUST0280,ACC0280,2024-04-02,23465.34,Debit,MERCH096,LOC019,DEV037,Card,Success,0
TXN04342,CUST0069,ACC0069,2023-11-29,10626.58,Debit,MERCH047,LOC049,DEV127,UPI,Success,0
TXN04343,CUST0245,ACC0245,2024-04-06,38509.63,Credit,MERCH087,LOC022,DEV013,Card,Success,0
TXN04344,CUST0085,ACC0085,2023-04-20,32935.55,Debit,MERCH037,LOC034,DEV080,NetBanking,Success,0
TXN04345,CUST0222,ACC0222,2023-02-05,11402.35,Debit,MERCH051,LOC046,DEV197,Card,Success,0
TXN04346,CUST0274,ACC0274,2024-05-15,27123.9,Debit,MERCH003,LOC049,DEV192,NetBanking,Success,0
TXN04347,CUST0408,ACC0408,2024-11-14,14303.83,Debit,MERCH077,LOC020,DEV115,Card,Success,0
TXN04348,CUST0386,ACC0386,2024-05-01,2846.09,Debit,MERCH031,LOC009,DEV166,Card,Success,0
TXN04349,CUST0328,ACC0328,2023-02-25,7553.16,Debit,MERCH011,LOC027,DEV183,Card,Failed,0
TXN04350,CUST0341,ACC0341,2024-12-21,32288.04,Debit,MERCH096,LOC029,DEV166,NetBanking,Failed,0
TXN04351,CUST0232,ACC0232,2024-06-21,33242.09,Credit,MERCH096,LOC006,DEV058,UPI,Success,0
TXN04352,CUST0446,ACC0446,2024-08-10,16312.13,Debit,MERCH009,LOC008,DEV183,Card,Success,0
TXN04353,CUST0287,ACC0287,2023-12-10,37428.71,Debit,MERCH007,LOC006,DEV159,UPI,Success,0
TXN04354,CUST0144,ACC0144,2024-04-16,10727.52,Credit,MERCH026,LOC033,DEV150,Card,Success,0
TXN04355,CUST0195,ACC0195,2023-12-28,14638.38,Credit,MERCH073,LOC006,DEV182,NetBanking,Failed,0
TXN04356,CUST0246,ACC0246,2024-07-21,31370.86,Debit,MERCH092,LOC042,DEV032,UPI,Success,0
TXN04357,CUST0012,ACC0012,2023-01-31,4915.99,Debit,MERCH086,LOC027,DEV153,Card,Failed,0
TXN04358,CUST0030,ACC0030,2024-02-09,9151.13,Debit,MERCH042,LOC038,DEV088,UPI,Failed,0
TXN04359,CUST0056,ACC0056,2023-09-17,43358.69,Credit,MERCH013,LOC041,DEV179,UPI,Failed,0
TXN04360,CUST0402,ACC0402,2024-11-17,49545.01,Debit,MERCH081,LOC023,DEV132,UPI,Success,0
TXN04361,CUST0356,ACC0356,2024-05-10,45015.53,Debit,MERCH087,LOC042,DEV076,Card,Success,0
TXN04362,CUST0449,ACC0449,2024-12-09,29476.28,Credit,MERCH017,LOC040,DEV077,Card,Success,0
TXN04363,CUST0418,ACC0418,2024-06-12,9958.83,Debit,MERCH076,LOC030,DEV040,UPI,Success,0
TXN04364,CUST0381,ACC0381,2023-12-06,3244.1,Debit,MERCH031,LOC021,DEV060,UPI,Success,0
TXN04365,CUST0484,ACC0484,2024-03-18,23191.62,Credit,MERCH057,LOC014,DEV065,Card,Failed,0
TXN04366,CUST0463,ACC0463,2023-05-14,19430.73,Credit,MERCH086,LOC005,DEV003,Card,Success,0
TXN04367,CUST0154,ACC0154,2024-12-26,32370.44,Debit,MERCH062,LOC005,DEV162,Card,Success,1
TXN04368,CUST0459,ACC0459,2024-12-03,31406.19,Debit,MERCH011,LOC043,DEV148,NetBanking,Failed,0
TXN04369,CUST0306,ACC0306,2023-02-06,24094.39,Credit,MERCH091,LOC027,DEV155,Card,Failed,0
TXN04370,CUST0391,ACC0391,2024-05-24,41634.62,Credit,MERCH096,LOC006,DEV118,Card,Success,0
TXN04371,CUST0062,ACC0062,2023-06-24,14527.06,Debit,MERCH055,LOC033,DEV169,UPI,Failed,0
TXN04372,CUST0415,ACC0415,2023-09-08,39142.59,Debit,MERCH026,LOC025,DEV147,UPI,Success,0
TXN04373,CUST0191,ACC0191,2023-05-28,44184.68,Credit,MERCH063,LOC014,DEV082,Card,Failed,0
TXN04374,CUST0374,ACC0374,2023-01-11,23753.71,Debit,MERCH023,LOC034,DEV177,NetBanking,Success,0
TXN04375,CUST0115,ACC0115,2024-10-30,29789.59,Credit,MERCH054,LOC048,DEV174,Card,Success,0
TXN04376,CUST0495,ACC0495,2023-03-15,9211.53,Debit,MERCH082,LOC039,DEV053,Card,Success,0
TXN04377,CUST0337,ACC0337,2024-02-19,33525.46,Debit,MERCH023,LOC029,DEV086,UPI,Failed,0
TXN04378,CUST0202,ACC0202,2024-12-15,14940.75,Debit,MERCH078,LOC022,DEV101,UPI,Success,0
TXN04379,CUST0456,ACC0456,2024-02-15,10924.72,Debit,MERCH026,LOC025,DEV038,UPI,Failed,0
TXN04380,CUST0365,ACC0365,2023-05-01,39637.48,Debit,MERCH008,LOC029,DEV131,UPI,Success,0
TXN04381,CUST0237,ACC0237,2024-12-30,42350.46,Debit,MERCH095,LOC042,DEV094,UPI,Success,0
TXN04382,CUST0392,ACC0392,2023-07-20,43688.57,Debit,MERCH047,LOC011,DEV124,Card,Failed,0
TXN04383,CUST0473,ACC0473,2024-10-05,44347.58,Debit,MERCH057,LOC030,DEV121,NetBanking,Failed,0
TXN04384,CUST0357,ACC0357,2023-03-04,16765.22,Debit,MERCH012,LOC012,DEV178,Card,Failed,0
TXN04385,CUST0301,ACC0301,2024-09-11,19239.82,Debit,MERCH071,LOC012,DEV123,NetBanking,Success,0
TXN04386,CUST0005,ACC0005,2023-02-20,32860.05,Debit,MERCH014,LOC014,DEV033,NetBanking,Success,0
TXN04387,CUST0201,ACC0201,2024-06-05,28617.83,Debit,MERCH003,LOC011,DEV017,Card,Failed,0
TXN04388,CUST0128,ACC0128,2024-03-20,37904.34,Debit,MERCH062,LOC006,DEV178,NetBanking,Success,0
TXN04389,CUST0070,ACC0070,2024-09-14,49541.75,Debit,MERCH083,LOC024,DEV017,NetBanking,Success,0
TXN04390,CUST0370,ACC0370,2024-08-27,17692.02,Debit,MERCH056,LOC043,DEV094,Card,Failed,0
TXN04391,CUST0173,ACC0173,2024-07-25,30021.72,Debit,MERCH017,LOC045,DEV140,UPI,Success,0
TXN04392,CUST0166,ACC0166,2024-07-23,24537.8,Credit,MERCH086,LOC010,DEV197,UPI,Success,1
TXN04393,CUST0076,ACC0076,2024-07-14,38923.66,Debit,MERCH019,LOC035,DEV113,UPI,Success,0
TXN04394,CUST0270,ACC0270,2024-09-19,24917.76,Debit,MERCH077,LOC042,DEV105,Card,Success,0
TXN04395,CUST0154,ACC0154,2024-05-11,47163.88,Debit,MERCH035,LOC027,DEV071,Card,Failed,0
TXN04396,CUST0347,ACC0347,2024-01-04,16081.89,Debit,MERCH002,LOC008,DEV141,Card,Success,0
TXN04397,CUST0486,ACC0486,2023-12-28,36312.42,Debit,MERCH041,LOC026,DEV190,UPI,Failed,0
TXN04398,CUST0159,ACC0159,2023-12-26,37520.88,Debit,MERCH002,LOC007,DEV001,Card,Success,0
TXN04399,CUST0288,ACC0288,2024-10-19,27825.14,Credit,MERCH034,LOC017,DEV128,Card,Failed,0
TXN04400,CUST0223,ACC0223,2023-03-23,29434.19,Credit,MERCH025,LOC025,DEV163,Card,Failed,0
TXN04401,CUST0152,ACC0152,2024-02-02,38151.55,Debit,MERCH057,LOC029,DEV071,UPI,Success,0
TXN04402,CUST0381,ACC0381,2024-08-10,20450.77,Debit,MERCH074,LOC010,DEV040,UPI,Failed,0
TXN04403,CUST0407,ACC0407,2024-12-10,21548.69,Debit,MERCH024,LOC014,DEV125,UPI,Success,0
TXN04404,CUST0149,ACC0149,2023-07-31,27493.29,Debit,MERCH007,LOC021,DEV043,Card,Success,0
TXN04405,CUST0060,ACC0060,2024-09-06,14525.13,Debit,MERCH097,LOC027,DEV007,Card,Success,0
TXN04406,CUST0320,ACC0320,2024-05-04,43221.68,Credit,MERCH035,LOC023,DEV151,NetBanking,Success,0
TXN04407,CUST0250,ACC0250,2024-04-06,11850.33,Credit,MERCH097,LOC048,DEV082,Card,Success,0
TXN04408,CUST0298,ACC0298,2023-04-28,30344.59,Credit,MERCH093,LOC015,DEV100,UPI,Success,0
TXN04409,CUST0224,ACC0224,2024-01-09,10289.04,Debit,MERCH039,LOC033,DEV192,Card,Failed,0
TXN04410,CUST0305,ACC0305,2024-11-30,34014.54,Credit,MERCH081,LOC040,DEV138,Card,Success,0
TXN04411,CUST0130,ACC0130,2023-09-26,13234.11,Credit,MERCH032,LOC037,DEV082,NetBanking,Success,0
TXN04412,CUST0093,ACC0093,2023-12-14,23970.66,Credit,MERCH036,LOC016,DEV113,Card,Failed,0
TXN04413,CUST0328,ACC0328,2023-06-11,4013.98,Debit,MERCH057,LOC024,DEV099,UPI,Failed,0
TXN04414,CUST0463,ACC0463,2023-03-16,39283.22,Debit,MERCH043,LOC024,DEV127,NetBanking,Failed,0
TXN04415,CUST0304,ACC0304,2024-11-15,26916.43,Debit,MERCH006,LOC041,DEV200,UPI,Success,0
TXN04416,CUST0015,ACC0015,2023-03-03,16218.18,Debit,MERCH015,LOC029,DEV059,UPI,Success,0
TXN04417,CUST0195,ACC0195,2023-11-26,27548.93,Debit,MERCH009,LOC037,DEV058,Card,Success,0
TXN04418,CUST0142,ACC0142,2023-11-07,46281.64,Credit,MERCH095,LOC031,DEV027,Card,Success,0
TXN04419,CUST0069,ACC0069,2023-07-12,30522.88,Debit,MERCH044,LOC016,DEV052,UPI,Failed,0
TXN04420,CUST0191,ACC0191,2023-07-19,43845.28,Credit,MERCH075,LOC043,DEV139,Card,Success,0
TXN04421,CUST0011,ACC0011,2024-08-07,19827.77,Debit,MERCH001,LOC034,DEV126,UPI,Success,0
TXN04422,CUST0287,ACC0287,2024-05-15,38207.16,Credit,MERCH061,LOC013,DEV120,Card,Success,0
TXN04423,CUST0437,ACC0437,2024-03-11,12415.17,Credit,MERCH029,LOC038,DEV165,NetBanking,Failed,0
TXN04424,CUST0417,ACC0417,2024-06-11,36250.52,Credit,MERCH004,LOC037,DEV128,Card,Failed,0
TXN04425,CUST0337,ACC0337,2024-08-06,49788.63,Debit,MERCH097,LOC004,DEV176,NetBanking,Success,0
TXN04426,CUST0330,ACC0330,2023-10-27,13908.2,Debit,MERCH091,LOC009,DEV154,Card,Failed,0
TXN04427,CUST0205,ACC0205,2023-06-10,47260.47,Debit,MERCH079,LOC015,DEV182,UPI,Success,0
TXN04428,CUST0094,ACC0094,2024-12-07,47481.14,Debit,MERCH021,LOC023,DEV075,Card,Success,0
TXN04429,CUST0198,ACC0198,2023-09-01,834.2,Debit,MERCH055,LOC032,DEV031,NetBanking,Success,0
TXN04430,CUST0035,ACC0035,2024-04-14,22131.73,Credit,MERCH082,LOC021,DEV142,UPI,Success,0
TXN04431,CUST0047,ACC0047,2024-08-27,39336.89,Credit,MERCH086,LOC033,DEV078,NetBanking,Success,0
TXN04432,CUST0004,ACC0004,2024-05-21,16500.07,Debit,MERCH095,LOC026,DEV087,Card,Success,0
TXN04433,CUST0317,ACC0317,2024-10-03,23887.08,Debit,MERCH059,LOC048,DEV179,Card,Success,1
TXN04434,CUST0499,ACC0499,2023-01-25,17492.58,Debit,MERCH078,LOC027,DEV115,UPI,Failed,0
TXN04435,CUST0094,ACC0094,2023-03-08,38985.13,Debit,MERCH032,LOC036,DEV116,NetBanking,Success,0
TXN04436,CUST0401,ACC0401,2023-01-29,41405.8,Credit,MERCH073,LOC036,DEV198,UPI,Success,0
TXN04437,CUST0080,ACC0080,2023-04-25,14474.83,Debit,MERCH061,LOC007,DEV123,NetBanking,Success,0
TXN04438,CUST0124,ACC0124,2023-01-03,43546.26,Debit,MERCH068,LOC024,DEV136,Card,Success,0
TXN04439,CUST0111,ACC0111,2023-02-04,20429.45,Debit,MERCH100,LOC049,DEV133,Card,Failed,0
TXN04440,CUST0476,ACC0476,2023-05-07,21198.07,Debit,MERCH055,LOC022,DEV171,UPI,Failed,0
TXN04441,CUST0212,ACC0212,2023-02-17,46718.65,Credit,MERCH045,LOC037,DEV092,Card,Success,0
TXN04442,CUST0230,ACC0230,2023-09-07,36763.91,Debit,MERCH041,LOC048,DEV194,Card,Success,0
TXN04443,CUST0328,ACC0328,2024-11-16,44422.43,Debit,MERCH038,LOC003,DEV046,Card,Success,0
TXN04444,CUST0169,ACC0169,2024-12-05,41262.77,Debit,MERCH041,LOC021,DEV136,NetBanking,Success,0
TXN04445,CUST0230,ACC0230,2023-06-04,10600.95,Debit,MERCH081,LOC010,DEV012,Card,Success,0
TXN04446,CUST0270,ACC0270,2023-01-22,7688.15,Debit,MERCH008,LOC030,DEV189,UPI,Success,0
TXN04447,CUST0487,ACC0487,2023-11-07,29013.69,Credit,MERCH002,LOC034,DEV172,UPI,Failed,0
TXN04448,CUST0061,ACC0061,2024-03-14,38338.01,Debit,MERCH081,LOC025,DEV112,UPI,Success,0
TXN04449,CUST0046,ACC0046,2023-08-25,32412.79,Debit,MERCH085,LOC042,DEV092,UPI,Failed,0
TXN04450,CUST0024,ACC0024,2023-02-13,2119.49,Debit,MERCH083,LOC036,DEV151,Card,Success,1
TXN04451,CUST0071,ACC0071,2023-05-14,31328.35,Credit,MERCH050,LOC020,DEV156,UPI,Success,0
TXN04452,CUST0405,ACC0405,2023-11-12,31209.56,Credit,MERCH084,LOC033,DEV011,Card,Success,0
TXN04453,CUST0472,ACC0472,2024-11-25,11301.95,Debit,MERCH063,LOC009,DEV043,Card,Success,0
TXN04454,CUST0156,ACC0156,2024-01-07,16294.11,Debit,MERCH005,LOC034,DEV187,NetBanking,Failed,0
TXN04455,CUST0114,ACC0114,2023-08-30,17506.44,Debit,MERCH082,LOC040,DEV162,Card,Success,0
TXN04456,CUST0425,ACC0425,2024-12-28,20378.23,Debit,MERCH034,LOC023,DEV055,UPI,Success,0
TXN04457,CUST0303,ACC0303,2024-12-28,27461.21,Credit,MERCH081,LOC011,DEV081,Card,Failed,0
TXN04458,CUST0054,ACC0054,2023-11-05,561.77,Credit,MERCH007,LOC037,DEV149,NetBanking,Success,0
TXN04459,CUST0258,ACC0258,2024-04-03,10577.3,Debit,MERCH053,LOC035,DEV144,Card,Success,0
TXN04460,CUST0053,ACC0053,2023-08-17,44671.22,Debit,MERCH078,LOC007,DEV174,UPI,Failed,0
TXN04461,CUST0093,ACC0093,2024-07-16,4841.71,Debit,MERCH033,LOC021,DEV067,UPI,Failed,0
TXN04462,CUST0475,ACC0475,2024-02-23,19283.51,Debit,MERCH030,LOC008,DEV040,UPI,Failed,0
TXN04463,CUST0444,ACC0444,2023-12-24,10990.84,Debit,MERCH052,LOC038,DEV129,UPI,Failed,0
TXN04464,CUST0232,ACC0232,2024-02-09,8652.16,Debit,MERCH096,LOC041,DEV150,UPI,Failed,0
TXN04465,CUST0483,ACC0483,2023-11-13,24439.71,Debit,MERCH083,LOC033,DEV158,Card,Success,0
TXN04466,CUST0402,ACC0402,2024-04-07,6030.66,Debit,MERCH100,LOC032,DEV025,UPI,Success,0
TXN04467,CUST0478,ACC0478,2024-03-10,1889.3,Debit,MERCH011,LOC017,DEV198,Card,Failed,0
TXN04468,CUST0130,ACC0130,2024-04-03,4423.8,Debit,MERCH034,LOC050,DEV027,Card,Success,0
TXN04469,CUST0190,ACC0190,2023-07-09,21535.51,Debit,MERCH054,LOC048,DEV153,Card,Success,0
TXN04470,CUST0147,ACC0147,2024-01-13,12884.72,Debit,MERCH060,LOC036,DEV012,NetBanking,Success,0
TXN04471,CUST0131,ACC0131,2024-09-01,25323.77,Debit,MERCH071,LOC013,DEV114,Card,Success,0
TXN04472,CUST0127,ACC0127,2024-08-31,19639.24,Debit,MERCH061,LOC043,DEV107,Card,Success,0
TXN04473,CUST0002,ACC0002,2024-12-22,40092.3,Debit,MERCH098,LOC018,DEV001,Card,Success,0
TXN04474,CUST0408,ACC0408,2023-06-24,21794.76,Debit,MERCH020,LOC021,DEV091,UPI,Success,0
TXN04475,CUST0175,ACC0175,2024-01-30,4361.35,Debit,MERCH093,LOC010,DEV023,UPI,Failed,0
TXN04476,CUST0107,ACC0107,2024-06-30,12828.77,Debit,MERCH002,LOC037,DEV171,UPI,Success,0
TXN04477,CUST0181,ACC0181,2023-10-07,46490.17,Debit,MERCH044,LOC001,DEV095,Card,Failed,0
TXN04478,CUST0206,ACC0206,2024-07-08,25190.73,Debit,MERCH057,LOC011,DEV121,UPI,Success,0
TXN04479,CUST0037,ACC0037,2023-06-04,19595.02,Debit,MERCH024,LOC043,DEV159,UPI,Success,0
TXN04480,CUST0109,ACC0109,2024-05-15,26498.42,Debit,MERCH021,LOC029,DEV064,UPI,Success,0
TXN04481,CUST0125,ACC0125,2023-06-08,43926.18,Credit,MERCH093,LOC028,DEV113,UPI,Failed,0
TXN04482,CUST0150,ACC0150,2024-03-20,44110.31,Debit,MERCH069,LOC029,DEV164,Card,Success,0
TXN04483,CUST0362,ACC0362,2024-04-13,37640.53,Debit,MERCH079,LOC013,DEV019,NetBanking,Success,0
TXN04484,CUST0104,ACC0104,2024-03-03,24474.74,Debit,MERCH053,LOC033,DEV067,Card,Failed,0
TXN04485,CUST0364,ACC0364,2024-09-10,48198.63,Debit,MERCH055,LOC029,DEV166,UPI,Success,0
TXN04486,CUST0257,ACC0257,2023-08-03,38174.66,Debit,MERCH092,LOC046,DEV199,UPI,Success,0
TXN04487,CUST0106,ACC0106,2023-04-20,24208.99,Debit,MERCH006,LOC014,DEV142,NetBanking,Success,0
TXN04488,CUST0349,ACC0349,2024-06-30,11119.33,Debit,MERCH086,LOC047,DEV025,UPI,Success,0
TXN04489,CUST0263,ACC0263,2023-01-17,5314.74,Debit,MERCH055,LOC009,DEV138,Card,Success,0
TXN04490,CUST0030,ACC0030,2023-05-03,43571.64,Debit,MERCH046,LOC018,DEV199,UPI,Success,0
TXN04491,CUST0454,ACC0454,2024-11-15,44710.0,Credit,MERCH032,LOC017,DEV023,NetBanking,Success,0
TXN04492,CUST0441,ACC0441,2023-11-22,29011.11,Debit,MERCH100,LOC028,DEV004,UPI,Failed,0
TXN04493,CUST0257,ACC0257,2024-03-06,42309.29,Credit,MERCH051,LOC003,DEV037,UPI,Success,0
TXN04494,CUST0211,ACC0211,2024-10-30,8770.73,Debit,MERCH071,LOC041,DEV155,UPI,Failed,0
TXN04495,CUST0068,ACC0068,2023-05-29,46658.35,Debit,MERCH055,LOC042,DEV026,Card,Success,0
TXN04496,CUST0483,ACC0483,2023-09-08,16900.67,Debit,MERCH038,LOC003,DEV020,Card,Success,0
TXN04497,CUST0166,ACC0166,2024-05-06,42225.38,Credit,MERCH091,LOC040,DEV135,NetBanking,Success,0
TXN04498,CUST0033,ACC0033,2023-02-08,28238.34,Credit,MERCH055,LOC034,DEV102,NetBanking,Success,0
TXN04499,CUST0215,ACC0215,2024-01-19,2528.4,Debit,MERCH071,LOC006,DEV196,NetBanking,Failed,0
TXN04500,CUST0201,ACC0201,2024-07-24,46502.94,Debit,MERCH029,LOC031,DEV051,UPI,Success,0
TXN04501,CUST0028,ACC0028,2024-06-22,34310.89,Debit,MERCH075,LOC002,DEV050,Card,Success,0
TXN04502,CUST0317,ACC0317,2023-01-11,30158.46,Debit,MERCH095,LOC043,DEV101,UPI,Success,0
TXN04503,CUST0091,ACC0091,2024-02-12,39814.77,Debit,MERCH037,LOC032,DEV074,Card,Success,0
TXN04504,CUST0263,ACC0263,2023-12-01,44645.99,Debit,MERCH060,LOC015,DEV137,Card,Success,0
TXN04505,CUST0061,ACC0061,2023-12-05,46967.29,Debit,MERCH059,LOC043,DEV174,UPI,Success,0
TXN04506,CUST0090,ACC0090,2023-12-02,12833.31,Debit,MERCH038,LOC032,DEV198,UPI,Success,0
TXN04507,CUST0453,ACC0453,2024-01-12,14617.47,Credit,MERCH035,LOC030,DEV140,UPI,Success,0
TXN04508,CUST0027,ACC0027,2023-02-28,23803.82,Debit,MERCH028,LOC026,DEV106,NetBanking,Success,0
TXN04509,CUST0307,ACC0307,2024-06-19,12146.99,Debit,MERCH036,LOC022,DEV140,Card,Success,0
TXN04510,CUST0125,ACC0125,2024-07-06,24667.24,Debit,MERCH096,LOC030,DEV009,UPI,Failed,0
TXN04511,CUST0316,ACC0316,2024-08-18,2757.87,Debit,MERCH019,LOC007,DEV162,UPI,Failed,0
TXN04512,CUST0450,ACC0450,2023-03-21,39690.32,Debit,MERCH031,LOC008,DEV194,Card,Success,0
TXN04513,CUST0192,ACC0192,2024-11-20,21059.76,Debit,MERCH011,LOC020,DEV104,Card,Success,0
TXN04514,CUST0016,ACC0016,2023-04-03,44338.46,Debit,MERCH056,LOC011,DEV045,UPI,Success,0
TXN04515,CUST0415,ACC0415,2024-01-28,2775.2,Debit,MERCH096,LOC018,DEV034,NetBanking,Success,0
TXN04516,CUST0390,ACC0390,2024-01-31,19960.46,Debit,MERCH038,LOC004,DEV141,UPI,Success,0
TXN04517,CUST0489,ACC0489,2023-06-09,9555.56,Debit,MERCH011,LOC045,DEV115,UPI,Failed,0
TXN04518,CUST0062,ACC0062,2024-09-08,39707.81,Debit,MERCH095,LOC017,DEV012,Card,Failed,0
TXN04519,CUST0172,ACC0172,2023-04-23,30205.98,Debit,MERCH077,LOC046,DEV003,NetBanking,Success,0
TXN04520,CUST0003,ACC0003,2023-12-07,20682.82,Debit,MERCH054,LOC015,DEV094,Card,Success,0
TXN04521,CUST0307,ACC0307,2024-01-13,4397.06,Debit,MERCH015,LOC016,DEV167,Card,Success,0
TXN04522,CUST0484,ACC0484,2023-01-29,7546.11,Credit,MERCH013,LOC004,DEV102,UPI,Failed,0
TXN04523,CUST0213,ACC0213,2023-12-01,37137.42,Debit,MERCH025,LOC024,DEV115,UPI,Success,0
TXN04524,CUST0226,ACC0226,2024-03-30,14413.05,Debit,MERCH064,LOC022,DEV050,Card,Success,0
TXN04525,CUST0078,ACC0078,2023-05-12,35682.05,Credit,MERCH016,LOC021,DEV135,NetBanking,Success,0
TXN04526,CUST0238,ACC0238,2024-06-19,31241.1,Debit,MERCH094,LOC036,DEV064,NetBanking,Failed,0
TXN04527,CUST0051,ACC0051,2024-05-03,48541.69,Debit,MERCH021,LOC047,DEV068,Card,Success,0
TXN04528,CUST0060,ACC0060,2023-06-10,14673.49,Debit,MERCH054,LOC029,DEV056,NetBanking,Success,0
TXN04529,CUST0039,ACC0039,2024-11-19,46764.88,Debit,MERCH092,LOC017,DEV024,Card,Failed,0
TXN04530,CUST0294,ACC0294,2023-01-01,34135.54,Debit,MERCH041,LOC042,DEV014,Card,Success,0
TXN04531,CUST0278,ACC0278,2023-12-27,23805.52,Debit,MERCH016,LOC042,DEV024,UPI,Success,1
TXN04532,CUST0478,ACC0478,2024-05-19,20195.68,Credit,MERCH027,LOC042,DEV010,UPI,Success,0
TXN04533,CUST0059,ACC0059,2023-04-17,33621.55,Debit,MERCH086,LOC034,DEV162,Card,Success,0
TXN04534,CUST0425,ACC0425,2024-10-27,4438.0,Debit,MERCH061,LOC038,DEV098,UPI,Success,0
TXN04535,CUST0184,ACC0184,2024-03-08,13013.43,Debit,MERCH084,LOC048,DEV082,UPI,Success,0
TXN04536,CUST0149,ACC0149,2023-05-13,39068.26,Credit,MERCH010,LOC008,DEV108,UPI,Success,0
TXN04537,CUST0446,ACC0446,2023-10-14,10328.48,Debit,MERCH033,LOC031,DEV082,UPI,Success,0
TXN04538,CUST0450,ACC0450,2023-10-26,32960.97,Debit,MERCH068,LOC010,DEV033,Card,Success,0
TXN04539,CUST0118,ACC0118,2023-03-05,32228.83,Debit,MERCH055,LOC033,DEV067,Card,Success,0
TXN04540,CUST0205,ACC0205,2023-02-26,11254.58,Debit,MERCH044,LOC040,DEV039,NetBanking,Success,0
TXN04541,CUST0122,ACC0122,2023-10-13,45971.53,Credit,MERCH097,LOC032,DEV074,Card,Success,0
TXN04542,CUST0218,ACC0218,2023-09-21,16271.35,Debit,MERCH097,LOC018,DEV149,UPI,Failed,0
TXN04543,CUST0406,ACC0406,2023-11-19,526.98,Debit,MERCH089,LOC014,DEV122,UPI,Success,0
TXN04544,CUST0476,ACC0476,2024-10-30,5256.08,Debit,MERCH096,LOC016,DEV162,UPI,Failed,0
TXN04545,CUST0054,ACC0054,2024-12-01,643.5,Debit,MERCH069,LOC028,DEV148,Card,Failed,0
TXN04546,CUST0428,ACC0428,2024-12-01,37483.02,Credit,MERCH099,LOC034,DEV059,Card,Success,0
TXN04547,CUST0008,ACC0008,2023-10-08,5368.56,Debit,MERCH064,LOC016,DEV061,Card,Success,0
TXN04548,CUST0137,ACC0137,2024-12-19,11183.68,Credit,MERCH078,LOC031,DEV009,NetBanking,Success,0
TXN04549,CUST0049,ACC0049,2024-11-11,21357.23,Debit,MERCH010,LOC043,DEV180,Card,Success,0
TXN04550,CUST0248,ACC0248,2023-11-24,2486.63,Debit,MERCH003,LOC006,DEV192,UPI,Failed,0
TXN04551,CUST0060,ACC0060,2024-06-14,16407.32,Credit,MERCH095,LOC040,DEV092,Card,Success,0
TXN04552,CUST0087,ACC0087,2024-08-01,1111.24,Debit,MERCH074,LOC010,DEV129,Card,Success,0
TXN04553,CUST0035,ACC0035,2024-06-27,13381.72,Credit,MERCH065,LOC004,DEV102,UPI,Failed,0
TXN04554,CUST0485,ACC0485,2023-07-30,37063.47,Debit,MERCH082,LOC007,DEV024,NetBanking,Success,0
TXN04555,CUST0306,ACC0306,2023-12-21,43098.69,Credit,MERCH066,LOC042,DEV157,UPI,Success,0
TXN04556,CUST0014,ACC0014,2024-06-06,48854.88,Credit,MERCH016,LOC010,DEV171,UPI,Success,0
TXN04557,CUST0421,ACC0421,2023-05-01,23044.48,Debit,MERCH020,LOC050,DEV042,NetBanking,Success,0
TXN04558,CUST0108,ACC0108,2023-09-05,47780.77,Debit,MERCH063,LOC032,DEV036,UPI,Failed,0
TXN04559,CUST0178,ACC0178,2023-01-03,41236.97,Debit,MERCH016,LOC028,DEV045,UPI,Failed,0
TXN04560,CUST0353,ACC0353,2024-04-16,34980.23,Debit,MERCH023,LOC032,DEV168,Card,Success,0
TXN04561,CUST0363,ACC0363,2024-05-21,9472.02,Debit,MERCH030,LOC045,DEV126,UPI,Failed,0
TXN04562,CUST0442,ACC0442,2023-09-18,9035.91,Debit,MERCH033,LOC012,DEV009,UPI,Success,1
TXN04563,CUST0225,ACC0225,2024-08-31,11961.07,Debit,MERCH066,LOC030,DEV017,Card,Success,0
TXN04564,CUST0317,ACC0317,2024-12-26,30841.35,Debit,MERCH085,LOC022,DEV146,UPI,Success,0
TXN04565,CUST0070,ACC0070,2024-11-10,47964.79,Debit,MERCH074,LOC024,DEV092,Card,Success,0
TXN04566,CUST0353,ACC0353,2024-12-01,27392.52,Debit,MERCH038,LOC043,DEV047,Card,Failed,0
TXN04567,CUST0251,ACC0251,2023-08-04,23043.6,Credit,MERCH093,LOC041,DEV026,Card,Success,0
TXN04568,CUST0217,ACC0217,2024-11-28,39254.53,Debit,MERCH042,LOC007,DEV027,UPI,Success,0
TXN04569,CUST0338,ACC0338,2024-10-13,3728.93,Debit,MERCH043,LOC013,DEV096,UPI,Success,1
TXN04570,CUST0485,ACC0485,2024-11-23,2265.35,Credit,MERCH100,LOC019,DEV183,Card,Success,0
TXN04571,CUST0375,ACC0375,2023-04-17,8568.0,Debit,MERCH022,LOC003,DEV143,UPI,Success,0
TXN04572,CUST0248,ACC0248,2023-09-13,26209.94,Credit,MERCH097,LOC049,DEV185,Card,Success,0
TXN04573,CUST0295,ACC0295,2023-11-08,10399.62,Debit,MERCH002,LOC034,DEV091,UPI,Failed,0
TXN04574,CUST0288,ACC0288,2024-03-26,47941.54,Credit,MERCH015,LOC028,DEV190,UPI,Success,0
TXN04575,CUST0284,ACC0284,2023-07-10,7070.91,Debit,MERCH048,LOC007,DEV160,UPI,Success,0
TXN04576,CUST0119,ACC0119,2023-03-18,46274.14,Debit,MERCH070,LOC036,DEV198,NetBanking,Success,0
TXN04577,CUST0412,ACC0412,2023-09-10,27038.6,Credit,MERCH057,LOC048,DEV060,UPI,Success,0
TXN04578,CUST0279,ACC0279,2023-05-07,4831.11,Credit,MERCH074,LOC018,DEV102,UPI,Success,0
TXN04579,CUST0087,ACC0087,2023-11-10,42123.58,Debit,MERCH063,LOC001,DEV004,Card,Success,0
TXN04580,CUST0165,ACC0165,2023-08-27,45914.99,Debit,MERCH071,LOC047,DEV026,Card,Success,0
TXN04581,CUST0342,ACC0342,2023-05-08,38963.78,Debit,MERCH042,LOC004,DEV035,UPI,Success,0
TXN04582,CUST0374,ACC0374,2024-07-01,14052.61,Debit,MERCH095,LOC023,DEV057,Card,Success,0
TXN04583,CUST0238,ACC0238,2023-03-13,49605.59,Debit,MERCH031,LOC014,DEV191,Card,Success,0
TXN04584,CUST0018,ACC0018,2024-04-01,38601.7,Credit,MERCH088,LOC032,DEV016,Card,Failed,0
TXN04585,CUST0331,ACC0331,2024-11-09,34920.33,Debit,MERCH009,LOC046,DEV111,UPI,Success,0
TXN04586,CUST0357,ACC0357,2023-04-06,49945.04,Debit,MERCH004,LOC039,DEV063,NetBanking,Success,0
TXN04587,CUST0251,ACC0251,2023-07-30,36333.54,Debit,MERCH064,LOC040,DEV020,UPI,Success,0
TXN04588,CUST0498,ACC0498,2024-04-22,470.64,Credit,MERCH013,LOC035,DEV149,UPI,Success,1
TXN04589,CUST0071,ACC0071,2023-02-22,44813.0,Debit,MERCH019,LOC007,DEV101,Card,Success,0
TXN04590,CUST0094,ACC0094,2023-10-04,22465.86,Debit,MERCH035,LOC031,DEV063,Card,Success,0
TXN04591,CUST0076,ACC0076,2024-01-04,43959.95,Debit,MERCH043,LOC009,DEV148,Card,Failed,0
TXN04592,CUST0339,ACC0339,2024-09-12,1252.67,Credit,MERCH080,LOC041,DEV031,UPI,Failed,0
TXN04593,CUST0067,ACC0067,2023-01-25,40731.52,Debit,MERCH085,LOC039,DEV006,UPI,Success,0
TXN04594,CUST0434,ACC0434,2023-08-28,15723.13,Debit,MERCH097,LOC027,DEV139,Card,Success,0
TXN04595,CUST0441,ACC0441,2023-09-27,13920.08,Debit,MERCH096,LOC045,DEV185,Card,Failed,0
TXN04596,CUST0276,ACC0276,2023-03-23,41227.36,Debit,MERCH005,LOC021,DEV067,Card,Success,0
TXN04597,CUST0029,ACC0029,2024-10-13,18110.07,Debit,MERCH036,LOC001,DEV145,UPI,Success,0
TXN04598,CUST0403,ACC0403,2023-06-28,2472.74,Credit,MERCH077,LOC044,DEV063,Card,Success,0
TXN04599,CUST0019,ACC0019,2023-01-25,3624.14,Debit,MERCH045,LOC048,DEV162,Card,Success,0
TXN04600,CUST0276,ACC0276,2023-02-23,19410.55,Debit,MERCH035,LOC028,DEV092,Card,Success,0
TXN04601,CUST0159,ACC0159,2024-06-15,12906.27,Debit,MERCH005,LOC002,DEV075,UPI,Success,0
TXN04602,CUST0366,ACC0366,2024-02-27,12780.76,Debit,MERCH050,LOC034,DEV055,Card,Failed,0
TXN04603,CUST0152,ACC0152,2024-07-02,40495.95,Debit,MERCH037,LOC036,DEV149,Card,Success,0
TXN04604,CUST0310,ACC0310,2023-05-26,42990.89,Credit,MERCH055,LOC004,DEV022,Card,Success,0
TXN04605,CUST0495,ACC0495,2023-07-17,26540.7,Debit,MERCH065,LOC008,DEV044,Card,Success,0
TXN04606,CUST0342,ACC0342,2023-04-20,39641.36,Debit,MERCH048,LOC004,DEV143,Card,Success,0
TXN04607,CUST0346,ACC0346,2023-05-01,18438.37,Debit,MERCH044,LOC002,DEV113,Card,Success,0
TXN04608,CUST0445,ACC0445,2023-03-14,38805.34,Debit,MERCH088,LOC018,DEV124,Card,Failed,0
TXN04609,CUST0487,ACC0487,2024-05-10,42844.99,Debit,MERCH089,LOC015,DEV199,Card,Success,0
TXN04610,CUST0422,ACC0422,2023-06-10,35044.4,Credit,MERCH061,LOC004,DEV042,UPI,Failed,0
TXN04611,CUST0186,ACC0186,2023-11-11,48172.27,Credit,MERCH036,LOC025,DEV152,UPI,Success,0
TXN04612,CUST0215,ACC0215,2023-10-17,18305.41,Debit,MERCH011,LOC043,DEV139,NetBanking,Success,0
TXN04613,CUST0117,ACC0117,2023-07-09,25449.0,Debit,MERCH081,LOC009,DEV070,UPI,Success,0
TXN04614,CUST0483,ACC0483,2024-11-30,34050.78,Debit,MERCH096,LOC046,DEV084,Card,Failed,0
TXN04615,CUST0295,ACC0295,2023-04-05,35893.38,Debit,MERCH001,LOC037,DEV170,Card,Success,1
TXN04616,CUST0159,ACC0159,2024-01-29,17020.86,Debit,MERCH031,LOC038,DEV040,NetBanking,Failed,0
TXN04617,CUST0330,ACC0330,2023-10-24,28039.48,Credit,MERCH062,LOC049,DEV063,NetBanking,Success,0
TXN04618,CUST0245,ACC0245,2024-02-11,33320.66,Credit,MERCH061,LOC014,DEV116,Card,Success,0
TXN04619,CUST0272,ACC0272,2023-02-16,16115.37,Debit,MERCH013,LOC035,DEV117,Card,Success,0
TXN04620,CUST0063,ACC0063,2024-03-09,6383.49,Credit,MERCH059,LOC028,DEV109,NetBanking,Success,0
TXN04621,CUST0356,ACC0356,2024-02-14,37689.8,Debit,MERCH047,LOC011,DEV098,NetBanking,Success,0
TXN04622,CUST0430,ACC0430,2023-09-17,6352.67,Debit,MERCH075,LOC032,DEV004,NetBanking,Success,0
TXN04623,CUST0272,ACC0272,2023-12-30,21051.99,Debit,MERCH048,LOC042,DEV112,Card,Success,1
TXN04624,CUST0376,ACC0376,2023-08-06,39835.35,Credit,MERCH006,LOC043,DEV078,NetBanking,Failed,0
TXN04625,CUST0439,ACC0439,2023-10-12,39265.6,Credit,MERCH046,LOC029,DEV120,Card,Success,0
TXN04626,CUST0484,ACC0484,2023-02-26,6781.72,Debit,MERCH037,LOC017,DEV159,Card,Success,0
TXN04627,CUST0145,ACC0145,2023-02-06,32012.98,Debit,MERCH042,LOC009,DEV095,NetBanking,Failed,0
TXN04628,CUST0200,ACC0200,2024-10-07,10862.66,Debit,MERCH094,LOC022,DEV182,Card,Success,0
TXN04629,CUST0343,ACC0343,2024-11-01,23696.3,Debit,MERCH089,LOC018,DEV048,Card,Success,0
TXN04630,CUST0002,ACC0002,2024-12-26,45238.88,Debit,MERCH100,LOC001,DEV176,Card,Success,0
TXN04631,CUST0231,ACC0231,2023-06-14,23547.52,Debit,MERCH074,LOC021,DEV173,Card,Success,0
TXN04632,CUST0260,ACC0260,2024-07-23,24924.08,Debit,MERCH083,LOC028,DEV104,NetBanking,Success,0
TXN04633,CUST0012,ACC0012,2023-08-29,20516.93,Debit,MERCH056,LOC044,DEV079,Card,Success,0
TXN04634,CUST0136,ACC0136,2024-07-07,8665.34,Debit,MERCH006,LOC004,DEV124,NetBanking,Success,0
TXN04635,CUST0309,ACC0309,2024-02-12,40108.3,Debit,MERCH100,LOC030,DEV175,Card,Success,0
TXN04636,CUST0270,ACC0270,2023-09-20,7021.35,Debit,MERCH037,LOC037,DEV017,Card,Failed,0
TXN04637,CUST0301,ACC0301,2023-04-25,19510.08,Debit,MERCH088,LOC031,DEV045,Card,Success,0
TXN04638,CUST0176,ACC0176,2024-09-13,8837.8,Debit,MERCH078,LOC005,DEV090,UPI,Failed,0
TXN04639,CUST0219,ACC0219,2024-09-19,23847.78,Credit,MERCH062,LOC043,DEV012,UPI,Success,0
TXN04640,CUST0011,ACC0011,2024-06-20,3212.44,Debit,MERCH099,LOC031,DEV077,UPI,Success,0
TXN04641,CUST0119,ACC0119,2023-07-02,41568.54,Debit,MERCH013,LOC036,DEV001,Card,Success,0
TXN04642,CUST0047,ACC0047,2024-12-14,18997.77,Debit,MERCH089,LOC012,DEV147,NetBanking,Success,0
TXN04643,CUST0434,ACC0434,2023-11-04,21055.47,Debit,MERCH014,LOC035,DEV040,Card,Success,0
TXN04644,CUST0284,ACC0284,2024-04-18,49675.15,Debit,MERCH046,LOC038,DEV090,UPI,Failed,0
TXN04645,CUST0050,ACC0050,2023-03-26,32693.54,Debit,MERCH096,LOC004,DEV095,UPI,Success,0
TXN04646,CUST0309,ACC0309,2024-01-30,49193.99,Debit,MERCH038,LOC013,DEV143,Card,Success,0
TXN04647,CUST0346,ACC0346,2023-08-01,36064.49,Debit,MERCH039,LOC025,DEV063,Card,Success,0
TXN04648,CUST0243,ACC0243,2024-05-05,12104.0,Debit,MERCH002,LOC047,DEV046,NetBanking,Success,0
TXN04649,CUST0448,ACC0448,2024-04-04,23771.16,Debit,MERCH074,LOC014,DEV020,UPI,Failed,0
TXN04650,CUST0206,ACC0206,2023-06-12,17919.61,Debit,MERCH057,LOC040,DEV156,Card,Success,0
TXN04651,CUST0075,ACC0075,2023-10-12,43102.66,Debit,MERCH019,LOC026,DEV143,Card,Failed,0
TXN04652,CUST0368,ACC0368,2024-04-17,38126.7,Debit,MERCH011,LOC011,DEV135,Card,Success,0
TXN04653,CUST0496,ACC0496,2024-03-22,22150.04,Credit,MERCH033,LOC032,DEV138,NetBanking,Failed,0
TXN04654,CUST0197,ACC0197,2024-09-23,4219.08,Debit,MERCH049,LOC046,DEV043,Card,Failed,0
TXN04655,CUST0306,ACC0306,2024-01-22,43316.69,Debit,MERCH037,LOC007,DEV191,Card,Success,0
TXN04656,CUST0163,ACC0163,2024-05-12,11059.06,Debit,MERCH003,LOC017,DEV020,NetBanking,Success,1
TXN04657,CUST0361,ACC0361,2023-01-09,23036.6,Debit,MERCH036,LOC016,DEV177,UPI,Success,0
TXN04658,CUST0128,ACC0128,2024-04-12,2858.64,Credit,MERCH013,LOC019,DEV159,UPI,Success,0
TXN04659,CUST0203,ACC0203,2023-08-16,40028.18,Debit,MERCH048,LOC014,DEV017,Card,Success,0
TXN04660,CUST0339,ACC0339,2023-03-23,1566.01,Debit,MERCH057,LOC015,DEV024,UPI,Success,0
TXN04661,CUST0417,ACC0417,2023-08-13,23883.62,Debit,MERCH036,LOC037,DEV049,UPI,Failed,0
TXN04662,CUST0048,ACC0048,2024-04-06,18005.06,Credit,MERCH014,LOC046,DEV180,UPI,Success,1
TXN04663,CUST0436,ACC0436,2024-03-31,10694.85,Debit,MERCH082,LOC043,DEV012,UPI,Failed,0
TXN04664,CUST0043,ACC0043,2023-01-06,4930.45,Debit,MERCH021,LOC005,DEV142,Card,Failed,0
TXN04665,CUST0316,ACC0316,2023-06-11,45970.99,Debit,MERCH054,LOC005,DEV054,UPI,Success,0
TXN04666,CUST0269,ACC0269,2024-01-26,16765.24,Credit,MERCH007,LOC011,DEV167,NetBanking,Failed,0
TXN04667,CUST0161,ACC0161,2023-03-29,48793.69,Debit,MERCH006,LOC018,DEV121,Card,Success,0
TXN04668,CUST0043,ACC0043,2023-03-07,41511.01,Debit,MERCH011,LOC021,DEV192,UPI,Success,0
TXN04669,CUST0125,ACC0125,2023-03-13,35401.2,Debit,MERCH008,LOC010,DEV124,NetBanking,Failed,0
TXN04670,CUST0208,ACC0208,2024-09-06,39033.94,Credit,MERCH078,LOC028,DEV107,Card,Failed,0
TXN04671,CUST0026,ACC0026,2023-12-02,12870.59,Debit,MERCH020,LOC021,DEV121,NetBanking,Failed,0
TXN04672,CUST0180,ACC0180,2023-01-09,41877.76,Debit,MERCH034,LOC049,DEV015,UPI,Success,0
TXN04673,CUST0199,ACC0199,2024-08-27,43842.53,Credit,MERCH098,LOC032,DEV087,NetBanking,Success,0
TXN04674,CUST0437,ACC0437,2023-09-22,43996.51,Debit,MERCH100,LOC032,DEV028,NetBanking,Failed,0
TXN04675,CUST0407,ACC0407,2023-04-29,15040.46,Debit,MERCH008,LOC024,DEV143,NetBanking,Failed,0
TXN04676,CUST0011,ACC0011,2023-03-19,28397.74,Debit,MERCH006,LOC036,DEV044,Card,Failed,0
TXN04677,CUST0206,ACC0206,2024-05-18,36913.94,Debit,MERCH094,LOC019,DEV024,Card,Success,0
TXN04678,CUST0462,ACC0462,2023-11-03,45311.54,Debit,MERCH096,LOC026,DEV127,Card,Success,0
TXN04679,CUST0405,ACC0405,2024-10-06,988.18,Debit,MERCH009,LOC022,DEV032,NetBanking,Success,0
TXN04680,CUST0117,ACC0117,2024-03-24,33470.63,Debit,MERCH066,LOC017,DEV159,Card,Failed,0
TXN04681,CUST0486,ACC0486,2024-03-30,2197.87,Debit,MERCH073,LOC043,DEV130,UPI,Success,0
TXN04682,CUST0060,ACC0060,2023-10-29,7535.89,Credit,MERCH085,LOC035,DEV021,UPI,Failed,0
TXN04683,CUST0225,ACC0225,2024-10-31,579.95,Debit,MERCH047,LOC037,DEV121,Card,Success,0
TXN04684,CUST0079,ACC0079,2024-11-18,46597.7,Credit,MERCH053,LOC048,DEV027,NetBanking,Failed,0
TXN04685,CUST0350,ACC0350,2023-02-18,15678.8,Credit,MERCH004,LOC032,DEV111,UPI,Success,0
TXN04686,CUST0008,ACC0008,2023-03-24,34406.2,Debit,MERCH069,LOC001,DEV002,Card,Success,0
TXN04687,CUST0461,ACC0461,2024-04-04,45633.85,Debit,MERCH048,LOC024,DEV117,NetBanking,Success,0
TXN04688,CUST0224,ACC0224,2023-04-16,26497.23,Credit,MERCH006,LOC028,DEV110,Card,Failed,0
TXN04689,CUST0250,ACC0250,2023-05-15,34418.54,Debit,MERCH030,LOC020,DEV151,NetBanking,Success,0
TXN04690,CUST0443,ACC0443,2023-05-01,12984.29,Debit,MERCH058,LOC012,DEV191,UPI,Success,0
TXN04691,CUST0187,ACC0187,2024-09-29,24289.57,Debit,MERCH060,LOC018,DEV177,UPI,Failed,0
TXN04692,CUST0028,ACC0028,2024-06-20,33909.62,Debit,MERCH075,LOC018,DEV074,UPI,Success,0
TXN04693,CUST0353,ACC0353,2024-04-21,31421.1,Debit,MERCH100,LOC011,DEV088,Card,Success,0
TXN04694,CUST0387,ACC0387,2024-02-19,39889.99,Debit,MERCH013,LOC048,DEV004,UPI,Failed,0
TXN04695,CUST0441,ACC0441,2024-07-26,27008.87,Debit,MERCH085,LOC003,DEV018,UPI,Failed,0
TXN04696,CUST0436,ACC0436,2024-02-18,43755.98,Debit,MERCH092,LOC016,DEV118,UPI,Failed,0
TXN04697,CUST0032,ACC0032,2023-08-20,45081.35,Debit,MERCH051,LOC029,DEV097,Card,Success,0
TXN04698,CUST0386,ACC0386,2023-03-20,21807.87,Debit,MERCH045,LOC035,DEV102,Card,Failed,0
TXN04699,CUST0473,ACC0473,2023-07-17,19318.73,Debit,MERCH049,LOC033,DEV125,UPI,Success,0
TXN04700,CUST0097,ACC0097,2023-05-28,40478.77,Debit,MERCH036,LOC024,DEV012,NetBanking,Success,0
TXN04701,CUST0413,ACC0413,2024-07-16,49708.79,Credit,MERCH057,LOC036,DEV119,UPI,Success,1
TXN04702,CUST0420,ACC0420,2023-07-29,41126.73,Credit,MERCH069,LOC013,DEV163,NetBanking,Success,0
TXN04703,CUST0456,ACC0456,2023-10-22,44607.1,Debit,MERCH042,LOC035,DEV075,UPI,Success,0
TXN04704,CUST0264,ACC0264,2023-10-22,49615.46,Debit,MERCH036,LOC028,DEV016,UPI,Success,0
TXN04705,CUST0116,ACC0116,2024-12-19,40605.84,Debit,MERCH005,LOC025,DEV071,Card,Failed,0
TXN04706,CUST0290,ACC0290,2024-11-30,12286.56,Debit,MERCH079,LOC004,DEV163,Card,Success,0
TXN04707,CUST0426,ACC0426,2023-11-19,37391.45,Debit,MERCH017,LOC032,DEV168,UPI,Success,0
TXN04708,CUST0272,ACC0272,2024-08-13,1228.86,Credit,MERCH025,LOC001,DEV176,Card,Success,0
TXN04709,CUST0484,ACC0484,2023-02-18,16066.05,Debit,MERCH043,LOC020,DEV124,UPI,Success,0
TXN04710,CUST0108,ACC0108,2024-07-09,25421.74,Debit,MERCH004,LOC025,DEV041,UPI,Success,0
TXN04711,CUST0262,ACC0262,2023-06-18,25093.61,Credit,MERCH029,LOC012,DEV004,UPI,Success,0
TXN04712,CUST0190,ACC0190,2024-12-11,7044.77,Debit,MERCH048,LOC004,DEV030,NetBanking,Success,0
TXN04713,CUST0097,ACC0097,2023-12-04,7892.2,Debit,MERCH071,LOC033,DEV122,Card,Success,0
TXN04714,CUST0345,ACC0345,2023-12-20,722.26,Debit,MERCH080,LOC048,DEV178,Card,Success,0
TXN04715,CUST0062,ACC0062,2024-06-27,31773.4,Debit,MERCH038,LOC007,DEV033,UPI,Success,0
TXN04716,CUST0012,ACC0012,2023-01-04,24656.04,Debit,MERCH055,LOC038,DEV155,UPI,Success,0
TXN04717,CUST0469,ACC0469,2023-08-06,10852.66,Credit,MERCH090,LOC040,DEV038,UPI,Failed,0
TXN04718,CUST0402,ACC0402,2024-01-27,28109.68,Debit,MERCH029,LOC033,DEV120,NetBanking,Failed,0
TXN04719,CUST0429,ACC0429,2024-09-18,10193.09,Debit,MERCH027,LOC039,DEV013,NetBanking,Success,0
TXN04720,CUST0193,ACC0193,2023-02-22,18380.03,Credit,MERCH020,LOC020,DEV032,UPI,Success,0
TXN04721,CUST0105,ACC0105,2024-05-03,10298.9,Debit,MERCH069,LOC005,DEV146,Card,Success,0
TXN04722,CUST0114,ACC0114,2024-03-16,19499.09,Debit,MERCH039,LOC014,DEV110,Card,Failed,0
TXN04723,CUST0180,ACC0180,2024-11-25,34682.42,Debit,MERCH077,LOC018,DEV096,UPI,Success,0
TXN04724,CUST0488,ACC0488,2024-03-06,27618.57,Debit,MERCH075,LOC021,DEV028,UPI,Success,0
TXN04725,CUST0470,ACC0470,2023-10-28,19104.64,Debit,MERCH080,LOC036,DEV149,UPI,Failed,0
TXN04726,CUST0246,ACC0246,2024-02-25,39063.73,Debit,MERCH036,LOC010,DEV054,UPI,Success,0
TXN04727,CUST0124,ACC0124,2023-08-16,34590.52,Debit,MERCH050,LOC001,DEV197,NetBanking,Success,0
TXN04728,CUST0075,ACC0075,2023-11-29,1403.38,Credit,MERCH004,LOC050,DEV080,UPI,Success,0
TXN04729,CUST0126,ACC0126,2024-07-13,45849.5,Credit,MERCH064,LOC042,DEV040,Card,Success,0
TXN04730,CUST0200,ACC0200,2023-02-13,36924.19,Debit,MERCH094,LOC033,DEV156,Card,Failed,0
TXN04731,CUST0215,ACC0215,2024-03-12,10166.74,Debit,MERCH063,LOC013,DEV136,NetBanking,Success,0
TXN04732,CUST0030,ACC0030,2024-07-22,38742.74,Debit,MERCH006,LOC037,DEV118,UPI,Success,0
TXN04733,CUST0016,ACC0016,2023-04-06,30454.86,Debit,MERCH007,LOC041,DEV176,NetBanking,Success,0
TXN04734,CUST0239,ACC0239,2024-01-06,5008.82,Debit,MERCH065,LOC043,DEV161,Card,Success,1
TXN04735,CUST0449,ACC0449,2024-11-02,41482.21,Debit,MERCH059,LOC034,DEV176,Card,Failed,0
TXN04736,CUST0090,ACC0090,2024-06-01,32463.37,Credit,MERCH002,LOC001,DEV097,UPI,Failed,0
TXN04737,CUST0397,ACC0397,2024-02-13,42683.29,Debit,MERCH007,LOC020,DEV187,NetBanking,Success,0
TXN04738,CUST0444,ACC0444,2023-06-17,18505.79,Debit,MERCH042,LOC033,DEV006,NetBanking,Failed,0
TXN04739,CUST0217,ACC0217,2024-07-13,38823.3,Debit,MERCH013,LOC043,DEV157,Card,Success,0
TXN04740,CUST0313,ACC0313,2024-04-12,49670.53,Debit,MERCH072,LOC004,DEV136,Card,Success,0
TXN04741,CUST0109,ACC0109,2023-09-28,27960.29,Debit,MERCH068,LOC030,DEV142,UPI,Success,0
TXN04742,CUST0294,ACC0294,2023-02-15,47208.94,Debit,MERCH041,LOC035,DEV097,Card,Success,0
TXN04743,CUST0470,ACC0470,2024-12-09,22920.58,Credit,MERCH028,LOC005,DEV172,UPI,Success,0
TXN04744,CUST0259,ACC0259,2024-12-05,1526.14,Credit,MERCH082,LOC039,DEV148,Card,Success,0
TXN04745,CUST0244,ACC0244,2024-10-12,34203.4,Debit,MERCH093,LOC036,DEV003,UPI,Failed,0
TXN04746,CUST0432,ACC0432,2024-12-20,10621.78,Debit,MERCH031,LOC029,DEV028,NetBanking,Success,0
TXN04747,CUST0065,ACC0065,2024-03-04,36760.89,Credit,MERCH011,LOC022,DEV082,NetBanking,Success,0
TXN04748,CUST0250,ACC0250,2024-07-07,47525.31,Debit,MERCH026,LOC046,DEV020,UPI,Failed,0
TXN04749,CUST0146,ACC0146,2023-06-21,48654.96,Credit,MERCH018,LOC018,DEV124,UPI,Success,0
TXN04750,CUST0305,ACC0305,2024-09-08,13813.39,Debit,MERCH064,LOC035,DEV041,Card,Success,0
TXN04751,CUST0231,ACC0231,2023-08-20,36134.47,Debit,MERCH053,LOC028,DEV035,UPI,Failed,0
TXN04752,CUST0017,ACC0017,2024-06-24,15479.95,Credit,MERCH052,LOC017,DEV004,UPI,Success,0
TXN04753,CUST0392,ACC0392,2023-04-28,16636.05,Debit,MERCH050,LOC009,DEV030,Card,Failed,0
TXN04754,CUST0308,ACC0308,2024-09-21,34913.66,Debit,MERCH044,LOC041,DEV033,NetBanking,Failed,0
TXN04755,CUST0162,ACC0162,2023-12-18,33216.23,Debit,MERCH055,LOC026,DEV117,Card,Success,0
TXN04756,CUST0090,ACC0090,2024-09-16,8973.85,Debit,MERCH021,LOC009,DEV184,NetBanking,Failed,0
TXN04757,CUST0216,ACC0216,2024-04-28,30813.79,Credit,MERCH100,LOC017,DEV027,UPI,Success,0
TXN04758,CUST0117,ACC0117,2024-06-13,8223.86,Credit,MERCH079,LOC009,DEV052,UPI,Success,0
TXN04759,CUST0428,ACC0428,2024-07-03,33337.13,Credit,MERCH083,LOC017,DEV109,NetBanking,Success,0
TXN04760,CUST0333,ACC0333,2024-05-28,36995.05,Credit,MERCH012,LOC004,DEV059,UPI,Failed,0
TXN04761,CUST0185,ACC0185,2024-02-16,18677.62,Debit,MERCH084,LOC006,DEV181,Card,Success,0
TXN04762,CUST0157,ACC0157,2024-08-16,8088.53,Credit,MERCH001,LOC042,DEV103,UPI,Success,0
TXN04763,CUST0017,ACC0017,2023-02-23,36500.78,Credit,MERCH037,LOC025,DEV163,UPI,Failed,0
TXN04764,CUST0424,ACC0424,2023-02-07,29294.29,Debit,MERCH005,LOC037,DEV022,Card,Success,0
TXN04765,CUST0004,ACC0004,2023-02-18,29884.72,Credit,MERCH076,LOC021,DEV080,Card,Success,0
TXN04766,CUST0174,ACC0174,2023-11-15,46777.82,Debit,MERCH067,LOC018,DEV103,UPI,Success,0
TXN04767,CUST0067,ACC0067,2024-11-01,36772.9,Debit,MERCH001,LOC042,DEV081,Card,Success,0
TXN04768,CUST0093,ACC0093,2023-05-14,17026.75,Credit,MERCH100,LOC013,DEV041,NetBanking,Success,0
TXN04769,CUST0056,ACC0056,2024-02-26,49593.14,Credit,MERCH058,LOC004,DEV161,Card,Success,0
TXN04770,CUST0273,ACC0273,2024-11-26,33408.36,Debit,MERCH012,LOC014,DEV172,UPI,Failed,0
TXN04771,CUST0468,ACC0468,2023-09-16,96.42,Debit,MERCH053,LOC018,DEV046,UPI,Success,0
TXN04772,CUST0076,ACC0076,2024-04-14,49697.7,Debit,MERCH083,LOC020,DEV196,Card,Success,0
TXN04773,CUST0344,ACC0344,2024-02-28,16954.66,Debit,MERCH025,LOC019,DEV128,Card,Success,0
TXN04774,CUST0456,ACC0456,2024-05-17,33611.96,Debit,MERCH002,LOC011,DEV131,Card,Success,0
TXN04775,CUST0192,ACC0192,2024-12-18,28672.02,Debit,MERCH044,LOC023,DEV154,Card,Failed,0
TXN04776,CUST0328,ACC0328,2024-07-28,24702.51,Debit,MERCH009,LOC044,DEV089,Card,Success,0
TXN04777,CUST0452,ACC0452,2023-11-27,8224.35,Debit,MERCH013,LOC026,DEV071,NetBanking,Success,0
TXN04778,CUST0374,ACC0374,2023-08-25,1072.5,Debit,MERCH059,LOC046,DEV072,UPI,Failed,0
TXN04779,CUST0151,ACC0151,2024-10-20,38738.17,Debit,MERCH040,LOC023,DEV174,UPI,Success,0
TXN04780,CUST0234,ACC0234,2024-06-21,21457.93,Debit,MERCH061,LOC030,DEV034,Card,Success,0
TXN04781,CUST0135,ACC0135,2024-10-13,31841.06,Debit,MERCH020,LOC048,DEV131,Card,Failed,0
TXN04782,CUST0109,ACC0109,2024-11-08,38689.01,Debit,MERCH058,LOC041,DEV169,UPI,Failed,0
TXN04783,CUST0446,ACC0446,2023-03-18,1138.07,Credit,MERCH023,LOC040,DEV131,NetBanking,Success,0
TXN04784,CUST0085,ACC0085,2024-08-15,28517.43,Credit,MERCH017,LOC033,DEV033,UPI,Success,0
TXN04785,CUST0217,ACC0217,2023-12-31,25320.73,Credit,MERCH099,LOC012,DEV073,NetBanking,Success,0
TXN04786,CUST0265,ACC0265,2024-08-29,3618.37,Debit,MERCH073,LOC037,DEV146,Card,Failed,0
TXN04787,CUST0046,ACC0046,2024-01-06,38362.6,Debit,MERCH045,LOC025,DEV090,NetBanking,Success,0
TXN04788,CUST0493,ACC0493,2023-04-30,32550.28,Debit,MERCH036,LOC004,DEV184,UPI,Success,0
TXN04789,CUST0446,ACC0446,2024-04-23,34604.25,Debit,MERCH084,LOC014,DEV019,NetBanking,Failed,0
TXN04790,CUST0482,ACC0482,2023-09-03,29566.51,Debit,MERCH058,LOC035,DEV192,NetBanking,Success,0
TXN04791,CUST0402,ACC0402,2024-11-02,45823.19,Debit,MERCH027,LOC045,DEV187,Card,Failed,0
TXN04792,CUST0427,ACC0427,2023-05-07,7844.54,Debit,MERCH024,LOC026,DEV079,UPI,Success,0
TXN04793,CUST0327,ACC0327,2023-06-05,4778.32,Debit,MERCH099,LOC032,DEV142,NetBanking,Success,0
TXN04794,CUST0259,ACC0259,2024-08-20,10909.6,Credit,MERCH048,LOC002,DEV114,Card,Success,0
TXN04795,CUST0013,ACC0013,2024-09-28,18582.79,Credit,MERCH028,LOC012,DEV114,UPI,Success,0
TXN04796,CUST0208,ACC0208,2023-07-03,46587.16,Debit,MERCH043,LOC029,DEV040,UPI,Failed,0
TXN04797,CUST0002,ACC0002,2024-05-22,30338.1,Debit,MERCH006,LOC031,DEV132,UPI,Failed,0
TXN04798,CUST0319,ACC0319,2024-10-18,12118.78,Credit,MERCH085,LOC022,DEV042,NetBanking,Failed,0
TXN04799,CUST0359,ACC0359,2024-10-29,9581.02,Credit,MERCH014,LOC034,DEV077,NetBanking,Success,0
TXN04800,CUST0186,ACC0186,2023-10-11,13421.91,Debit,MERCH092,LOC037,DEV040,NetBanking,Success,0
TXN04801,CUST0270,ACC0270,2023-06-19,20018.53,Debit,MERCH046,LOC007,DEV081,UPI,Success,0
TXN04802,CUST0309,ACC0309,2024-08-14,15717.19,Debit,MERCH070,LOC048,DEV127,Card,Failed,0
TXN04803,CUST0491,ACC0491,2023-04-12,18087.81,Debit,MERCH010,LOC042,DEV115,Card,Success,0
TXN04804,CUST0294,ACC0294,2023-08-22,3608.08,Debit,MERCH043,LOC025,DEV017,UPI,Failed,0
TXN04805,CUST0316,ACC0316,2024-03-09,37484.53,Credit,MERCH019,LOC008,DEV006,Card,Success,0
TXN04806,CUST0411,ACC0411,2023-01-21,39305.49,Credit,MERCH040,LOC043,DEV157,UPI,Failed,0
TXN04807,CUST0395,ACC0395,2024-07-30,17870.96,Credit,MERCH045,LOC008,DEV163,NetBanking,Success,0
TXN04808,CUST0065,ACC0065,2023-11-30,11403.88,Credit,MERCH090,LOC001,DEV085,UPI,Success,0
TXN04809,CUST0461,ACC0461,2023-08-09,44361.78,Debit,MERCH060,LOC041,DEV148,Card,Success,0
TXN04810,CUST0465,ACC0465,2024-12-01,8429.85,Debit,MERCH100,LOC012,DEV046,Card,Failed,0
TXN04811,CUST0203,ACC0203,2024-06-11,33832.39,Debit,MERCH096,LOC023,DEV042,Card,Success,0
TXN04812,CUST0343,ACC0343,2023-09-24,37994.66,Credit,MERCH004,LOC029,DEV084,UPI,Success,0
TXN04813,CUST0229,ACC0229,2024-09-09,9681.12,Debit,MERCH078,LOC018,DEV030,UPI,Success,0
TXN04814,CUST0304,ACC0304,2024-12-24,28246.04,Debit,MERCH023,LOC041,DEV068,Card,Failed,0
TXN04815,CUST0343,ACC0343,2023-07-27,27665.55,Debit,MERCH058,LOC043,DEV020,UPI,Failed,0
TXN04816,CUST0433,ACC0433,2023-12-30,22550.82,Credit,MERCH057,LOC004,DEV083,UPI,Success,1
TXN04817,CUST0346,ACC0346,2023-04-23,44790.17,Debit,MERCH016,LOC002,DEV050,UPI,Success,0
TXN04818,CUST0046,ACC0046,2024-10-30,26586.1,Debit,MERCH075,LOC007,DEV071,Card,Success,0
TXN04819,CUST0143,ACC0143,2024-01-18,20741.83,Credit,MERCH094,LOC030,DEV176,UPI,Failed,0
TXN04820,CUST0193,ACC0193,2023-01-10,48433.05,Debit,MERCH001,LOC050,DEV021,Card,Success,0
TXN04821,CUST0001,ACC0001,2023-07-09,19640.96,Debit,MERCH049,LOC045,DEV078,Card,Failed,0
TXN04822,CUST0237,ACC0237,2024-01-15,20991.7,Debit,MERCH025,LOC047,DEV036,Card,Failed,0
TXN04823,CUST0302,ACC0302,2024-10-20,23856.53,Debit,MERCH056,LOC034,DEV084,Card,Success,0
TXN04824,CUST0315,ACC0315,2023-01-22,39624.04,Debit,MERCH039,LOC028,DEV195,UPI,Success,0
TXN04825,CUST0360,ACC0360,2023-07-10,5908.09,Debit,MERCH013,LOC025,DEV086,Card,Failed,0
TXN04826,CUST0113,ACC0113,2024-04-18,11025.41,Debit,MERCH038,LOC011,DEV140,UPI,Success,0
TXN04827,CUST0306,ACC0306,2023-01-01,47549.42,Debit,MERCH020,LOC038,DEV052,NetBanking,Failed,0
TXN04828,CUST0032,ACC0032,2024-08-12,40164.15,Debit,MERCH062,LOC008,DEV013,Card,Success,0
TXN04829,CUST0222,ACC0222,2024-02-12,6131.78,Debit,MERCH059,LOC004,DEV085,NetBanking,Success,0
TXN04830,CUST0296,ACC0296,2023-03-02,13496.25,Credit,MERCH057,LOC039,DEV111,UPI,Failed,0
TXN04831,CUST0346,ACC0346,2023-07-27,5240.26,Debit,MERCH057,LOC003,DEV146,NetBanking,Failed,0
TXN04832,CUST0477,ACC0477,2024-09-28,19392.76,Credit,MERCH009,LOC010,DEV039,UPI,Success,0
TXN04833,CUST0310,ACC0310,2024-06-07,10988.45,Credit,MERCH058,LOC037,DEV139,NetBanking,Success,0
TXN04834,CUST0261,ACC0261,2024-05-31,7698.88,Credit,MERCH068,LOC048,DEV101,UPI,Success,0
TXN04835,CUST0276,ACC0276,2024-12-04,21568.72,Credit,MERCH024,LOC045,DEV060,UPI,Success,0
TXN04836,CUST0007,ACC0007,2023-02-06,28515.53,Debit,MERCH043,LOC038,DEV091,Card,Success,0
TXN04837,CUST0009,ACC0009,2023-04-29,40630.01,Debit,MERCH058,LOC010,DEV187,UPI,Failed,0
TXN04838,CUST0337,ACC0337,2023-03-31,3328.54,Credit,MERCH098,LOC047,DEV134,Card,Failed,0
TXN04839,CUST0496,ACC0496,2023-03-09,13887.32,Debit,MERCH097,LOC026,DEV079,NetBanking,Success,0
TXN04840,CUST0481,ACC0481,2024-09-15,32145.9,Debit,MERCH011,LOC027,DEV084,UPI,Failed,0
TXN04841,CUST0029,ACC0029,2024-08-04,13963.82,Debit,MERCH073,LOC027,DEV164,UPI,Success,0
TXN04842,CUST0121,ACC0121,2024-04-25,49170.46,Debit,MERCH079,LOC005,DEV094,UPI,Success,0
TXN04843,CUST0055,ACC0055,2024-06-08,36369.93,Credit,MERCH057,LOC039,DEV013,UPI,Success,1
TXN04844,CUST0156,ACC0156,2024-03-18,36696.3,Debit,MERCH088,LOC035,DEV017,Card,Success,0
TXN04845,CUST0169,ACC0169,2023-04-11,30262.16,Debit,MERCH073,LOC006,DEV181,UPI,Success,0
TXN04846,CUST0321,ACC0321,2023-03-16,31131.38,Credit,MERCH065,LOC028,DEV174,UPI,Success,1
TXN04847,CUST0026,ACC0026,2024-10-17,21166.17,Debit,MERCH011,LOC028,DEV164,NetBanking,Success,0
TXN04848,CUST0219,ACC0219,2024-02-03,4846.05,Credit,MERCH036,LOC011,DEV001,Card,Success,0
TXN04849,CUST0210,ACC0210,2024-04-25,2555.14,Debit,MERCH036,LOC044,DEV003,UPI,Success,0
TXN04850,CUST0131,ACC0131,2024-09-30,32394.28,Debit,MERCH023,LOC019,DEV002,Card,Failed,0
TXN04851,CUST0018,ACC0018,2023-08-25,2983.06,Debit,MERCH067,LOC027,DEV024,UPI,Success,0
TXN04852,CUST0230,ACC0230,2023-12-22,29494.46,Credit,MERCH088,LOC020,DEV157,NetBanking,Success,0
TXN04853,CUST0156,ACC0156,2024-10-10,46498.66,Debit,MERCH076,LOC023,DEV130,Card,Success,0
TXN04854,CUST0478,ACC0478,2023-08-05,9098.43,Debit,MERCH018,LOC026,DEV060,Card,Success,0
TXN04855,CUST0109,ACC0109,2023-09-26,46616.61,Debit,MERCH097,LOC032,DEV179,UPI,Failed,0
TXN04856,CUST0390,ACC0390,2024-04-29,2790.51,Debit,MERCH023,LOC016,DEV158,Card,Success,0
TXN04857,CUST0338,ACC0338,2024-01-05,37082.68,Debit,MERCH024,LOC006,DEV062,Card,Success,0
TXN04858,CUST0268,ACC0268,2024-10-10,258.97,Debit,MERCH078,LOC018,DEV200,UPI,Success,0
TXN04859,CUST0052,ACC0052,2024-11-19,48282.72,Debit,MERCH032,LOC011,DEV053,UPI,Success,0
TXN04860,CUST0241,ACC0241,2024-01-06,745.54,Credit,MERCH041,LOC011,DEV082,UPI,Success,0
TXN04861,CUST0077,ACC0077,2024-11-28,49033.35,Debit,MERCH090,LOC010,DEV025,UPI,Success,0
TXN04862,CUST0379,ACC0379,2023-07-29,28468.46,Credit,MERCH022,LOC036,DEV002,Card,Success,0
TXN04863,CUST0252,ACC0252,2023-07-22,44329.66,Debit,MERCH034,LOC045,DEV084,Card,Success,0
TXN04864,CUST0395,ACC0395,2023-11-30,36035.55,Debit,MERCH038,LOC003,DEV122,UPI,Success,0
TXN04865,CUST0440,ACC0440,2024-11-26,27075.64,Credit,MERCH045,LOC034,DEV113,NetBanking,Success,0
TXN04866,CUST0384,ACC0384,2023-07-04,28848.18,Debit,MERCH097,LOC011,DEV162,Card,Failed,0
TXN04867,CUST0328,ACC0328,2024-01-05,43453.24,Debit,MERCH003,LOC034,DEV016,Card,Failed,0
TXN04868,CUST0189,ACC0189,2023-12-27,26947.68,Credit,MERCH091,LOC043,DEV022,UPI,Success,0
TXN04869,CUST0498,ACC0498,2024-02-23,49681.17,Debit,MERCH026,LOC009,DEV163,Card,Success,0
TXN04870,CUST0482,ACC0482,2024-04-05,37375.89,Debit,MERCH037,LOC029,DEV123,UPI,Success,0
TXN04871,CUST0474,ACC0474,2023-12-12,37868.13,Credit,MERCH012,LOC016,DEV113,NetBanking,Success,0
TXN04872,CUST0303,ACC0303,2024-08-24,26879.51,Debit,MERCH024,LOC035,DEV150,UPI,Success,0
TXN04873,CUST0282,ACC0282,2023-03-19,39914.81,Debit,MERCH043,LOC029,DEV177,UPI,Failed,0
TXN04874,CUST0383,ACC0383,2024-01-08,42259.64,Credit,MERCH043,LOC008,DEV041,Card,Success,0
TXN04875,CUST0321,ACC0321,2023-12-02,46341.74,Debit,MERCH085,LOC014,DEV072,UPI,Success,1
TXN04876,CUST0396,ACC0396,2024-02-22,41564.51,Debit,MERCH016,LOC014,DEV133,Card,Failed,0
TXN04877,CUST0030,ACC0030,2024-04-03,3804.83,Debit,MERCH073,LOC038,DEV167,Card,Failed,0
TXN04878,CUST0104,ACC0104,2024-09-11,29961.29,Debit,MERCH085,LOC034,DEV052,Card,Success,0
TXN04879,CUST0266,ACC0266,2023-06-05,30836.82,Credit,MERCH067,LOC047,DEV097,UPI,Success,0
TXN04880,CUST0008,ACC0008,2023-11-10,34716.13,Debit,MERCH014,LOC049,DEV015,Card,Failed,0
TXN04881,CUST0126,ACC0126,2024-03-07,32563.88,Debit,MERCH077,LOC022,DEV167,UPI,Failed,0
TXN04882,CUST0489,ACC0489,2024-10-28,37792.29,Debit,MERCH050,LOC040,DEV077,UPI,Success,0
TXN04883,CUST0038,ACC0038,2023-05-24,10752.16,Debit,MERCH098,LOC002,DEV135,UPI,Failed,0
TXN04884,CUST0036,ACC0036,2023-04-04,44225.57,Credit,MERCH096,LOC012,DEV053,UPI,Success,0
TXN04885,CUST0361,ACC0361,2024-02-14,1332.07,Debit,MERCH085,LOC033,DEV074,Card,Success,0
TXN04886,CUST0134,ACC0134,2023-10-06,10510.54,Debit,MERCH023,LOC028,DEV183,Card,Success,0
TXN04887,CUST0364,ACC0364,2024-05-21,49679.34,Debit,MERCH010,LOC046,DEV151,Card,Success,0
TXN04888,CUST0039,ACC0039,2024-12-01,46115.64,Debit,MERCH039,LOC045,DEV062,UPI,Success,0
TXN04889,CUST0024,ACC0024,2024-08-28,49169.51,Credit,MERCH049,LOC033,DEV184,NetBanking,Success,0
TXN04890,CUST0403,ACC0403,2023-09-25,8870.0,Debit,MERCH068,LOC048,DEV121,NetBanking,Success,0
TXN04891,CUST0143,ACC0143,2024-04-18,8348.28,Debit,MERCH050,LOC023,DEV159,UPI,Success,0
TXN04892,CUST0355,ACC0355,2024-03-27,15493.01,Debit,MERCH028,LOC007,DEV035,UPI,Success,0
TXN04893,CUST0037,ACC0037,2024-05-16,26414.83,Debit,MERCH032,LOC009,DEV127,Card,Success,0
TXN04894,CUST0439,ACC0439,2023-11-19,26317.85,Debit,MERCH079,LOC011,DEV007,NetBanking,Success,0
TXN04895,CUST0213,ACC0213,2023-08-12,1264.09,Debit,MERCH045,LOC009,DEV117,Card,Failed,0
TXN04896,CUST0086,ACC0086,2024-02-10,4517.07,Debit,MERCH029,LOC007,DEV011,NetBanking,Success,0
TXN04897,CUST0010,ACC0010,2023-03-13,23011.2,Debit,MERCH082,LOC011,DEV040,UPI,Success,0
TXN04898,CUST0100,ACC0100,2024-07-10,32634.52,Debit,MERCH005,LOC012,DEV008,UPI,Failed,0
TXN04899,CUST0436,ACC0436,2024-08-02,32651.06,Debit,MERCH097,LOC018,DEV100,NetBanking,Success,1
TXN04900,CUST0316,ACC0316,2024-02-01,4164.14,Credit,MERCH064,LOC010,DEV126,UPI,Success,0
TXN04901,CUST0081,ACC0081,2023-02-07,31656.79,Debit,MERCH074,LOC036,DEV002,Card,Success,0
TXN04902,CUST0223,ACC0223,2023-07-29,34510.21,Debit,MERCH047,LOC002,DEV029,Card,Success,0
TXN04903,CUST0489,ACC0489,2024-02-16,35527.34,Debit,MERCH005,LOC020,DEV148,Card,Success,0
TXN04904,CUST0140,ACC0140,2024-01-22,46921.15,Debit,MERCH047,LOC043,DEV020,Card,Success,0
TXN04905,CUST0415,ACC0415,2023-12-13,5069.72,Debit,MERCH057,LOC013,DEV015,UPI,Success,0
TXN04906,CUST0443,ACC0443,2024-08-23,41753.52,Debit,MERCH012,LOC041,DEV052,UPI,Success,0
TXN04907,CUST0174,ACC0174,2024-08-03,31606.72,Credit,MERCH073,LOC004,DEV057,Card,Success,0
TXN04908,CUST0408,ACC0408,2024-01-29,11303.12,Debit,MERCH036,LOC013,DEV057,NetBanking,Failed,0
TXN04909,CUST0310,ACC0310,2023-04-14,29422.79,Debit,MERCH071,LOC020,DEV027,NetBanking,Success,1
TXN04910,CUST0201,ACC0201,2023-05-26,34099.15,Debit,MERCH040,LOC028,DEV133,Card,Success,0
TXN04911,CUST0124,ACC0124,2024-10-25,6107.79,Debit,MERCH003,LOC015,DEV148,Card,Success,0
TXN04912,CUST0131,ACC0131,2024-10-10,45205.91,Debit,MERCH096,LOC019,DEV165,Card,Success,0
TXN04913,CUST0083,ACC0083,2023-03-02,4929.14,Debit,MERCH001,LOC007,DEV097,UPI,Success,0
TXN04914,CUST0179,ACC0179,2023-04-18,30022.34,Debit,MERCH096,LOC002,DEV153,NetBanking,Failed,0
TXN04915,CUST0058,ACC0058,2024-05-13,38293.57,Credit,MERCH096,LOC038,DEV042,UPI,Success,0
TXN04916,CUST0200,ACC0200,2024-04-17,23684.36,Debit,MERCH051,LOC042,DEV041,Card,Success,0
TXN04917,CUST0339,ACC0339,2023-05-29,33698.29,Debit,MERCH087,LOC028,DEV089,NetBanking,Success,0
TXN04918,CUST0218,ACC0218,2024-07-04,43994.05,Credit,MERCH001,LOC017,DEV143,NetBanking,Success,1
TXN04919,CUST0249,ACC0249,2023-03-24,44493.83,Credit,MERCH063,LOC025,DEV193,UPI,Success,0
TXN04920,CUST0152,ACC0152,2023-04-01,12663.44,Credit,MERCH075,LOC029,DEV076,UPI,Success,0
TXN04921,CUST0173,ACC0173,2023-08-12,3268.1,Debit,MERCH072,LOC004,DEV013,Card,Success,0
TXN04922,CUST0075,ACC0075,2024-10-05,30879.74,Credit,MERCH026,LOC021,DEV109,UPI,Success,0
TXN04923,CUST0467,ACC0467,2023-09-18,6804.8,Debit,MERCH081,LOC006,DEV010,Card,Success,0
TXN04924,CUST0489,ACC0489,2024-09-16,1288.99,Debit,MERCH083,LOC034,DEV030,NetBanking,Success,0
TXN04925,CUST0136,ACC0136,2024-12-27,21558.78,Credit,MERCH026,LOC027,DEV002,Card,Success,0
TXN04926,CUST0226,ACC0226,2023-10-30,5661.67,Credit,MERCH047,LOC011,DEV086,UPI,Success,0
TXN04927,CUST0166,ACC0166,2023-07-27,33054.06,Debit,MERCH058,LOC027,DEV048,UPI,Success,0
TXN04928,CUST0096,ACC0096,2024-07-13,1456.84,Debit,MERCH063,LOC024,DEV069,NetBanking,Success,0
TXN04929,CUST0348,ACC0348,2023-02-02,4855.92,Credit,MERCH071,LOC018,DEV142,UPI,Success,0
TXN04930,CUST0085,ACC0085,2024-07-20,5724.9,Debit,MERCH079,LOC048,DEV104,UPI,Success,0
TXN04931,CUST0317,ACC0317,2024-10-07,45195.07,Debit,MERCH084,LOC043,DEV091,UPI,Failed,0
TXN04932,CUST0223,ACC0223,2023-04-22,6874.07,Credit,MERCH093,LOC027,DEV123,UPI,Success,0
TXN04933,CUST0193,ACC0193,2023-09-23,23203.64,Credit,MERCH007,LOC036,DEV067,Card,Success,0
TXN04934,CUST0472,ACC0472,2023-12-28,2945.54,Debit,MERCH074,LOC038,DEV145,UPI,Success,0
TXN04935,CUST0080,ACC0080,2023-12-31,23451.93,Debit,MERCH016,LOC001,DEV037,UPI,Failed,0
TXN04936,CUST0267,ACC0267,2023-12-19,31450.72,Debit,MERCH020,LOC021,DEV175,UPI,Success,0
TXN04937,CUST0171,ACC0171,2023-05-25,609.77,Credit,MERCH016,LOC035,DEV196,UPI,Success,0
TXN04938,CUST0494,ACC0494,2023-05-06,43061.94,Debit,MERCH027,LOC039,DEV198,NetBanking,Success,0
TXN04939,CUST0452,ACC0452,2023-02-13,42517.54,Debit,MERCH063,LOC015,DEV004,Card,Success,0
TXN04940,CUST0376,ACC0376,2024-11-17,27086.32,Debit,MERCH095,LOC028,DEV164,UPI,Success,1
TXN04941,CUST0244,ACC0244,2024-04-20,39597.8,Debit,MERCH083,LOC008,DEV189,NetBanking,Success,0
TXN04942,CUST0009,ACC0009,2023-12-03,684.46,Debit,MERCH005,LOC039,DEV091,Card,Failed,0
TXN04943,CUST0249,ACC0249,2023-10-28,48579.24,Debit,MERCH056,LOC038,DEV030,Card,Success,1
TXN04944,CUST0456,ACC0456,2023-11-13,12399.32,Credit,MERCH027,LOC036,DEV165,Card,Failed,0
TXN04945,CUST0157,ACC0157,2023-09-09,5866.49,Debit,MERCH064,LOC028,DEV156,Card,Failed,0
TXN04946,CUST0162,ACC0162,2024-09-05,45739.08,Debit,MERCH024,LOC048,DEV105,NetBanking,Failed,0
TXN04947,CUST0117,ACC0117,2023-06-18,35814.03,Debit,MERCH063,LOC049,DEV011,UPI,Success,0
TXN04948,CUST0098,ACC0098,2024-11-23,43093.05,Debit,MERCH052,LOC049,DEV083,NetBanking,Success,0
TXN04949,CUST0350,ACC0350,2023-04-22,46199.82,Debit,MERCH003,LOC029,DEV102,Card,Success,0
TXN04950,CUST0266,ACC0266,2024-10-29,42803.44,Credit,MERCH089,LOC036,DEV022,UPI,Failed,0
TXN04951,CUST0329,ACC0329,2024-10-10,37439.44,Debit,MERCH061,LOC001,DEV041,UPI,Success,0
TXN04952,CUST0349,ACC0349,2023-10-02,9344.97,Credit,MERCH094,LOC043,DEV056,UPI,Success,0
TXN04953,CUST0237,ACC0237,2023-09-13,26728.93,Debit,MERCH034,LOC013,DEV074,UPI,Success,0
TXN04954,CUST0039,ACC0039,2023-07-12,17255.69,Debit,MERCH096,LOC036,DEV037,Card,Failed,0
TXN04955,CUST0212,ACC0212,2023-05-08,3315.71,Credit,MERCH022,LOC002,DEV114,Card,Failed,0
TXN04956,CUST0105,ACC0105,2023-09-19,23090.1,Debit,MERCH036,LOC021,DEV090,Card,Success,0
TXN04957,CUST0407,ACC0407,2024-03-03,43547.53,Debit,MERCH100,LOC026,DEV132,Card,Success,0
TXN04958,CUST0274,ACC0274,2023-12-01,29643.05,Credit,MERCH093,LOC002,DEV004,Card,Success,0
TXN04959,CUST0280,ACC0280,2024-10-24,26158.02,Debit,MERCH006,LOC008,DEV077,NetBanking,Success,0
TXN04960,CUST0281,ACC0281,2024-11-14,18327.12,Debit,MERCH048,LOC028,DEV003,NetBanking,Failed,0
TXN04961,CUST0266,ACC0266,2024-06-26,48400.53,Debit,MERCH086,LOC009,DEV073,Card,Success,0
TXN04962,CUST0146,ACC0146,2024-02-16,40331.13,Debit,MERCH009,LOC030,DEV053,UPI,Failed,0
TXN04963,CUST0135,ACC0135,2024-12-10,18907.79,Credit,MERCH056,LOC013,DEV021,NetBanking,Success,0
TXN04964,CUST0135,ACC0135,2024-07-31,9797.58,Debit,MERCH018,LOC049,DEV039,UPI,Success,0
TXN04965,CUST0302,ACC0302,2023-07-26,26028.89,Debit,MERCH030,LOC001,DEV199,UPI,Success,1
TXN04966,CUST0460,ACC0460,2024-10-19,26256.63,Debit,MERCH052,LOC019,DEV126,UPI,Success,0
TXN04967,CUST0212,ACC0212,2023-09-19,29052.52,Debit,MERCH072,LOC007,DEV053,Card,Failed,0
TXN04968,CUST0450,ACC0450,2023-08-28,46295.77,Debit,MERCH090,LOC050,DEV143,Card,Success,0
TXN04969,CUST0053,ACC0053,2024-07-25,3805.88,Debit,MERCH065,LOC035,DEV064,Card,Success,0
TXN04970,CUST0018,ACC0018,2023-06-29,4464.21,Credit,MERCH084,LOC016,DEV063,Card,Success,0
TXN04971,CUST0258,ACC0258,2023-11-15,3679.88,Credit,MERCH002,LOC010,DEV131,Card,Failed,0
TXN04972,CUST0253,ACC0253,2023-11-14,29912.5,Credit,MERCH089,LOC044,DEV065,UPI,Success,0
TXN04973,CUST0272,ACC0272,2024-06-05,3594.22,Debit,MERCH054,LOC031,DEV138,Card,Success,0
TXN04974,CUST0039,ACC0039,2023-06-27,26577.73,Credit,MERCH070,LOC022,DEV163,UPI,Success,0
TXN04975,CUST0291,ACC0291,2023-08-17,47091.3,Debit,MERCH083,LOC034,DEV025,UPI,Success,0
TXN04976,CUST0141,ACC0141,2024-03-11,28630.03,Debit,MERCH054,LOC038,DEV133,UPI,Success,0
TXN04977,CUST0374,ACC0374,2023-06-02,12186.45,Debit,MERCH022,LOC041,DEV077,UPI,Failed,0
TXN04978,CUST0417,ACC0417,2024-06-07,20745.48,Debit,MERCH087,LOC050,DEV193,UPI,Failed,0
TXN04979,CUST0082,ACC0082,2023-08-25,49670.27,Credit,MERCH074,LOC018,DEV099,Card,Success,0
TXN04980,CUST0252,ACC0252,2023-02-08,49748.89,Debit,MERCH001,LOC017,DEV076,Card,Success,0
TXN04981,CUST0225,ACC0225,2023-04-18,49594.75,Debit,MERCH017,LOC019,DEV141,UPI,Success,0
TXN04982,CUST0229,ACC0229,2023-11-11,25214.36,Debit,MERCH070,LOC042,DEV143,Card,Success,0
TXN04983,CUST0218,ACC0218,2024-12-20,3557.69,Debit,MERCH059,LOC027,DEV007,UPI,Failed,0
TXN04984,CUST0361,ACC0361,2024-03-01,48712.69,Debit,MERCH053,LOC036,DEV146,UPI,Success,0
TXN04985,CUST0441,ACC0441,2024-08-19,2509.39,Credit,MERCH053,LOC038,DEV141,Card,Success,0
TXN04986,CUST0129,ACC0129,2024-10-21,11004.25,Credit,MERCH061,LOC048,DEV096,Card,Success,0
TXN04987,CUST0214,ACC0214,2023-03-29,45314.36,Debit,MERCH062,LOC029,DEV124,NetBanking,Success,0
TXN04988,CUST0366,ACC0366,2024-05-22,44465.33,Debit,MERCH065,LOC015,DEV106,Card,Success,0
TXN04989,CUST0038,ACC0038,2024-07-02,48649.31,Debit,MERCH038,LOC020,DEV139,NetBanking,Failed,0
TXN04990,CUST0449,ACC0449,2024-08-02,45203.4,Credit,MERCH035,LOC018,DEV084,UPI,Success,0
TXN04991,CUST0003,ACC0003,2023-07-06,17602.8,Credit,MERCH062,LOC034,DEV045,Card,Success,0
TXN04992,CUST0317,ACC0317,2023-12-07,39484.66,Debit,MERCH098,LOC007,DEV186,NetBanking,Failed,0
TXN04993,CUST0002,ACC0002,2023-08-28,21936.01,Debit,MERCH001,LOC015,DEV131,Card,Success,0
TXN04994,CUST0420,ACC0420,2023-02-01,15235.81,Debit,MERCH056,LOC040,DEV141,Card,Success,0
TXN04995,CUST0481,ACC0481,2023-01-10,25649.75,Debit,MERCH002,LOC034,DEV106,Card,Success,0
TXN04996,CUST0398,ACC0398,2023-04-15,30755.2,Credit,MERCH093,LOC048,DEV129,NetBanking,Success,0
TXN04997,CUST0106,ACC0106,2024-10-01,39545.61,Debit,MERCH005,LOC011,DEV174,UPI,Success,0
TXN04998,CUST0242,ACC0242,2024-01-11,29423.24,Debit,MERCH052,LOC024,DEV115,UPI,Success,0
TXN04999,CUST0187,ACC0187,2024-01-09,16001.19,Credit,MERCH072,LOC005,DEV003,Card,Success,0
TXN05000,CUST0351,ACC0351,2024-11-13,24795.72,Debit,MERCH008,LOC022,DEV081,UPI,Failed,0
